arm,mechanism,plans_verified,plans_failed
shift,chawla_cip,32,0
shift,chawla_layering,14,2
shift,chawla_lpip,14,3
shift,chawla_ubp,0,0
shift,chawla_uip,20,0
shift,chawla_xos,31,0
shift,compute_metered,1560,0
shift,monopoly_per_asset,1502,0
shift,monotone_constrained,6,0
shift,qirana_shannon,20,0
shift,qirana_uniform_gain,20,0
shift,qirana_weighted_coverage,20,0
shift,querymarket_viewcover,0,0
shift,size_proportional,0,0
shift,uniform,0,0
stationary,chawla_cip,32,0
stationary,chawla_layering,14,2
stationary,chawla_lpip,14,3
stationary,chawla_ubp,0,0
stationary,chawla_uip,20,0
stationary,chawla_xos,31,0
stationary,compute_metered,1560,0
stationary,monopoly_per_asset,1502,0
stationary,monotone_constrained,6,0
stationary,qirana_shannon,20,0
stationary,qirana_uniform_gain,20,0
stationary,qirana_weighted_coverage,20,0
stationary,querymarket_viewcover,0,0
stationary,size_proportional,0,0
stationary,uniform,0,0
