arm,family,mechanism,revenue_train_norm_mean,revenue_naive_norm_mean,revenue_strategic_norm_mean,surplus_naive_norm_mean,welfare_naive_norm_mean,surplus_strategic_norm_mean,welfare_strategic_norm_mean,generalization_gap_mean,mono_violation_rate_mean,comb_violation_rate_mean,comb_mean_gain_mean,comb_max_gain_mean,served_naive_mean,served_strategic_mean,plans_verified_mean,plans_failed_mean,alpha_mean,alpha_at_grid_max_mean,unsellable_assets_mean,revenue_train_norm_sd,revenue_naive_norm_sd,revenue_strategic_norm_sd,surplus_naive_norm_sd,welfare_naive_norm_sd,surplus_strategic_norm_sd,welfare_strategic_norm_sd,generalization_gap_sd,mono_violation_rate_sd,comb_violation_rate_sd,comb_mean_gain_sd,comb_max_gain_sd,served_naive_sd,served_strategic_sd,plans_verified_sd,plans_failed_sd,alpha_sd,alpha_at_grid_max_sd,unsellable_assets_sd,comb_max_gain_global
shift,answer_cells,chawla_cip,0.5524775344937597,0.7964838739262288,0.7963894956967839,0.9640851761418245,1.760569050068053,0.9641795543712697,1.760569050068053,-0.3562964382150116,0.001694915254237288,0.005405405405405406,0.005266574535941464,0.9691795469790051,0.584,0.584,1.2,0.0,,0.0,0.0,0.07075541226778127,0.9818853901777229,0.9817700767315507,1.1852981555879758,2.1632598971552217,1.1854171578130248,2.1632598971552217,1.5214888559999213,0.0024387424646655376,0.0020144756554052157,0.0021135667380598943,0.06891662805228345,0.12030689922028581,0.12030689922028581,0.4472135954999579,0.0,,0.0,0.0,1.0
shift,answer_cells,chawla_layering,0.2215853584088637,0.14951850992539018,0.1495575256123403,1.8180282501955396,1.9675467601209298,1.8181361958269178,1.9676937214392585,0.3217594184348903,0.000423728813559322,0.002702702702702703,0.002596379255744523,0.5763961947752841,0.6769999999999999,0.67775,0.6,0.0,,0.0,0.0,0.10621497764818635,0.08707984000962582,0.08705096238970572,2.5111396559596963,2.5253226948637155,2.51105776138931,2.5252329029498872,0.2798142854447576,0.0005802145736283539,0.002467218727500748,0.0023795303718399186,0.5282557425484619,0.11434801594256018,0.11404289215027825,0.5477225575051661,0.0,,0.0,0.0,1.0
shift,answer_cells,chawla_lpip,0.5834029083620617,0.7677856576600944,0.7677856576600944,1.0974960679856323,1.8652817256457268,1.0976566411871336,1.8654422988472281,-0.306703400440626,0.000211864406779661,0.0009009009009009009,0.0009009009009009009,0.2,0.8077500000000001,0.8089999999999999,0.2,0.2,,0.0,0.0,0.08445960810475048,0.9680919060363778,0.9680919060363778,1.2475762654287557,2.213310089293299,1.2475305143320496,2.2132506612230625,1.6089884567474428,0.00047374321557198934,0.0020144756554052157,0.0020144756554052157,0.447213595499958,0.09412591301018017,0.09155514048921558,0.447213595499958,0.447213595499958,,0.0,0.0,1.0
shift,answer_cells,chawla_ubp,0.555221882057953,0.7862199505270161,0.7862199505270161,0.8229738772091272,1.6091938277361433,0.8229738772091272,1.6091938277361433,-0.39588907994213784,0.0,0.0,0.0,0.0,0.053000000000000005,0.053000000000000005,0.0,0.0,,0.0,0.0,0.08845282593598948,0.9701917044040926,0.9701917044040926,1.0641947511546677,2.033453278676552,1.0641947511546677,2.033453278676552,1.6303404904866425,0.0,0.0,0.0,0.0,0.051566098359290276,0.051566098359290276,0.0,0.0,,0.0,0.0,0.0
shift,answer_cells,chawla_uip,0.5382302544725016,0.7995753031351237,0.7995753031351237,0.8409570268758865,1.6405323300110097,0.8409570268758865,1.6405323300110097,-0.4499027737200514,0.0,0.0045045045045045045,0.003511385401149181,0.7795275590551182,0.2435,0.2435,1.0,0.0,,0.0,0.0,0.07582375811453311,1.0485404679874575,1.0485404679874575,1.1200827201320986,2.1662798284661537,1.1200827201320986,2.1662798284661537,1.8096586767394236,0.0,0.0,0.0,0.0,0.11593842654616283,0.11593842654616283,0.0,0.0,,0.0,0.0,0.7795275590551182
shift,answer_cells,chawla_xos,0.5985255351335668,0.7699890693129012,0.7699298865513327,0.9145461727301823,1.6845352420430835,0.914860455067234,1.684790341618567,-0.2395297291815869,0.001906779661016949,0.005405405405405406,0.0054053061028468226,0.9999779548319948,0.52125,0.523,1.2,0.0,,0.0,0.0,0.07687358479205093,0.9881677693487502,0.9880302208668594,1.2008958752674674,2.1875066535699252,1.2009028163928328,2.1873665469267216,1.4980748287444439,0.002637690592794223,0.0020144756554052157,0.002014531178695551,4.9294494235179515e-05,0.11933736317683576,0.11868287576563018,0.4472135954999579,0.0,,0.0,0.0,1.0
shift,answer_cells,compute_metered,0.6879802301827498,1.0057736050420496,1.0050668680721977,0.9121632855450255,1.9179368905870748,0.9134211499703634,1.9184880180425607,-0.4430082457983454,0.5015889830508474,0.35135135135135137,0.09826469781970087,0.9772624258968365,0.43599999999999994,0.43949999999999995,78.0,0.0,103.65205262473766,0.0,0.0,0.04904480341853442,1.0729382796528222,1.0732169573440173,0.8972290406463701,1.9699128017544594,0.8969927509558702,1.9699515961253182,1.4882308720064172,0.0,0.0,0.0,9.614813431917819e-17,0.06769878137751077,0.06705058724575051,0.0,0.0,14.538196662617993,0.0,0.0,0.9772624258968367
shift,answer_cells,monopoly_per_asset,1.0,0.6871395392768297,0.6851400341219241,0.7333455413794658,1.4204850806562956,0.7480005813703829,1.4331406154923072,0.3128604607231703,0.19088983050847458,0.309009009009009,0.19469413050750056,0.9867459171840081,0.506,0.6395,68.6,0.0,,0.0,0.0,0.0,0.735970976428198,0.7356537394166563,0.4074363791835047,1.1287733015981054,0.4039193214640397,1.1244298745126904,0.735970976428198,0.009640703536552187,0.014101329587836511,0.007976925276350414,0.0065184165723540305,0.03501562151383291,0.041913228818596146,3.1304951684997064,0.0,,0.0,0.0,0.9934332552073775
shift,answer_cells,monotone_constrained,0.9791132722237185,0.6868606973152551,0.6870547247449237,0.6995923205773324,1.3864530178925876,0.699627169017133,1.3866818937620566,0.30014642612126163,0.0,0.002702702702702703,0.0009841572672933934,0.21848291333913333,0.31025,0.311,0.6,0.0,,0.0,0.0,0.005032522845229752,0.7314335369185607,0.7313523586078863,0.4103139886137896,1.1288350258238284,0.41029263776600955,1.1287292569528156,0.7427490044449352,0.0,0.002467218727500748,0.0010760067077857911,0.23887348912844564,0.04502950421667999,0.045297626869406755,0.5477225575051661,0.0,,0.0,0.0,0.5489193836420349
shift,answer_cells,qirana_shannon,0.5492795968242492,0.7915817549086285,0.7915817549086285,0.8651823676955506,1.656764122604179,0.8651823676955506,1.656764122604179,-0.42073335501635273,0.0,0.0045045045045045045,0.00348778502138459,0.7742882747473789,0.24425,0.24425,1.0,0.0,109.78595241639724,0.0,0.0,0.079673847801223,0.9785166911317869,0.9785166911317869,1.3140261279923304,2.2906725301215687,1.3140261279923304,2.2906725301215687,1.6652670735650192,0.0,0.0,4.336808689942018e-19,5.551115123125783e-17,0.12129702696274133,0.12129702696274133,0.0,0.0,35.92761355134837,0.0,0.0,0.774288274747379
shift,answer_cells,qirana_uniform_gain,0.5409371980675703,0.803195520892903,0.803195520892903,0.837336809118107,1.6405323300110097,0.837336809118107,1.6405323300110097,-0.45341281374462045,0.0,0.0045045045045045045,0.003511385401149181,0.7795275590551182,0.2435,0.2435,1.0,0.0,103.82027692610275,0.0,0.0,0.07685709969705798,1.0465946744965673,1.0465946744965673,1.1225134263724401,2.1662798284661537,1.1225134263724401,2.1662798284661537,1.807681206288524,0.0,0.0,3.755786496842898e-19,9.614813431917819e-17,0.11593842654616283,0.11593842654616283,0.0,0.0,40.87169722728395,0.0,0.0,0.7795275590551182
shift,answer_cells,qirana_weighted_coverage,0.5409371980675703,0.803195520892903,0.803195520892903,0.837336809118107,1.6405323300110097,0.837336809118107,1.6405323300110097,-0.45341281374462045,0.0,0.0045045045045045045,0.003511385401149181,0.7795275590551182,0.2435,0.2435,1.0,0.0,103.82027692610275,0.0,0.0,0.07685709969705799,1.0465946744965673,1.0465946744965673,1.1225134263724401,2.1662798284661537,1.1225134263724401,2.1662798284661537,1.807681206288524,0.0,0.0,3.0665868333667484e-19,7.850462293418876e-17,0.11593842654616283,0.11593842654616283,0.0,0.0,40.87169722728396,0.0,0.0,0.7795275590551182
shift,answer_cells,querymarket_viewcover,0.5662770012374092,0.8239473025679711,0.8239473025679711,0.8879606004961309,1.7119079030641022,0.8879606004961309,1.7119079030641022,-0.3977566985199039,0.0,0.0,0.0,0.0,0.0715,0.0715,0.0,0.0,7864.803162761395,0.0,54.0,0.06689756106146556,1.0374315799572802,1.0374315799572802,1.1009515190047694,2.13467078418434,1.1009515190047694,2.13467078418434,1.6486547676996803,0.0,0.0,0.0,0.0,0.06739227515079158,0.06739227515079158,0.0,0.0,2860.7325226267017,0.0,0.0,0.0
shift,answer_cells,size_proportional,0.6794278684228366,0.9675810051498163,0.9675810051498163,1.0058259384847101,1.9734069436345263,1.0058259384847101,1.9734069436345263,-0.4008301792326561,0.0,0.0,0.0,0.0,0.64,0.64,0.0,0.0,71.06863140655544,0.0,0.0,0.06861138791622193,0.9949386891300769,0.9949386891300769,1.174015754188953,2.167315291502804,1.174015754188953,2.167315291502804,1.3592343407470346,0.0,0.0,0.0,0.0,0.05977170108002616,0.05977170108002616,0.0,0.0,8.306257393587746,0.0,0.0,0.0
shift,answer_cells,uniform,0.555221882057953,0.7862199505270161,0.7862199505270161,0.8229738772091272,1.6091938277361433,0.8229738772091272,1.6091938277361433,-0.39588907994213784,0.0,0.0,0.0,0.0,0.053000000000000005,0.053000000000000005,0.0,0.0,53.45672806089823,0.0,0.0,0.08845282593598942,0.9701917044040927,0.9701917044040927,1.0641947511546677,2.033453278676552,1.0641947511546677,2.033453278676552,1.6303404904866425,0.0,0.0,0.0,0.0,0.051566098359290276,0.051566098359290276,0.0,0.0,5.687551369787953,0.0,0.0,0.0
shift,flat,chawla_cip,0.4337438384699063,0.3906158325103021,0.3893591452603139,0.8805048994653741,1.2711207319756763,0.8837295780227065,1.2730887232830201,0.0946523878446321,0.007838983050847457,0.009009009009009009,0.00816308730703402,1.0,0.63475,0.6365000000000001,2.0,0.0,,0.0,0.0,0.02684858644039583,0.08305463882255276,0.08300869056609415,0.2472660212534641,0.19990709252287933,0.24795633706850073,0.19795887649807836,0.2079750400051959,0.0033790546414696147,0.0,0.0012054041049761796,0.0,0.12023219722686598,0.11995897736309694,0.0,0.0,,0.0,0.0,1.0
shift,flat,chawla_layering,0.28086643066699934,0.21970721704818813,0.21909880645158833,0.98783176391843,1.2075389809666182,0.9896466907234291,1.2087454971750176,0.22350365241813147,0.000635593220338983,0.0045045045045045045,0.003506052389087501,0.6380315968046248,0.64325,0.6447499999999999,1.0,0.2,,0.0,0.0,0.018833547318897657,0.0855572012780952,0.08527511174688492,0.2506048265923638,0.24006312716057038,0.24947270849081848,0.23895599064601772,0.297827014474984,0.0004431462004947434,0.003185165681020484,0.003106453591655735,0.5001845824999112,0.12835071581413174,0.12767573673176902,0.7071067811865476,0.4472135954999579,,0.0,0.0,1.0
shift,flat,chawla_lpip,0.544644931374584,0.47197666337320554,0.47093248076653893,0.9958555756229577,1.4678322389961633,0.9970790062330952,1.4680114869996341,0.12794978179301722,0.0013771186440677966,0.005405405405405406,0.0036485493976642,0.8055556882438747,0.75875,0.75925,1.2,0.0,,0.0,0.0,0.02811605542958159,0.06395204744913419,0.06299347419598826,0.07975359654252011,0.06364619715699074,0.07819323646244164,0.06356762178806581,0.15362324057920895,0.0014792627165009472,0.0020144756554052157,0.001928136498952302,0.42562724239610117,0.057642486500844164,0.0571702501306405,0.4472135954999579,0.0,,0.0,0.0,1.0
shift,flat,chawla_ubp,0.7365049218452436,0.7164357702591676,0.7164357702591676,0.5942929071099992,1.3107286773691669,0.5942929071099992,1.3107286773691669,0.027186299671659288,0.0,0.0,0.0,0.0,0.57725,0.57725,0.0,0.0,,0.0,0.0,0.0063454715881817786,0.0355309692688968,0.0355309692688968,0.07235110749436639,0.10059221175955647,0.07235110749436639,0.10059221175955647,0.048896146288565145,0.0,0.0,0.0,0.0,0.056874313182666225,0.056874313182666225,0.0,0.0,,0.0,0.0,0.0
shift,flat,chawla_uip,0.3415732419634914,0.340388422807249,0.339130512946969,1.0885945096283833,1.4289829324356325,1.0904851522675512,1.4296156652145204,0.002143298636123303,0.0,0.0045045045045045045,0.003511385401149181,0.7795275590551182,0.783,0.784,1.0,0.0,,0.0,0.0,0.044635166928365194,0.06407248101185022,0.06413887762597349,0.13599010461074526,0.08356470734889966,0.13599556538184124,0.08371425356288098,0.16115084301071747,0.0,0.0,4.336808689942018e-19,1.1102230246251565e-16,0.08041202490921368,0.08117977734633175,0.0,0.0,,0.0,0.0,0.7795275590551182
shift,flat,chawla_xos,0.4783795306745732,0.46032070054336016,0.4596743741892392,0.7571764490078238,1.2174971495511842,0.7596259709615938,1.219300345150833,0.0321916205925137,0.004766949152542372,0.008108108108108109,0.005624375069615932,0.9781542336573583,0.5795,0.581,1.8,0.0,,0.0,0.0,0.036657969937160396,0.05378960372332413,0.051284120811801705,0.14934434711297037,0.16676799139509632,0.14902895648999667,0.16461284577043894,0.14491889176087436,0.005777919552243493,0.002014475655405216,0.0010656750867757644,0.040264116279060055,0.08275339872174434,0.08194605695211947,0.4472135954999579,0.0,,0.0,0.0,1.0
shift,flat,compute_metered,0.5219480812258154,0.479388036698243,0.4707625615950791,0.5976944473109487,1.0770824840091917,0.6781512393443047,1.1489138009393838,0.07208064688765459,0.5015889830508474,0.35135135135135137,0.09826469781970087,0.9772624258968365,0.5287499999999999,0.585,78.0,0.0,12903.940663226875,0.0,0.0,0.059623965958062866,0.046205049004548554,0.04219660570980714,0.1984611628521211,0.20867087080190158,0.18677619061955694,0.19801057909938222,0.14009004311947287,0.0,0.0,0.0,7.850462293418876e-17,0.13274446786966304,0.1326767688783534,0.0,0.0,3014.778008282794,0.0,0.0,0.9772624258968367
shift,flat,monopoly_per_asset,1.0,0.6065125567846339,0.5890854728317731,0.522138927187451,1.1286514839720847,0.7387091524734728,1.327794625305246,0.3934874432153661,0.4207627118644067,0.363063063063063,0.19286070522974644,0.8930583008000464,0.48825,0.6505,80.6,0.0,,0.0,0.0,0.0,0.03778690268400879,0.022658505549403473,0.05276727162064087,0.08341930210363399,0.058009783627667545,0.06712323180992628,0.03778690268400878,0.022893980941057483,0.015797908033108297,0.017106262730258812,0.028140610425674065,0.038675331284941855,0.02482123586770007,3.5071355833500375,0.0,,0.0,0.0,0.9402321333891461
shift,flat,monotone_constrained,0.5709837449062216,0.37827466881893523,0.37827466881893523,0.2524208844738828,0.630695553292818,0.2524208844738828,0.630695553292818,0.3340435201503594,0.0,0.0,0.0,0.0,0.231,0.231,0.0,0.0,,0.0,0.0,0.050787675667368665,0.03487853824377848,0.03487853824377848,0.05785825793509087,0.09232065779438872,0.05785825793509087,0.09232065779438872,0.07893982842884092,0.0,0.0,0.0,0.0,0.03668276161904934,0.03668276161904934,0.0,0.0,,0.0,0.0,0.0
shift,flat,qirana_shannon,0.34985655742526944,0.32785529852221473,0.3275612952176934,0.924607870951245,1.2524631694734596,0.9264391221897202,1.2540004174074137,0.07196559057987613,0.0,0.0045045045045045045,0.00348778502138459,0.7742882747473789,0.66325,0.6649999999999999,1.0,0.0,469.40240779852576,0.0,0.0,0.047945738853536916,0.0825163220129247,0.08127445247163145,0.279963980591994,0.3032701196572627,0.28004639443493207,0.30203287331668965,0.14808439406827956,0.0,0.0,4.84869951806108e-19,5.551115123125783e-17,0.18411231286907456,0.1834308452796312,0.0,0.0,269.54543789125114,0.0,0.0,0.774288274747379
shift,flat,qirana_uniform_gain,0.342055422598376,0.34022802751762427,0.33896966198157974,1.0887549049180083,1.4289829324356325,1.0906460032329406,1.4296156652145204,0.004313658265558651,0.0,0.0045045045045045045,0.003511385401149181,0.7795275590551181,0.783,0.784,1.0,0.0,269.55475354716475,0.0,0.0,0.044069702196958514,0.06496739684706822,0.06502170526219835,0.13685895507418053,0.08356470734889974,0.13685900255212005,0.08371425356288115,0.16413601404009645,0.0,0.0,2.168404344971009e-19,5.551115123125783e-17,0.08041202490921368,0.08117977734633175,0.0,0.0,97.28529261567103,0.0,0.0,0.7795275590551182
shift,flat,qirana_weighted_coverage,0.342055422598376,0.34022802751762427,0.33896966198157974,1.088754904918008,1.4289829324356325,1.0906460032329406,1.4296156652145202,0.004313658265558606,0.0,0.0045045045045045045,0.003511385401149181,0.7795275590551181,0.783,0.784,1.0,0.0,269.55475354716475,0.0,0.0,0.044069702196958514,0.06496739684706819,0.0650217052621983,0.13685895507418036,0.08356470734889967,0.13685900255211997,0.08371425356288108,0.16413601404009637,0.0,0.0,0.0,0.0,0.08041202490921368,0.08117977734633175,0.0,0.0,97.28529261567103,0.0,0.0,0.7795275590551181
shift,flat,querymarket_viewcover,0.42792584705696496,0.3566571344751011,0.3566571344751011,0.5654061761342348,0.9220633106093359,0.5654061761342348,0.9220633106093359,0.1551536666386298,0.0,0.0,0.0,0.0,0.45375,0.45375,0.0,0.0,25684.312492376706,0.0,54.0,0.0639550002685713,0.05951088352869285,0.05951088352869285,0.025845378698159192,0.07090575790216773,0.025845378698159192,0.07090575790216773,0.16171790416920975,0.0,0.0,0.0,0.0,0.029355046414543444,0.029355046414543444,0.0,0.0,5050.527348840695,0.0,0.0,0.0
shift,flat,size_proportional,0.2457046108697246,0.15011811978537498,0.15011811978537498,0.5577944979846171,0.707912617769992,0.5577944979846171,0.707912617769992,0.38037136222127793,0.0,0.0,0.0,0.0,0.384,0.384,0.0,0.0,188145.85949449585,0.0,0.0,0.029540373072609847,0.03847557551101555,0.03847557551101555,0.31557826407254624,0.33142621493357194,0.31557826407254624,0.33142621493357194,0.1764696780443389,0.0,0.0,0.0,0.0,0.18391446721234303,0.18391446721234303,0.0,0.0,300566.1759359261,0.0,0.0,0.0
shift,flat,uniform,0.7365049218452436,0.7164357702591676,0.7164357702591676,0.5942929071099992,1.3107286773691669,0.5942929071099992,1.3107286773691669,0.027186299671659288,0.0,0.0,0.0,0.0,0.57725,0.57725,0.0,0.0,89.05059443787016,0.0,0.0,0.0063454715881817786,0.0355309692688968,0.0355309692688968,0.07235110749436639,0.10059221175955647,0.07235110749436639,0.10059221175955647,0.048896146288565145,0.0,0.0,0.0,0.0,0.056874313182666225,0.056874313182666225,0.0,0.0,7.935039583482149,0.0,0.0,0.0
shift,rows_x_log_support,chawla_cip,0.5101094636764384,0.691475152570511,0.6912402821616265,0.8001455724508256,1.4916207250213367,0.80044465733164,1.4916849394932665,-0.32647726261720206,0.001059322033898305,0.005405405405405406,0.004519089774103949,0.8032379298510766,0.54175,0.542,1.2,0.0,,0.0,0.0,0.05362779262652338,0.6828215251154288,0.6823908365557855,0.8865129898014246,1.5675672260849718,0.8869232252008985,1.5675314029046332,1.2247161032187668,0.0023687160778599467,0.0020144756554052157,0.0031594454473011326,0.4399733642465749,0.14173754354439752,0.14143129957686168,0.4472135954999579,0.0,,0.0,0.0,1.0
shift,rows_x_log_support,chawla_layering,0.2801472785799991,0.19655813638066494,0.19673624985704155,1.489940007645706,1.686498144026371,1.4905044398650351,1.6872406897220766,0.286038350431411,0.000423728813559322,0.0036036036036036037,0.003304093335695195,0.7335087205243334,0.67825,0.6795,0.8,0.0,,0.0,0.0,0.10463807109114193,0.07611742697551645,0.07554053792535514,1.816891613484001,1.8226234179395897,1.8164805283886762,1.822252831218889,0.14242607543975244,0.0005802145736283539,0.002014475655405216,0.001951421910583401,0.433215664149515,0.09390237616801826,0.09342694338358716,0.4472135954999579,0.0,,0.0,0.0,1.0
shift,rows_x_log_support,chawla_lpip,0.5557865832973794,0.5572998098440166,0.5572998098440166,1.2077311537759183,1.7650309636199353,1.2082973963617916,1.7655972062058083,-0.038307862501493165,0.000211864406779661,0.0009009009009009009,0.0009009009009009009,0.2,0.6615,0.66275,0.2,0.4,,0.0,0.0,0.06407568211849612,0.447590298961893,0.447590298961893,1.3966449150431628,1.8427932889894232,1.3963086223256667,1.8424634045210404,0.8830148685998296,0.00047374321557198934,0.0020144756554052157,0.0020144756554052157,0.447213595499958,0.1555996465291615,0.15327008432828632,0.447213595499958,0.5477225575051661,,0.0,0.0,1.0
shift,rows_x_log_support,chawla_ubp,0.49908625340977836,0.6643487763688756,0.6643487763688756,0.5062427007698687,1.170591477138744,0.5062427007698687,1.170591477138744,-0.42503178835110694,0.0,0.0,0.0,0.0,0.04925,0.04925,0.0,0.0,,0.0,0.0,0.10424876744388381,0.7656831771184419,0.7656831771184419,0.584666580277378,1.3498739432555193,0.584666580277378,1.3498739432555193,1.7349652834833686,0.0,0.0,0.0,0.0,0.04543711313452914,0.04543711313452914,0.0,0.0,,0.0,0.0,0.0
shift,rows_x_log_support,chawla_uip,0.5059088167423075,0.6035751910543752,0.604367592805891,0.8631163117539163,1.4666915028082914,0.8638871311148121,1.4682547239207029,-0.2311589928966027,0.0,0.0045045045045045045,0.003511385401149181,0.7795275590551183,0.3045,0.3055,1.0,0.0,,0.0,0.0,0.07850450542111201,0.6150142126899201,0.615295297528854,1.2227469566047244,1.8372922070483426,1.2237694351629909,1.8386101601738893,1.267592685089304,0.0,0.0,3.755786496842898e-19,9.614813431917819e-17,0.16333583118838316,0.16393024431141437,0.0,0.0,,0.0,0.0,0.7795275590551183
shift,rows_x_log_support,chawla_xos,0.5620578361913011,0.7283296656950988,0.728320904594945,0.6882879613551307,1.4166176270502295,0.688626686800837,1.4169475913957819,-0.2721812815077871,0.001271186440677966,0.005405405405405406,0.004753754877541568,0.7887272159810641,0.46224999999999994,0.46274999999999994,1.2,0.0,,0.0,0.0,0.08554204454903357,0.7968634361391201,0.7968680740698953,0.7905892758817499,1.5858301491449,0.7904288462378006,1.5856504779697167,1.3023968627964095,0.002296555443715974,0.0037687388582616013,0.003262873888227213,0.4415868955123328,0.1803867373173538,0.1811775717355766,0.8366600265340756,0.0,,0.0,0.0,1.0
shift,rows_x_log_support,compute_metered,0.5829833742859967,0.7372498867208102,0.7368649415847409,0.9003144244186647,1.6375643111394749,0.9022372401941532,1.6391021817788942,-0.3315690635993846,0.5015889830508474,0.35135135135135137,0.09826469781970087,0.9772624258968365,0.5515,0.565,78.0,0.0,158.03901060247622,0.0,0.0,0.06795462688029064,0.7086738650193245,0.7092269395400563,0.605978925640139,1.3080033644206936,0.6060234809649706,1.3085672176204652,1.388411162484025,0.0,0.0,0.0,9.614813431917819e-17,0.07653838906065373,0.07661286608657843,0.0,0.0,28.714110766044204,0.0,0.0,0.9772624258968367
shift,rows_x_log_support,monopoly_per_asset,1.0,0.6237754055260243,0.6192507811934176,0.7063894007769375,1.3301648063029616,0.7473161097378641,1.3665668909312818,0.3762245944739757,0.19057203389830507,0.33063063063063064,0.19793093727175246,0.9634174312403065,0.516,0.661,73.4,0.0,,0.0,0.0,0.0,0.5315719212214713,0.5315976060393692,0.3552573316511965,0.8786497738064821,0.34335352976347516,0.8659928244256174,0.5315719212214713,0.009833738419554525,0.016733491550456506,0.009561278542150088,0.0174962701803464,0.041583876081962304,0.0474127488129511,3.7148351242013424,0.0,,0.0,0.0,0.9823836517176747
shift,rows_x_log_support,monotone_constrained,0.9567371136736386,0.6126410726581961,0.6132700842037309,0.6470856683415838,1.2597267409997799,0.6472981793567752,1.260568263560506,0.36196866913965886,0.0,0.002702702702702703,0.0012613844383647745,0.2800273453169799,0.3225,0.3235,0.6,0.0,,0.0,0.0,0.01243064866962375,0.5244327942510445,0.524223772474001,0.35689029412859025,0.8744582269841804,0.3567692281993947,0.8740928878619552,0.5401716880050201,0.0,0.002467218727500748,0.0012540156534692315,0.27839147507016937,0.05173550521643719,0.05208466664960043,0.5477225575051661,0.0,,0.0,0.0,0.6216854569860718
shift,rows_x_log_support,qirana_shannon,0.5038242534990898,0.5658698662353496,0.5663017653835107,0.8801890943412729,1.446058960576623,0.8807799459820261,1.447081711365537,-0.16405741063281476,0.0,0.0045045045045045045,0.00348778502138459,0.774288274747379,0.29100000000000004,0.2915,1.0,0.0,132.4786341668625,0.0,0.0,0.07827898486115269,0.5385241949266957,0.5389381846330868,1.3462334865761103,1.8838612560157102,1.3473748870492352,1.8854292374888124,1.1298781807283362,0.0,0.0,4.336808689942018e-19,5.551115123125783e-17,0.1641417070704457,0.16479011271917984,0.0,0.0,48.39883483937701,0.0,0.0,0.774288274747379
shift,rows_x_log_support,qirana_uniform_gain,0.5075877028302032,0.6030149815667178,0.6038079545956224,0.8625423795321027,1.4655573610988204,0.8633126276156095,1.4671205822112319,-0.22861422348863486,0.0,0.0045045045045045045,0.003511385401149181,0.7795275590551182,0.3045,0.3055,1.0,0.0,132.05311943508542,0.0,0.0,0.079535835329485,0.6154371290689703,0.6157190774893485,1.2231168260058454,1.8381179432307053,1.2241395808145208,1.8394365095121994,1.269494205586981,0.0,0.0,3.0665868333667484e-19,7.850462293418876e-17,0.16348642910039962,0.16408029665380303,0.0,0.0,65.11646508800027,0.0,0.0,0.7795275590551182
shift,rows_x_log_support,qirana_weighted_coverage,0.5075877028302032,0.6030149815667178,0.6038079545956224,0.8625423795321027,1.4655573610988204,0.8633126276156095,1.4671205822112319,-0.22861422348863486,0.0,0.0045045045045045045,0.003511385401149181,0.7795275590551182,0.3045,0.3055,1.0,0.0,132.05311943508542,0.0,0.0,0.079535835329485,0.6154371290689703,0.6157190774893485,1.2231168260058454,1.8381179432307053,1.2241395808145208,1.8394365095121994,1.269494205586981,0.0,0.0,3.0665868333667484e-19,7.850462293418876e-17,0.16348642910039962,0.16408029665380303,0.0,0.0,65.11646508800027,0.0,0.0,0.7795275590551182
shift,rows_x_log_support,querymarket_viewcover,0.49105936853042237,0.7005987280279851,0.7005987280279851,0.5601953034811735,1.2607940315091586,0.5601953034811735,1.2607940315091586,-0.4697217594047228,0.0,0.0,0.0,0.0,0.0615,0.0615,0.0,0.0,12673.239639840662,0.0,54.0,0.06567468626188529,0.7802491928933712,0.7802491928933712,0.6757005614416914,1.4557615364692442,0.6757005614416914,1.4557615364692442,1.674721422430619,0.0,0.0,0.0,0.0,0.061430855439266026,0.061430855439266026,0.0,0.0,1314.3142281099592,0.0,0.0,0.0
shift,rows_x_log_support,size_proportional,0.6350614862916256,0.860293089140613,0.860293089140613,0.8178700335726148,1.678163122713228,0.8178700335726148,1.678163122713228,-0.3936831536023838,0.0,0.0,0.0,0.0,0.9215,0.9215,0.0,0.0,113.92949595609916,0.0,0.0,0.05442552763070805,0.776487440509672,0.776487440509672,0.6120415247581439,1.3860917704752727,0.6120415247581439,1.3860917704752727,1.317489788255216,0.0,0.0,0.0,0.0,0.0296516230584432,0.0296516230584432,0.0,0.0,13.89116440677467,0.0,0.0,0.0
shift,rows_x_log_support,uniform,0.49908625340977836,0.6643487763688756,0.6643487763688756,0.5062427007698687,1.170591477138744,0.5062427007698687,1.170591477138744,-0.42503178835110694,0.0,0.0,0.0,0.0,0.04925,0.04925,0.0,0.0,84.56273260984044,0.0,0.0,0.10424876744388381,0.7656831771184419,0.7656831771184419,0.584666580277378,1.3498739432555193,0.584666580277378,1.3498739432555193,1.7349652834833686,0.0,0.0,0.0,0.0,0.04543711313452914,0.04543711313452914,0.0,0.0,11.95293814831666,0.0,0.0,0.0
shift,support_rows,chawla_cip,0.44705585142446297,0.41493405962876917,0.41424839533525687,0.9518183483169075,1.3667524079456768,0.9548182680039581,1.369066663339215,0.07280078822111835,0.00836864406779661,0.009009009009009009,0.008433186248502839,1.0,0.66675,0.66925,2.0,0.0,,0.0,0.0,0.04638098358678466,0.119113788136667,0.11950843900205661,0.3343517269843921,0.4322363977379171,0.3343403185710053,0.4316461090414487,0.2469407400291464,0.00402333241839681,0.0,0.0008039897742028271,0.0,0.10985644041202137,0.10944319302725043,0.0,0.0,,0.0,0.0,1.0
shift,support_rows,chawla_layering,0.2296715298004896,0.17772827884938197,0.1779456936053021,1.2385160741910004,1.4162443530403825,1.2399266624594685,1.4178723560647708,0.18325326764437913,0.0006355932203389831,0.0018018018018018018,0.0015220272772212841,0.3378900555431251,0.7505,0.752,0.4,0.2,,0.0,0.0,0.0522809148075252,0.0422315651971021,0.04228674417316412,0.46222306530634744,0.43342184703475767,0.46195863238525225,0.432737285291424,0.3158968991585478,0.0005802145736283539,0.002467218727500748,0.002142001111816673,0.47552424682330136,0.12122937968990849,0.11934587341001779,0.5477225575051661,0.447213595499958,,0.0,0.0,1.0
shift,support_rows,chawla_lpip,0.5688078697465179,0.44898578518658416,0.4480870990642852,0.9989716473561169,1.4479574325427007,1.0003286022422506,1.4484157013065357,0.205711436205564,0.001059322033898305,0.005405405405405406,0.003797731832095824,0.7931719556471764,0.672,0.67275,1.2,0.0,,0.0,0.0,0.0224840422481488,0.10551607571153512,0.10601120916463586,0.4322488668106706,0.5072148201549962,0.4310346670407025,0.5066213692054585,0.21394010764385715,0.0012973992281690562,0.0020144756554052157,0.0021378294032565353,0.4386169549004264,0.1435884962314182,0.14278863312603007,0.4472135954999579,0.0,,0.0,0.0,1.0
shift,support_rows,chawla_ubp,0.6173326848526107,0.6157080132002128,0.6157080132002128,0.7351413783715137,1.3508493915717266,0.7351413783715137,1.3508493915717266,0.008246438582283244,0.0,0.0,0.0,0.0,0.4915,0.4915,0.0,0.0,,0.0,0.0,0.05799621968697995,0.13476938583953,0.13476938583953,0.34064754030223215,0.4716269809655251,0.34064754030223215,0.4716269809655251,0.1577495021721605,0.0,0.0,0.0,0.0,0.09993904392178264,0.09993904392178264,0.0,0.0,,0.0,0.0,0.0
shift,support_rows,chawla_uip,0.34945145870420313,0.3339464902200326,0.33281263738106837,1.0498739211034187,1.3838204113234513,1.0517248738713554,1.3845375112524239,0.059695788782387994,0.0,0.0045045045045045045,0.003511385401149181,0.7795275590551182,0.681,0.68225,1.0,0.0,,0.0,0.0,0.046436043659187604,0.12177573564762109,0.12133287910081243,0.44577997752358894,0.5474181426029547,0.44658535600926297,0.5475745575859444,0.24778541800824824,0.0,0.0,5.311484201212962e-19,1.3597399555105182e-16,0.21822329447151145,0.21894170171531963,0.0,0.0,,0.0,0.0,0.7795275590551183
shift,support_rows,chawla_xos,0.5188956205527934,0.47086261911671323,0.4705873743728726,0.7926781962720864,1.2635408153887997,0.7946244317433743,1.265211806116247,0.08339602776736114,0.001483050847457627,0.009009009009009009,0.005635838995845117,0.9836888072598692,0.5495,0.5509999999999999,2.0,0.0,,0.0,0.0,0.046719268269053156,0.1264501448122829,0.12670196303928366,0.3561362646833319,0.4803541267053446,0.3552189809639603,0.47931018256636465,0.26878716931746216,0.0021966569230220043,0.0,0.0005292689507784933,0.022412497689261315,0.12723194862140566,0.12634093259905912,0.0,0.0,,0.0,0.0,1.0
shift,support_rows,compute_metered,0.5167419636596927,0.44347958879811766,0.43561294696487485,0.5950029354639719,1.0384825242620894,0.6882379071414164,1.123850854106291,0.13982571975799865,0.5015889830508474,0.35135135135135137,0.09826469781970086,0.9772624258968365,0.47424999999999995,0.53125,78.0,0.0,237.28496349350877,0.0,0.0,0.042999073630207496,0.03149853806634968,0.03225191389850021,0.20770519215271957,0.2281377014951926,0.20091842925676573,0.2144657343325862,0.0539029715075369,0.0,0.0,9.813077866773595e-18,7.850462293418876e-17,0.0985385394147894,0.09162167456448284,0.0,0.0,34.709855766752504,0.0,0.0,0.9772624258968367
shift,support_rows,monopoly_per_asset,1.0,0.5819959412834945,0.5290210594865508,0.6543150373903184,1.236310978673813,0.8657113988834372,1.3947324583699878,0.4180040587165056,0.4189618644067797,0.3504504504504505,0.20161291154597522,0.9642105187995009,0.50525,0.649,77.8,0.0,,0.0,0.0,0.0,0.12552183064728195,0.09068356247888457,0.23370522016040637,0.3492525184775746,0.22708528100561504,0.31451187961760796,0.12552183064728198,0.030674644566886147,0.0154077760148532,0.007613109469473019,0.01436662429810087,0.03703250261594536,0.03512700172232183,3.4205262752974126,0.0,,0.0,0.0,0.9784028972250278
shift,support_rows,monotone_constrained,0.6394932762328299,0.38584407448861674,0.38584407448861674,0.382485260808576,0.7683293352971927,0.382485260808576,0.7683293352971927,0.4004608594329281,0.0,0.0,0.0,0.0,0.24675000000000002,0.24675000000000002,0.0,0.0,,0.0,0.0,0.043691966678190544,0.15487086348575316,0.15487086348575316,0.20046342225349006,0.34794283650377295,0.20046342225349006,0.34794283650377295,0.21964336803492376,0.0,0.0,0.0,0.0,0.032181128010062045,0.032181128010062045,0.0,0.0,,0.0,0.0,0.0
shift,support_rows,qirana_shannon,0.3538760047138119,0.36578826538562065,0.36470675256726415,1.1008344511565906,1.466622716542211,1.1028500123972491,1.4675567649645136,-0.027176373681579925,0.0,0.0045045045045045045,0.00348778502138459,0.774288274747379,0.738,0.7394999999999999,1.0,0.0,5.955408947047121,0.0,0.0,0.050372305249322576,0.10615733043567169,0.10578078117732351,0.35236676893113816,0.43588508702347717,0.3528045616802858,0.43571435544264225,0.2152118171900745,0.0,0.0,4.336808689942018e-19,9.614813431917819e-17,0.08855877285735163,0.08907773992418083,0.0,0.0,1.8321989305410595,0.0,0.0,0.774288274747379
shift,support_rows,qirana_uniform_gain,0.3496171583193378,0.33390772087476833,0.33277502299323947,1.0500918117103697,1.3839995325851384,1.0519416095208713,1.384716632514111,0.06017407865416646,0.0,0.0045045045045045045,0.003511385401149181,0.7795275590551181,0.68125,0.6825,1.0,0.0,9.753425341569395,0.0,0.0,0.04655397748948395,0.12181315571884721,0.12137104001590879,0.44590725447713214,0.5475832499406194,0.4467127006256221,0.5477398921036737,0.2480822688635779,0.0,0.0,2.168404344971009e-19,5.551115123125783e-17,0.21830848300054673,0.21902839427800228,0.0,0.0,10.792970817968264,0.0,0.0,0.7795275590551182
shift,support_rows,qirana_weighted_coverage,0.3496171583193378,0.33390772087476833,0.33277502299323947,1.0500918117103697,1.3839995325851384,1.0519416095208713,1.384716632514111,0.06017407865416642,0.0,0.0045045045045045045,0.003511385401149181,0.7795275590551182,0.68125,0.6825,1.0,0.0,9.753425341569395,0.0,0.0,0.046553977489483915,0.1218131557188472,0.12137104001590879,0.44590725447713214,0.5475832499406194,0.44671270062562213,0.5477398921036737,0.24808226886357787,0.0,0.0,3.0665868333667484e-19,7.850462293418876e-17,0.21830848300054673,0.21902839427800228,0.0,0.0,10.792970817968264,0.0,0.0,0.7795275590551182
shift,support_rows,querymarket_viewcover,0.5177677749977188,0.4201578452704776,0.4201578452704776,0.5707543447326804,0.9909121900031581,0.5707543447326804,0.9909121900031581,0.19552615222258501,0.0,0.0,0.0,0.0,0.5237499999999999,0.5237499999999999,0.0,0.0,387.1589358514554,0.0,54.0,0.024006207475177045,0.15275160737238244,0.15275160737238244,0.15265671284198173,0.30293003633091975,0.15265671284198173,0.30293003633091975,0.25670222161477524,0.0,0.0,0.0,0.0,0.06353517726425258,0.06353517726425258,0.0,0.0,78.8773885985602,0.0,0.0,0.0
shift,support_rows,size_proportional,0.2690279605698336,0.17375895210260486,0.17375895210260486,0.8973862376542223,1.0711451897568272,0.8973862376542223,1.0711451897568272,0.3175087911936584,0.0,0.0,0.0,0.0,0.56925,0.56925,0.0,0.0,535.1638402761695,0.0,0.0,0.04645838731536862,0.04663393554727501,0.04663393554727501,0.5313428181442893,0.5680921830550897,0.5313428181442893,0.5680921830550897,0.2963656748897784,0.0,0.0,0.0,0.0,0.24936262500623463,0.24936262500623463,0.0,0.0,645.9520787364601,0.0,0.0,0.0
shift,support_rows,uniform,0.6173326848526106,0.6157080132002128,0.6157080132002128,0.7351413783715137,1.3508493915717266,0.7351413783715137,1.3508493915717266,0.008246438582283267,0.0,0.0,0.0,0.0,0.4915,0.4915,0.0,0.0,1.8242833709229527,0.0,0.0,0.05799621968697991,0.13476938583952996,0.13476938583952996,0.34064754030223215,0.4716269809655251,0.34064754030223215,0.4716269809655251,0.1577495021721605,0.0,0.0,0.0,0.0,0.09993904392178264,0.09993904392178264,0.0,0.0,0.3428807096377779,0.0,0.0,0.0
stationary,answer_cells,chawla_cip,0.5524775344937597,0.5082002270851784,0.5067589100423519,0.5602353654146872,1.0684355924998656,0.5623213081916358,1.0690802182339878,0.08731587791848953,0.001694915254237288,0.005405405405405406,0.005266574535941464,0.9691795469790051,0.453,0.45675,1.2,0.0,,0.0,0.0,0.07075541226778127,0.16367183288242473,0.1621604787913293,0.22219914351666994,0.3297231058723363,0.2237126747666504,0.33038386720522367,0.22855030123670858,0.0024387424646655376,0.0020144756554052157,0.0021135667380598943,0.06891662805228345,0.0908363913858317,0.09341858086055471,0.4472135954999579,0.0,,0.0,0.0,1.0
stationary,answer_cells,chawla_layering,0.2215853584088637,0.17595578624547178,0.17604924256259846,0.6996485691656731,0.8756043554111448,0.6999076838086482,0.8759569263712466,0.1405189725171898,0.000423728813559322,0.002702702702702703,0.002596379255744523,0.5763961947752841,0.70775,0.70925,0.6,0.0,,0.0,0.0,0.10621497764818635,0.08625809564588373,0.08618420760816468,0.38752608528026605,0.34284068202006174,0.38742991806475285,0.3427982272335188,0.40112113309902897,0.0005802145736283539,0.002467218727500748,0.0023795303718399186,0.5282557425484619,0.05126828941948426,0.05020738242529678,0.5477225575051661,0.0,,0.0,0.0,1.0
stationary,answer_cells,chawla_lpip,0.5834029083620617,0.49407101212152843,0.49407101212152843,0.6445791669762178,1.1386501790977461,0.6446787167446301,1.1387497288661586,0.16080280517770468,0.000211864406779661,0.0009009009009009009,0.0009009009009009009,0.2,0.8009999999999999,0.8012499999999999,0.2,0.2,,0.0,0.0,0.08445960810475048,0.16088157056460126,0.16088157056460126,0.2361506966863264,0.382339770112702,0.23620653068383615,0.38235640618619837,0.20071724858568632,0.00047374321557198934,0.0020144756554052157,0.0020144756554052157,0.447213595499958,0.09676970083657388,0.0963676229342615,0.447213595499958,0.447213595499958,,0.0,0.0,1.0
stationary,answer_cells,chawla_ubp,0.555221882057953,0.486724942573374,0.486724942573374,0.483711038227791,0.9704359808011649,0.483711038227791,0.9704359808011649,0.13406479434482382,0.0,0.0,0.0,0.0,0.041,0.041,0.0,0.0,,0.0,0.0,0.08845282593598948,0.18472005924429924,0.18472005924429924,0.19482223866851286,0.3754606720215393,0.19482223866851286,0.3754606720215393,0.23635304852226025,0.0,0.0,0.0,0.0,0.02528586561698057,0.02528586561698057,0.0,0.0,,0.0,0.0,0.0
stationary,answer_cells,chawla_uip,0.5382302544725016,0.41629389212187434,0.41629389212187434,0.46949914422515426,0.8857930363470284,0.46949914422515426,0.8857930363470284,0.2387755640899968,0.0,0.0045045045045045045,0.003511385401149181,0.7795275590551182,0.24100000000000002,0.24100000000000002,1.0,0.0,,0.0,0.0,0.07582375811453311,0.2004225698222601,0.2004225698222601,0.28887634155259406,0.46643126378254035,0.28887634155259406,0.46643126378254035,0.30677048313665917,0.0,0.0,0.0,0.0,0.07442697763580086,0.07442697763580086,0.0,0.0,,0.0,0.0,0.7795275590551182
stationary,answer_cells,chawla_xos,0.5985255351335668,0.516038815501436,0.5146222287452467,0.4754279048947801,0.9914667203962162,0.4777363054176315,0.9923585341628781,0.1479900485460535,0.001906779661016949,0.005405405405405406,0.0054053061028468226,0.9999779548319948,0.41375,0.4185,1.2,0.0,,0.0,0.0,0.07687358479205093,0.17917762075942417,0.17782073788873526,0.18615751769792852,0.32535405824242924,0.1883631875055759,0.3262713097885466,0.22091687942933724,0.002637690592794223,0.0020144756554052157,0.002014531178695551,4.9294494235179515e-05,0.08261355820929153,0.0872648626309582,0.4472135954999579,0.0,,0.0,0.0,1.0
stationary,answer_cells,compute_metered,0.6879802301827498,0.6261154522881305,0.6256467586293875,0.5740628274708083,1.2001782797589386,0.5749710262051269,1.2006177848345143,0.09547672866572059,0.5015889830508474,0.35135135135135137,0.09826469781970087,0.9772624258968365,0.33625,0.339,78.0,0.0,103.65205262473766,0.0,0.0,0.04904480341853442,0.13554103753842198,0.13558406645375984,0.17079315728423894,0.2807192302686837,0.17074214299506518,0.2809171452985306,0.1471202644358359,0.0,0.0,0.0,9.614813431917819e-17,0.05421312110550358,0.052888443917362506,0.0,0.0,14.538196662617993,0.0,0.0,0.9772624258968367
stationary,answer_cells,monopoly_per_asset,1.0,0.5143060793562444,0.5092648293120186,0.5090397625930873,1.0233458419493318,0.5234154727753949,1.0326803020874133,0.48569392064375555,0.19088983050847458,0.309009009009009,0.19469413050750056,0.9867459171840081,0.5085,0.616,68.6,0.0,,0.0,0.0,0.0,0.16312938730826804,0.16368390506245503,0.1733622405778215,0.3275607685012151,0.17534037338563568,0.3282110780472049,0.16312938730826806,0.009640703536552187,0.014101329587836511,0.007976925276350414,0.0065184165723540305,0.02297076946904477,0.037127314742652774,3.1304951684997064,0.0,,0.0,0.0,0.9934332552073775
stationary,answer_cells,monotone_constrained,0.9791132722237185,0.5074817337518212,0.5074491597521052,0.49437248571397063,1.0018542194657918,0.4944449547053839,1.0018941144574893,0.4814073916390459,0.0,0.002702702702702703,0.0009841572672933934,0.21848291333913333,0.34500000000000003,0.34525,0.6,0.0,,0.0,0.0,0.005032522845229752,0.16618152857584856,0.16616661185908943,0.17731255760695316,0.33439858014460344,0.1773063020251781,0.334340546813872,0.17125844187330427,0.0,0.002467218727500748,0.0010760067077857911,0.23887348912844564,0.05784542981083294,0.05743474558139871,0.5477225575051661,0.0,,0.0,0.0,0.5489193836420349
stationary,answer_cells,qirana_shannon,0.5492795968242492,0.45693838701435247,0.45693838701435247,0.44323119416537227,0.9001695811797248,0.44323119416537227,0.9001695811797248,0.1623808824664858,0.0,0.0045045045045045045,0.00348778502138459,0.7742882747473789,0.23775,0.23775,1.0,0.0,109.78595241639724,0.0,0.0,0.079673847801223,0.1911747356278217,0.1911747356278217,0.3112083956957231,0.4926700758417028,0.3112083956957231,0.4926700758417028,0.32114466015233556,0.0,0.0,4.336808689942018e-19,5.551115123125783e-17,0.07941386843618688,0.07941386843618688,0.0,0.0,35.92761355134837,0.0,0.0,0.774288274747379
stationary,answer_cells,qirana_uniform_gain,0.5409371980675703,0.4163795805742402,0.4163795805742402,0.4663263030791211,0.8827058836533613,0.4663263030791211,0.8827058836533613,0.24114765142292205,0.0,0.0045045045045045045,0.003511385401149181,0.7795275590551182,0.24075000000000002,0.24075000000000002,1.0,0.0,103.82027692610275,0.0,0.0,0.07685709969705798,0.200185935482894,0.200185935482894,0.29073559940037214,0.46811095143452186,0.29073559940037214,0.46811095143452186,0.3086031903617823,0.0,0.0,3.755786496842898e-19,9.614813431917819e-17,0.07476316773652653,0.07476316773652653,0.0,0.0,40.87169722728395,0.0,0.0,0.7795275590551182
stationary,answer_cells,qirana_weighted_coverage,0.5409371980675703,0.4163795805742402,0.4163795805742402,0.46632630307912104,0.8827058836533613,0.46632630307912104,0.8827058836533613,0.241147651422922,0.0,0.0045045045045045045,0.003511385401149181,0.7795275590551182,0.24075000000000002,0.24075000000000002,1.0,0.0,103.82027692610275,0.0,0.0,0.07685709969705799,0.20018593548289396,0.20018593548289396,0.29073559940037214,0.4681109514345219,0.29073559940037214,0.4681109514345219,0.3086031903617823,0.0,0.0,3.0665868333667484e-19,7.850462293418876e-17,0.07476316773652653,0.07476316773652653,0.0,0.0,40.87169722728396,0.0,0.0,0.7795275590551182
stationary,answer_cells,querymarket_viewcover,0.5662770012374092,0.5091347701633138,0.5091347701633138,0.5423654136873837,1.0515001838506974,0.5423654136873837,1.0515001838506974,0.1088982615855502,0.0,0.0,0.0,0.0,0.057499999999999996,0.057499999999999996,0.0,0.0,7864.803162761395,0.0,54.0,0.06689756106146556,0.1531017515054479,0.1531017515054479,0.26177959815421864,0.3847912215737345,0.26177959815421864,0.3847912215737345,0.20405818790295882,0.0,0.0,0.0,0.0,0.034742355274218234,0.034742355274218234,0.0,0.0,2860.7325226267017,0.0,0.0,0.0
stationary,answer_cells,size_proportional,0.6794278684228366,0.6189643656547729,0.6189643656547729,0.572415293924479,1.1913796595792518,0.572415293924479,1.1913796595792518,0.09980566860435838,0.0,0.0,0.0,0.0,0.64325,0.64325,0.0,0.0,71.06863140655544,0.0,0.0,0.06861138791622193,0.19290570612063437,0.19290570612063437,0.14639275802112492,0.31360974362756117,0.14639275802112492,0.31360974362756117,0.2091693203955476,0.0,0.0,0.0,0.0,0.08387397540357798,0.08387397540357798,0.0,0.0,8.306257393587746,0.0,0.0,0.0
stationary,answer_cells,uniform,0.555221882057953,0.4867249425733739,0.4867249425733739,0.483711038227791,0.9704359808011649,0.483711038227791,0.9704359808011649,0.13406479434482382,0.0,0.0,0.0,0.0,0.041,0.041,0.0,0.0,53.45672806089823,0.0,0.0,0.08845282593598942,0.1847200592442992,0.1847200592442992,0.1948222386685129,0.3754606720215392,0.1948222386685129,0.3754606720215392,0.23635304852226027,0.0,0.0,0.0,0.0,0.02528586561698057,0.02528586561698057,0.0,0.0,5.687551369787953,0.0,0.0,0.0
stationary,flat,chawla_cip,0.4337438384699063,0.40817874555091727,0.39823212235393407,0.7632446288163933,1.1714233743673106,0.7787046289365709,1.1769367512905051,0.056830800536598815,0.007838983050847457,0.009009009009009009,0.00816308730703402,1.0,0.5615,0.5672499999999999,2.0,0.0,,0.0,0.0,0.02684858644039583,0.010487224900553037,0.02338863074070491,0.20578767248353882,0.19812428793553125,0.22617373455034273,0.20595834003316713,0.04515199154890348,0.0033790546414696147,0.0,0.0012054041049761796,0.0,0.10072161510817826,0.10894164148754136,0.0,0.0,,0.0,0.0,1.0
stationary,flat,chawla_layering,0.28086643066699934,0.24870923319975202,0.24835067565945104,1.0355079011754633,1.2842171343752153,1.0376177910553497,1.2859684667148008,0.12239198236474562,0.000635593220338983,0.0045045045045045045,0.003506052389087501,0.6380315968046248,0.69275,0.6940000000000001,1.0,0.2,,0.0,0.0,0.018833547318897657,0.06069898888932372,0.06039183545535507,0.21442326962925484,0.24289134748131797,0.21294641163508676,0.24149046827259488,0.17285691549244953,0.0004431462004947434,0.003185165681020484,0.003106453591655735,0.5001845824999112,0.1219355618759351,0.12107397015874222,0.7071067811865476,0.4472135954999579,,0.0,0.0,1.0
stationary,flat,chawla_lpip,0.544644931374584,0.505606350488225,0.5044298015163589,0.9685076174044168,1.4741139678926416,0.9701687991086446,1.4745986006250038,0.07038852736107033,0.0013771186440677966,0.005405405405405406,0.0036485493976642,0.8055556882438747,0.7525000000000001,0.753,1.2,0.0,,0.0,0.0,0.02811605542958159,0.022072171152155533,0.0214557491690982,0.07813303673342512,0.06641853522603332,0.07846071348899177,0.06665652982933423,0.04837398049359457,0.0014792627165009472,0.0020144756554052157,0.001928136498952302,0.42562724239610117,0.04047568714673044,0.04010338202695628,0.4472135954999579,0.0,,0.0,0.0,1.0
stationary,flat,chawla_ubp,0.7365049218452436,0.7164357702591676,0.7164357702591676,0.5942929071099992,1.3107286773691669,0.5942929071099992,1.3107286773691669,0.027186299671659288,0.0,0.0,0.0,0.0,0.57725,0.57725,0.0,0.0,,0.0,0.0,0.0063454715881817786,0.0355309692688968,0.0355309692688968,0.07235110749436639,0.10059221175955647,0.07235110749436639,0.10059221175955647,0.048896146288565145,0.0,0.0,0.0,0.0,0.056874313182666225,0.056874313182666225,0.0,0.0,,0.0,0.0,0.0
stationary,flat,chawla_uip,0.3415732419634914,0.32936984793335167,0.3243364016796759,1.1226769376828405,1.452046785616192,1.1327166605338614,1.4570530622135376,0.03311683375348244,0.0,0.0045045045045045045,0.003511385401149181,0.7795275590551182,0.8009999999999999,0.80625,1.0,0.0,,0.0,0.0,0.044635166928365194,0.03936451911892158,0.0361426572410869,0.09665032631542234,0.06775472782152049,0.09565306056704083,0.06880948511074242,0.06317669283810567,0.0,0.0,4.336808689942018e-19,1.1102230246251565e-16,0.045786529132486146,0.04070664871983447,0.0,0.0,,0.0,0.0,0.7795275590551182
stationary,flat,chawla_xos,0.4783795306745732,0.4433948659353696,0.44183663704372755,0.7025050519639995,1.145899917899369,0.7062910771580684,1.1481277142017958,0.07159449612633657,0.004766949152542372,0.008108108108108109,0.005624375069615932,0.9781542336573583,0.534,0.536,1.8,0.0,,0.0,0.0,0.036657969937160396,0.0256237567462371,0.023914553323494615,0.1866738643927569,0.19048322159342182,0.18946096464228987,0.19329324813454207,0.03630797473085258,0.005777919552243493,0.002014475655405216,0.0010656750867757644,0.040264116279060055,0.09485350547027771,0.0970035437497002,0.4472135954999579,0.0,,0.0,0.0,1.0
stationary,flat,compute_metered,0.5219480812258154,0.5104264969036653,0.48809680313022313,0.6251063215365732,1.1355328184402382,0.6946264083985805,1.1827232115288038,0.023733896340082584,0.5015889830508474,0.35135135135135137,0.09826469781970087,0.9772624258968365,0.56025,0.60275,78.0,0.0,12903.940663226875,0.0,0.0,0.059623965958062866,0.07454317364844074,0.07128494632464902,0.10504814867547685,0.13899246361465722,0.1135628669796595,0.14073021579942302,0.0582759033966507,0.0,0.0,0.0,7.850462293418876e-17,0.07476734748538294,0.07441123067118294,0.0,0.0,3014.778008282794,0.0,0.0,0.9772624258968367
stationary,flat,monopoly_per_asset,1.0,0.640082607759205,0.6128421787221974,0.54221366691796,1.182296274677165,0.6871265467167273,1.2999687254389245,0.35991739224079494,0.4207627118644067,0.363063063063063,0.19286070522974644,0.8930583008000464,0.5155000000000001,0.6184999999999999,80.6,0.0,,0.0,0.0,0.0,0.022509189310267453,0.020907082250942233,0.052896226634451676,0.07518939702153388,0.06488117209156287,0.0792238179783298,0.022509189310267394,0.022893980941057483,0.015797908033108297,0.017106262730258812,0.028140610425674065,0.027847239540033424,0.03195944696017123,3.5071355833500375,0.0,,0.0,0.0,0.9402321333891461
stationary,flat,monotone_constrained,0.5709837449062216,0.428739904596544,0.428739904596544,0.29727330320255857,0.7260132077991026,0.29727330320255857,0.7260132077991026,0.24687632219489145,0.0,0.0,0.0,0.0,0.27949999999999997,0.27949999999999997,0.0,0.0,,0.0,0.0,0.050787675667368665,0.026668868285890636,0.026668868285890636,0.013668882077891078,0.03963371575064639,0.013668882077891078,0.03963371575064639,0.04685114612232912,0.0,0.0,0.0,0.0,0.029720047947471413,0.029720047947471413,0.0,0.0,,0.0,0.0,0.0
stationary,flat,qirana_shannon,0.34985655742526944,0.3341240926747834,0.3297893012621171,0.9881924708390517,1.322316563513835,0.9998738296869565,1.3296631309490734,0.0448536230259375,0.0,0.0045045045045045045,0.00348778502138459,0.7742882747473789,0.708,0.71425,1.0,0.0,469.40240779852576,0.0,0.0,0.047945738853536916,0.05516268857973471,0.05168097880318228,0.2042153955003997,0.22164472613992847,0.20743579641220422,0.22355519248073974,0.09459792502033007,0.0,0.0,4.84869951806108e-19,5.551115123125783e-17,0.109763951277275,0.10995240447575484,0.0,0.0,269.54543789125114,0.0,0.0,0.774288274747379
stationary,flat,qirana_uniform_gain,0.342055422598376,0.32889152631086177,0.32386256560183546,1.123030949177576,1.451922475488438,1.1330661864839475,1.456928752085783,0.03635063119794861,0.0,0.0045045045045045045,0.003511385401149181,0.7795275590551181,0.8007500000000001,0.806,1.0,0.0,269.55475354716475,0.0,0.0,0.044069702196958514,0.0395200492339407,0.036277519738741944,0.09691393623151935,0.06773765626557691,0.09588845265174942,0.06880398246176633,0.05779182638994529,0.0,0.0,2.168404344971009e-19,5.551115123125783e-17,0.045333831185991755,0.04023757572220274,0.0,0.0,97.28529261567103,0.0,0.0,0.7795275590551182
stationary,flat,qirana_weighted_coverage,0.342055422598376,0.32889152631086177,0.32386256560183546,1.123030949177576,1.451922475488438,1.1330661864839477,1.4569287520857832,0.03635063119794857,0.0,0.0045045045045045045,0.003511385401149181,0.7795275590551181,0.8007500000000001,0.806,1.0,0.0,269.55475354716475,0.0,0.0,0.044069702196958514,0.039520049233940695,0.03627751973874194,0.09691393623151932,0.06773765626557691,0.09588845265174943,0.0688039824617664,0.05779182638994538,0.0,0.0,0.0,0.0,0.045333831185991755,0.04023757572220274,0.0,0.0,97.28529261567103,0.0,0.0,0.7795275590551181
stationary,flat,querymarket_viewcover,0.42792584705696496,0.3918387009383346,0.3918387009383346,0.5890728663857356,0.9809115673240703,0.5890728663857356,0.9809115673240703,0.07658606831654653,0.0,0.0,0.0,0.0,0.476,0.476,0.0,0.0,25684.312492376706,0.0,54.0,0.0639550002685713,0.03602158247572664,0.03602158247572664,0.07226479809804,0.08217911083173898,0.07226479809804,0.08217911083173898,0.07549311577559623,0.0,0.0,0.0,0.0,0.04191136480717373,0.04191136480717373,0.0,0.0,5050.527348840695,0.0,0.0,0.0
stationary,flat,size_proportional,0.2457046108697246,0.23425402958040795,0.23425402958040795,0.6848122288802133,0.9190662584606212,0.6848122288802133,0.9190662584606212,0.049245054763356236,0.0,0.0,0.0,0.0,0.49175,0.49175,0.0,0.0,188145.85949449585,0.0,0.0,0.029540373072609847,0.04165923830193756,0.04165923830193756,0.3211447735627017,0.35969292228459465,0.3211447735627017,0.35969292228459465,0.10697065380682085,0.0,0.0,0.0,0.0,0.18878021281373747,0.18878021281373747,0.0,0.0,300566.1759359261,0.0,0.0,0.0
stationary,flat,uniform,0.7365049218452436,0.7164357702591676,0.7164357702591676,0.5942929071099992,1.3107286773691669,0.5942929071099992,1.3107286773691669,0.027186299671659288,0.0,0.0,0.0,0.0,0.57725,0.57725,0.0,0.0,89.05059443787016,0.0,0.0,0.0063454715881817786,0.0355309692688968,0.0355309692688968,0.07235110749436639,0.10059221175955647,0.07235110749436639,0.10059221175955647,0.048896146288565145,0.0,0.0,0.0,0.0,0.056874313182666225,0.056874313182666225,0.0,0.0,7.935039583482149,0.0,0.0,0.0
stationary,rows_x_log_support,chawla_cip,0.5101094636764384,0.4585629858639891,0.45364714060754896,0.5090603698531504,0.9676233557171395,0.5161670384924381,0.9698141790999871,0.10967371435971203,0.001059322033898305,0.005405405405405406,0.004519089774103949,0.8032379298510766,0.41275000000000006,0.4165,1.2,0.0,,0.0,0.0,0.05362779262652338,0.13467732906695717,0.1311735581901544,0.19866360706811692,0.32753088250688106,0.20717502249731398,0.32980120509463073,0.20321867285657821,0.0023687160778599467,0.0020144756554052157,0.0031594454473011326,0.4399733642465749,0.10706817337565819,0.11124438188061456,0.4472135954999579,0.0,,0.0,0.0,1.0
stationary,rows_x_log_support,chawla_layering,0.2801472785799991,0.19740549312521166,0.19747990156756232,0.7423458743945376,0.9397513675197491,0.7433609114251154,0.9408408129926776,0.2728481043297705,0.000423728813559322,0.0036036036036036037,0.003304093335695195,0.7335087205243334,0.675,0.6765,0.8,0.0,,0.0,0.0,0.10463807109114193,0.061038484040660215,0.0609832710403937,0.356609889159501,0.33900869367443964,0.35634712869180957,0.33895559308278334,0.08410591289541298,0.0005802145736283539,0.002014475655405216,0.001951421910583401,0.433215664149515,0.07367050800693586,0.07320455074652123,0.4472135954999579,0.0,,0.0,0.0,1.0
stationary,rows_x_log_support,chawla_lpip,0.5557865832973794,0.4761639864007849,0.4761639864007849,0.7380137574252259,1.2141777438260108,0.7383648080224722,1.214528794423257,0.15345913700419972,0.000211864406779661,0.0009009009009009009,0.0009009009009009009,0.2,0.6705,0.67075,0.2,0.4,,0.0,0.0,0.06407568211849612,0.16059735553153845,0.16059735553153845,0.23059109609988315,0.30057902963495303,0.23069734586412216,0.30054240276183153,0.2049819891851236,0.00047374321557198934,0.0020144756554052157,0.0020144756554052157,0.447213595499958,0.14385485306377394,0.14381683229024333,0.447213595499958,0.5477225575051661,,0.0,0.0,1.0
stationary,rows_x_log_support,chawla_ubp,0.49908625340977836,0.4526880794010041,0.4526880794010041,0.3764945457814567,0.8291826251824608,0.3764945457814567,0.8291826251824608,0.10539103089964455,0.0,0.0,0.0,0.0,0.03925,0.03925,0.0,0.0,,0.0,0.0,0.10424876744388381,0.18152185327775996,0.18152185327775996,0.16596370296805812,0.3203765222846287,0.16596370296805812,0.3203765222846287,0.24160758758739553,0.0,0.0,0.0,0.0,0.02149854646249369,0.02149854646249369,0.0,0.0,,0.0,0.0,0.0
stationary,rows_x_log_support,chawla_uip,0.5059088167423075,0.3813088126284966,0.38644914201278524,0.5075326431653309,0.8888414557938275,0.5126519554737554,0.8991010974865408,0.24952832565257377,0.0,0.0045045045045045045,0.003511385401149181,0.7795275590551183,0.28025,0.2855,1.0,0.0,,0.0,0.0,0.07850450542111201,0.1491051063995878,0.15297044733633555,0.2905726659483623,0.43288691843515953,0.2949472467731675,0.44135879863349325,0.24961062303633905,0.0,0.0,3.755786496842898e-19,9.614813431917819e-17,0.07783395788471764,0.08622100962062554,0.0,0.0,,0.0,0.0,0.7795275590551183
stationary,rows_x_log_support,chawla_xos,0.5620578361913011,0.47360083883702675,0.473787583783502,0.42175785994264336,0.8953586987796701,0.422437528249881,0.8962251120333831,0.17268009474612195,0.001271186440677966,0.005405405405405406,0.004753754877541568,0.7887272159810641,0.365,0.366,1.2,0.0,,0.0,0.0,0.08554204454903357,0.16406933881438093,0.16397997025579514,0.1794164953674574,0.3208100815599251,0.17969553450474454,0.3214297235254049,0.1829506452796333,0.002296555443715974,0.0037687388582616013,0.003262873888227213,0.4415868955123328,0.11687667111104766,0.1170783658495454,0.8366600265340756,0.0,,0.0,0.0,1.0
stationary,rows_x_log_support,compute_metered,0.5829833742859967,0.4998792882407911,0.499847927312531,0.7081900690193317,1.2080693572601227,0.7096431966845234,1.2094911239970545,0.15009547733589698,0.5015889830508474,0.35135135135135137,0.09826469781970087,0.9772624258968365,0.4625,0.47800000000000004,78.0,0.0,158.03901060247622,0.0,0.0,0.06795462688029064,0.15086320931201053,0.15081245146295733,0.1690145590194521,0.2895995852450968,0.16955540041562042,0.29016164730941907,0.18531199277129942,0.0,0.0,0.0,9.614813431917819e-17,0.08616843969807042,0.09241381119724477,0.0,0.0,28.714110766044204,0.0,0.0,0.9772624258968367
stationary,rows_x_log_support,monopoly_per_asset,1.0,0.5119328520919353,0.4984447367781596,0.5267807835127211,1.0387136356046562,0.5643354786913012,1.0627802154694608,0.48806714790806477,0.19057203389830507,0.33063063063063064,0.19793093727175246,0.9634174312403065,0.51,0.62175,73.4,0.0,,0.0,0.0,0.0,0.14355809965372635,0.1430249590089579,0.17853651198456907,0.29490046546383586,0.19447723757398352,0.2995832374303895,0.14355809965372635,0.009833738419554525,0.016733491550456506,0.009561278542150088,0.0174962701803464,0.024937421679075023,0.03764140008023079,3.7148351242013424,0.0,,0.0,0.0,0.9823836517176747
stationary,rows_x_log_support,monotone_constrained,0.9567371136736386,0.49626091515502174,0.496083391346443,0.4970598358377937,0.9933207509928152,0.49737511355061426,0.9934585048970572,0.4808068271956114,0.0,0.002702702702702703,0.0012613844383647745,0.2800273453169799,0.33525,0.3355,0.6,0.0,,0.0,0.0,0.01243064866962375,0.14977355516696333,0.14981226737073042,0.17940809740926672,0.3010922026955517,0.17943803331329838,0.30089011987130665,0.15885595281873435,0.0,0.002467218727500748,0.0012540156534692315,0.27839147507016937,0.07210235779778633,0.07172865536171717,0.5477225575051661,0.0,,0.0,0.0,0.6216854569860718
stationary,rows_x_log_support,qirana_shannon,0.5038242534990898,0.392911766257448,0.39785067718393197,0.5006063575752189,0.893518123832667,0.5059270883414481,0.9037777655253801,0.21516879765167934,0.0,0.0045045045045045045,0.00348778502138459,0.774288274747379,0.27075,0.27599999999999997,1.0,0.0,132.4786341668625,0.0,0.0,0.07827898486115269,0.13091588671324045,0.13332699491088074,0.3176039565236928,0.44002355410629307,0.3235870256710327,0.44958605181991124,0.22865936922042576,0.0,0.0,4.336808689942018e-19,5.551115123125783e-17,0.09100394909013565,0.09961802045814805,0.0,0.0,48.39883483937701,0.0,0.0,0.774288274747379
stationary,rows_x_log_support,qirana_uniform_gain,0.5075877028302032,0.3798146517077094,0.3849543932707977,0.5067428163463309,0.8865574680540403,0.5118627164759557,0.8968171097467537,0.25405159011247747,0.0,0.0045045045045045045,0.003511385401149181,0.7795275590551182,0.27975,0.28500000000000003,1.0,0.0,132.05311943508542,0.0,0.0,0.079535835329485,0.15146390264793194,0.15533362690577698,0.2908779557601591,0.436040525601299,0.29526385904103397,0.4445181966862223,0.255946907273614,0.0,0.0,3.0665868333667484e-19,7.850462293418876e-17,0.07801442174367505,0.08642193008721803,0.0,0.0,65.11646508800027,0.0,0.0,0.7795275590551182
stationary,rows_x_log_support,qirana_weighted_coverage,0.5075877028302032,0.3798146517077094,0.3849543932707977,0.5067428163463309,0.8865574680540403,0.5118627164759557,0.8968171097467537,0.25405159011247747,0.0,0.0045045045045045045,0.003511385401149181,0.7795275590551182,0.27975,0.28500000000000003,1.0,0.0,132.05311943508542,0.0,0.0,0.079535835329485,0.15146390264793194,0.15533362690577698,0.2908779557601591,0.436040525601299,0.29526385904103397,0.4445181966862223,0.255946907273614,0.0,0.0,3.0665868333667484e-19,7.850462293418876e-17,0.07801442174367505,0.08642193008721803,0.0,0.0,65.11646508800027,0.0,0.0,0.7795275590551182
stationary,rows_x_log_support,querymarket_viewcover,0.49105936853042237,0.4494742731750022,0.4494742731750022,0.3865495504534263,0.8360238236284285,0.3865495504534263,0.8360238236284285,0.09641595052287191,0.0,0.0,0.0,0.0,0.0435,0.0435,0.0,0.0,12673.239639840662,0.0,54.0,0.06567468626188529,0.15252920860572022,0.15252920860572022,0.14558739281923944,0.2723798202420625,0.14558739281923944,0.2723798202420625,0.2206245784819917,0.0,0.0,0.0,0.0,0.0207175951789777,0.0207175951789777,0.0,0.0,1314.3142281099592,0.0,0.0,0.0
stationary,rows_x_log_support,size_proportional,0.6350614862916256,0.5878428852353492,0.5878428852353492,0.6128167938338221,1.2006596790691715,0.6128167938338221,1.2006596790691715,0.07736143088621986,0.0,0.0,0.0,0.0,0.93075,0.93075,0.0,0.0,113.92949595609916,0.0,0.0,0.05442552763070805,0.12768907271643193,0.12768907271643193,0.14423350758874875,0.2305737224627188,0.14423350758874875,0.2305737224627188,0.1645005855497051,0.0,0.0,0.0,0.0,0.03823856038085117,0.03823856038085117,0.0,0.0,13.89116440677467,0.0,0.0,0.0
stationary,rows_x_log_support,uniform,0.49908625340977836,0.4526880794010041,0.4526880794010041,0.3764945457814567,0.8291826251824608,0.3764945457814567,0.8291826251824608,0.10539103089964455,0.0,0.0,0.0,0.0,0.03925,0.03925,0.0,0.0,84.56273260984044,0.0,0.0,0.10424876744388381,0.18152185327775996,0.18152185327775996,0.16596370296805812,0.3203765222846287,0.16596370296805812,0.3203765222846287,0.24160758758739553,0.0,0.0,0.0,0.0,0.02149854646249369,0.02149854646249369,0.0,0.0,11.95293814831666,0.0,0.0,0.0
stationary,support_rows,chawla_cip,0.44705585142446297,0.43307388012053616,0.42356547755247814,0.9185642541153689,1.351638134235905,0.9349553696455077,1.358520847197986,0.03068008234052406,0.00836864406779661,0.009009009009009009,0.008433186248502839,1.0,0.5940000000000001,0.6005,2.0,0.0,,0.0,0.0,0.04638098358678466,0.04567712508849181,0.049228227465040304,0.2349133634003986,0.20925411828782972,0.2392414118962255,0.21017372012783947,0.04507927895190717,0.00402333241839681,0.0,0.0008039897742028271,0.0,0.08857553273901317,0.09626460928087745,0.0,0.0,,0.0,0.0,1.0
stationary,support_rows,chawla_layering,0.2296715298004896,0.1915277752912802,0.19218001955904068,1.2662509383303564,1.457778713621637,1.2673984429287568,1.4595784624877974,0.1774617119030934,0.0006355932203389831,0.0018018018018018018,0.0015220272772212841,0.3378900555431251,0.7542500000000001,0.75525,0.4,0.2,,0.0,0.0,0.0522809148075252,0.06526599590923957,0.06449636393989133,0.2506227598065715,0.22559852602156608,0.2498207413484567,0.22480869800279107,0.1435605033234686,0.0005802145736283539,0.002467218727500748,0.002142001111816673,0.47552424682330136,0.11749202100568361,0.11707502936151672,0.5477225575051661,0.447213595499958,,0.0,0.0,1.0
stationary,support_rows,chawla_lpip,0.5688078697465179,0.5111189371069282,0.5096641199026533,1.0087267360327479,1.5198456731396761,1.0106078774025127,1.520271997305166,0.10108211157075826,0.001059322033898305,0.005405405405405406,0.003797731832095824,0.7931719556471764,0.6675,0.6679999999999999,1.2,0.0,,0.0,0.0,0.0224840422481488,0.03505588385661605,0.03552293491974315,0.16975037039969568,0.19637322345049482,0.16999533127739924,0.19608221061440684,0.05716133694039468,0.0012973992281690562,0.0020144756554052157,0.0021378294032565353,0.4386169549004264,0.06774838558962121,0.0670156231784798,0.4472135954999579,0.0,,0.0,0.0,1.0
stationary,support_rows,chawla_ubp,0.6173326848526107,0.5912179581145691,0.5912179581145691,0.8389010843854605,1.4301190425000294,0.8389010843854605,1.4301190425000294,0.040077125447946636,0.0,0.0,0.0,0.0,0.47350000000000003,0.47350000000000003,0.0,0.0,,0.0,0.0,0.05799621968697995,0.04102426091816407,0.04102426091816407,0.23026888562854356,0.2071725399028168,0.23026888562854356,0.2071725399028168,0.04190376301308631,0.0,0.0,0.0,0.0,0.04872916221319631,0.04872916221319631,0.0,0.0,,0.0,0.0,0.0
stationary,support_rows,chawla_uip,0.34945145870420313,0.33827949628887166,0.3344923806836964,1.1553761156723859,1.4936556119612576,1.1645488773076853,1.4990412579913817,0.022368565362001335,0.0,0.0045045045045045045,0.003511385401149181,0.7795275590551182,0.72175,0.72725,1.0,0.0,,0.0,0.0,0.046436043659187604,0.03577665850403098,0.03281264829175767,0.2700062387044167,0.26015860498518323,0.26898943896485683,0.258892332092715,0.13484639119363678,0.0,0.0,5.311484201212962e-19,1.3597399555105182e-16,0.11107289273265553,0.11330407097717186,0.0,0.0,,0.0,0.0,0.7795275590551183
stationary,support_rows,chawla_xos,0.5188956205527934,0.4845991695060863,0.4826800975133046,0.7885485747942843,1.2731477443003705,0.7927561798723899,1.2754362773856944,0.06489877516688694,0.001483050847457627,0.009009009009009009,0.005635838995845117,0.9836888072598692,0.51425,0.516,2.0,0.0,,0.0,0.0,0.046719268269053156,0.04262673201400041,0.041705730178154564,0.18688794091903518,0.2088133077510373,0.18791657422382688,0.2089225957773617,0.05047755639847603,0.0021966569230220043,0.0,0.0005292689507784933,0.022412497689261315,0.08632967334584327,0.0875508780652713,0.0,0.0,,0.0,0.0,1.0
stationary,support_rows,compute_metered,0.5167419636596927,0.4990825404620375,0.4947148201922696,0.6775164046858365,1.176598945147874,0.7392586338750908,1.2339734540673604,0.0361609017405492,0.5015889830508474,0.35135135135135137,0.09826469781970086,0.9772624258968365,0.4725,0.5265,78.0,0.0,237.28496349350877,0.0,0.0,0.042999073630207496,0.06192392320803792,0.05886778744710411,0.15520732418927682,0.18630794897162686,0.15634981071213286,0.19111025097570875,0.05686792940888645,0.0,0.0,9.813077866773595e-18,7.850462293418876e-17,0.06963072238602727,0.08551498406712123,0.0,0.0,34.709855766752504,0.0,0.0,0.9772624258968367
stationary,support_rows,monopoly_per_asset,1.0,0.6536058284490531,0.6209592300610355,0.6634678016971531,1.3170736301462063,0.7884317347947649,1.4093909648558003,0.3463941715509468,0.4189618644067797,0.3504504504504505,0.20161291154597522,0.9642105187995009,0.51475,0.5995,77.8,0.0,,0.0,0.0,0.0,0.023314081948101934,0.03600425814139665,0.12506164434842207,0.1365457700028782,0.11660028494300491,0.1450045662588403,0.023314081948101938,0.030674644566886147,0.0154077760148532,0.007613109469473019,0.01436662429810087,0.028714652183162475,0.0378174067064361,3.4205262752974126,0.0,,0.0,0.0,0.9784028972250278
stationary,support_rows,monotone_constrained,0.6394932762328299,0.48251135818065016,0.48251135818065016,0.4350580091897621,0.9175693673704123,0.4350580091897621,0.9175693673704123,0.24622068101220607,0.0,0.0,0.0,0.0,0.28775,0.28775,0.0,0.0,,0.0,0.0,0.043691966678190544,0.047852631227615634,0.047852631227615634,0.12388984738957196,0.13188583407092017,0.12388984738957196,0.13188583407092017,0.03796368899939661,0.0,0.0,0.0,0.0,0.05105450518808308,0.05105450518808308,0.0,0.0,,0.0,0.0,0.0
stationary,support_rows,qirana_shannon,0.3538760047138119,0.34122353096550784,0.33655025283444606,1.2194961823912265,1.5607197133567343,1.2292839782381544,1.5658342310726006,0.029376941709265525,0.0,0.0045045045045045045,0.00348778502138459,0.774288274747379,0.7615000000000001,0.767,1.0,0.0,5.955408947047121,0.0,0.0,0.050372305249322576,0.040185851682506234,0.035532809087619244,0.1933769106039857,0.1912172851198949,0.18972149718048764,0.18971402186880237,0.10172994075368796,0.0,0.0,4.336808689942018e-19,9.614813431917819e-17,0.048656962502811464,0.0535796719848115,0.0,0.0,1.8321989305410595,0.0,0.0,0.774288274747379
stationary,support_rows,qirana_uniform_gain,0.3496171583193378,0.3380843909440024,0.33429747464939324,1.155571221017255,1.4936556119612574,1.1647437833419885,1.4990412579913817,0.023290314687279757,0.0,0.0045045045045045045,0.003511385401149181,0.7795275590551181,0.72175,0.72725,1.0,0.0,9.753425341569395,0.0,0.0,0.04655397748948395,0.03594672901418089,0.03297148105409448,0.26999047382935704,0.2601586049851831,0.2689658355008831,0.25889233209271495,0.1358355051899507,0.0,0.0,2.168404344971009e-19,5.551115123125783e-17,0.11107289273265553,0.11330407097717186,0.0,0.0,10.792970817968264,0.0,0.0,0.7795275590551182
stationary,support_rows,qirana_weighted_coverage,0.3496171583193378,0.3380843909440024,0.3342974746493933,1.155571221017255,1.4936556119612576,1.1647437833419885,1.4990412579913817,0.023290314687279733,0.0,0.0045045045045045045,0.003511385401149181,0.7795275590551182,0.72175,0.72725,1.0,0.0,9.753425341569395,0.0,0.0,0.046553977489483915,0.03594672901418088,0.03297148105409449,0.26999047382935704,0.26015860498518323,0.2689658355008831,0.25889233209271495,0.13583550518995066,0.0,0.0,3.0665868333667484e-19,7.850462293418876e-17,0.11107289273265553,0.11330407097717186,0.0,0.0,10.792970817968264,0.0,0.0,0.7795275590551182
stationary,support_rows,querymarket_viewcover,0.5177677749977188,0.5384480841016211,0.5384480841016211,0.590874357370935,1.129322441472556,0.590874357370935,1.129322441472556,-0.04384856224509879,0.0,0.0,0.0,0.0,0.55275,0.55275,0.0,0.0,387.1589358514554,0.0,54.0,0.024006207475177045,0.1322575339176403,0.1322575339176403,0.1550924736594854,0.2845416812926167,0.1550924736594854,0.2845416812926167,0.27935215303131794,0.0,0.0,0.0,0.0,0.09098162589226466,0.09098162589226466,0.0,0.0,78.8773885985602,0.0,0.0,0.0
stationary,support_rows,size_proportional,0.2690279605698336,0.26882209792743883,0.26882209792743883,1.0090697196204403,1.2778918175478793,1.0090697196204403,1.2778918175478793,0.007869542075240354,0.0,0.0,0.0,0.0,0.6725,0.6725,0.0,0.0,535.1638402761695,0.0,0.0,0.04645838731536862,0.06308969915448204,0.06308969915448204,0.229482919415043,0.2029801609222506,0.229482919415043,0.2029801609222506,0.06766460991174864,0.0,0.0,0.0,0.0,0.1834138080952467,0.1834138080952467,0.0,0.0,645.9520787364601,0.0,0.0,0.0
stationary,support_rows,uniform,0.6173326848526106,0.5912179581145691,0.5912179581145691,0.8389010843854605,1.4301190425000294,0.8389010843854605,1.4301190425000294,0.040077125447946615,0.0,0.0,0.0,0.0,0.47350000000000003,0.47350000000000003,0.0,0.0,1.8242833709229527,0.0,0.0,0.05799621968697991,0.04102426091816407,0.04102426091816407,0.23026888562854353,0.20717253990281675,0.23026888562854353,0.20717253990281675,0.041903763013086286,0.0,0.0,0.0,0.0,0.04872916221319631,0.04872916221319631,0.0,0.0,0.3428807096377779,0.0,0.0,0.0
