family,seed,mechanism,revenue_train_norm,revenue_naive_norm,revenue_strategic_norm,surplus_naive_norm,welfare_naive_norm,surplus_strategic_norm,welfare_strategic_norm,generalization_gap,mono_violation_rate,comb_violation_rate,comb_mean_gain,comb_max_gain,served_naive,served_strategic,plans_verified,plans_failed
answer_cells,0,uniform,0.5644085416859025,0.5243058295134831,0.5243058295134831,0.7134571104188197,1.2377629399323027,0.7134571104188197,1.2377629399323027,0.07105263157894726,0.0,0.0,0.0,0.0,0.44125,0.44125,0,0
answer_cells,0,size_proportional,0.24389974591909733,0.2858488015797904,0.2858488015797904,1.3119574693383522,1.5978062709181429,1.3119574693383522,1.5978062709181429,-0.17199302730970367,0.0,0.0,9.883973097076962e-19,1.818651049862161e-16,0.995,0.995,0,0
answer_cells,0,compute_metered,0.5347426805462994,0.5201945398710314,0.5194911900460302,0.7513047064544447,1.2714992463254762,0.752008056279446,1.2714992463254762,0.027205871542562043,0.15009560229445507,0.01358695652173913,0.0013730186735621023,0.18112194487434624,0.59625,0.59625,5,0
answer_cells,0,qirana_weighted_coverage,0.18135597144552612,0.23112831340726447,0.23112831340726447,1.3413236311682757,1.5724519445755403,1.3413236311682757,1.5724519445755403,-0.2744455645161288,0.0,0.0,4.818810442026913e-18,2.1930331350620372e-16,0.97,0.97,0,0
answer_cells,0,qirana_uniform_gain,0.18135597144552612,0.23112831340726447,0.23112831340726447,1.3413236311682757,1.5724519445755403,1.3413236311682757,1.5724519445755403,-0.2744455645161288,0.0,0.0,4.818810442026913e-18,2.1930331350620372e-16,0.97,0.97,0,0
answer_cells,0,qirana_shannon,0.20543201615943382,0.255236583015683,0.255236583015683,1.3126550152231042,1.567891598238787,1.3126550152231042,1.567891598238787,-0.24243819336123518,0.0,0.0,0.0,0.0,0.96125,0.96125,0,0
answer_cells,0,querymarket_viewcover,0.1839542355383923,0.23552806642900617,0.23552806642900614,1.3371508222268338,1.5726788886558398,1.3371508222268338,1.5726788886558398,-0.28036229086907927,0.0,0.0,5.515846194984613e-18,1.9701279530689096e-16,0.97,0.97,0,0
answer_cells,0,monopoly_per_asset,1.0,0.5337043814091119,0.5529085333336661,0.6201790108877523,1.153883392296864,0.6697454654492846,1.2226539987829506,0.4662956185908881,0.20076481835564053,0.14673913043478262,0.05940432125654389,0.8620284126211376,0.45375,0.4825,8,0
answer_cells,0,monotone_constrained,0.9203615676554474,0.5578848036317645,0.5768297563275012,0.4176841243651316,0.9755689279968961,0.4211592944405475,0.9979890507680488,0.3938416995692958,0.0,0.024456521739130436,0.007768560416161935,0.6298996470023296,0.385,0.3875,8,0
answer_cells,0,chawla_ubp,0.5662406447321411,0.5245176498571412,0.5245176498571412,0.7117577137946098,1.236275363651751,0.7117577137946098,1.236275363651751,0.0736842105263158,0.0,0.0,0.0,0.0,0.44,0.44,0,0
answer_cells,0,chawla_uip,0.3557156001910682,0.43035756219837434,0.43035756219837434,0.8640382944210538,1.294395856619428,0.8640382944210538,1.294395856619428,-0.20983606557377077,0.0,0.0,0.0,0.0,0.77375,0.77375,0,0
answer_cells,0,chawla_lpip,0.18981149390243363,0.04235644640487832,0.04235644640487832,1.5725309269855712,1.6148873733904496,1.5725309269855712,1.6148873733904496,0.7768499391999397,0.0,0.0,0.0,0.0,0.97625,0.97625,0,0
answer_cells,0,chawla_cip,0.3501825658629472,0.24412981819620191,0.24412981819620191,1.0431627079238834,1.2872925261200856,1.0431627079238834,1.2872925261200856,0.302849878906455,0.0,0.0,3.7670183327322306e-19,1.3862627464454608e-16,0.785,0.785,0,0
answer_cells,0,chawla_layering,0.33319312808273854,0.18139282442818372,0.18139282442818372,0.9145969287393679,1.0959897531675515,0.9145969287393679,1.0959897531675515,0.4555925403625364,0.0,0.0,5.171610466806532e-19,1.903152651784804e-16,0.7125,0.7125,0,0
answer_cells,0,chawla_xos,0.34980935997283547,0.24857311564799295,0.24857311564799295,1.0301078913131039,1.278681006961097,1.0301078913131039,1.278681006961097,0.28940404662900976,0.0,0.0,3.7670183327322306e-19,1.3862627464454608e-16,0.7775,0.7775,0,0
answer_cells,1,uniform,0.4965462197475762,0.5460882462076517,0.5460882462076517,0.8137531240103236,1.3598413702179752,0.8137531240103236,1.3598413702179752,-0.09977324263038545,0.0,0.0,0.0,0.0,0.60625,0.60625,0,0
answer_cells,1,size_proportional,0.2883731635459867,0.2553121998465226,0.2553121998465226,1.3237939431642243,1.579106143010747,1.3237939431642243,1.579106143010747,0.11464646464646466,0.0,0.0,9.883973097076962e-19,1.818651049862161e-16,0.995,0.995,0,0
answer_cells,1,compute_metered,0.40886021257074995,0.4849919649838497,0.48418086422034795,0.7572609067506203,1.24225287173447,0.7580720075141218,1.2422528717344699,-0.1862048447669038,0.15009560229445507,0.01358695652173913,0.0013730186735621027,0.18112194487434619,0.5675,0.5675,5,0
answer_cells,1,qirana_weighted_coverage,0.2672585678969567,0.3019223329422913,0.3019223329422913,1.2568361133257846,1.558758446268076,1.2568361133257846,1.558758446268076,-0.12970123022847102,0.0,0.0,4.818810442026913e-18,2.1930331350620372e-16,0.97,0.97,0,0
answer_cells,1,qirana_uniform_gain,0.2672585678969567,0.3019223329422913,0.3019223329422913,1.2568361133257846,1.558758446268076,1.2568361133257846,1.558758446268076,-0.12970123022847102,0.0,0.0,4.818810442026913e-18,2.1930331350620372e-16,0.97,0.97,0,0
answer_cells,1,qirana_shannon,0.2922544657530438,0.33047376458699934,0.33047376458699934,1.2176354732091965,1.548109237796196,1.2176354732091965,1.548109237796196,-0.13077404560945527,0.0,0.0,0.0,0.0,0.955,0.955,0,0
answer_cells,1,querymarket_viewcover,0.2695455050387125,0.3120878204031591,0.3120878204031591,1.2451579122408367,1.5572457326439957,1.2451579122408367,1.5572457326439957,-0.15782980821118353,0.0,0.0,5.515846194984613e-18,1.9701279530689096e-16,0.9675,0.9675,0,0
answer_cells,1,monopoly_per_asset,1.0,0.5721110493110448,0.5614887542348818,0.5655655121707774,1.1376765614818223,0.6052539012299818,1.1667426554648634,0.42788895068895516,0.13862332695984703,0.15760869565217392,0.059573709328702,0.8393342391012233,0.48125,0.50375,8,0
answer_cells,1,monotone_constrained,0.9416538622616927,0.5611357485436289,0.5610897542596126,0.4858335650652082,1.0469693136088372,0.4858795593492245,1.0469693136088372,0.4040955269955818,0.0,0.01358695652173913,0.0040533759311470186,0.5631111741988815,0.42,0.42,5,0
answer_cells,1,chawla_ubp,0.4973118572069469,0.5454749424769891,0.5454749424769891,0.8166148312550775,1.3620897737320665,0.8166148312550775,1.3620897737320665,-0.09684684684684708,0.0,0.0,0.0,0.0,0.60875,0.60875,0,0
answer_cells,1,chawla_uip,0.454727563386032,0.4796081195677411,0.4796081195677411,0.6724556883797965,1.1520638079475376,0.6724556883797965,1.1520638079475376,-0.054715302491103346,0.0,0.0,2.882623661202032e-18,3.142644804823977e-16,0.6475,0.6475,0,0
answer_cells,1,chawla_lpip,0.473730025951887,0.34670473606772734,0.34670473606772734,1.0502956819327194,1.3970004180004467,1.0502956819327194,1.3970004180004467,0.26813856611457565,0.0,0.0,0.0,0.0,0.8,0.8,0,0
answer_cells,1,chawla_cip,0.38325707800262837,0.29004552654172633,0.29004552654172633,0.9289844514677748,1.219029978009501,0.9289844514677748,1.219029978009501,0.2432089498429637,0.0,0.0,0.0,0.0,0.7125,0.7125,0,0
answer_cells,1,chawla_layering,0.3060499321106757,0.26087511296696436,0.26087511296696436,0.729019263105145,0.9898943760721093,0.729019263105145,0.9898943760721093,0.14760604203426164,0.0,0.0,0.0,0.0,0.6375,0.6375,0,0
answer_cells,1,chawla_xos,0.4056055375483134,0.3389394109089626,0.3389394109089626,0.8640406312385018,1.2029800421474646,0.8640406312385018,1.2029800421474646,0.1643619735625771,0.0,0.0,0.0,0.0,0.68625,0.68625,0,0
answer_cells,2,uniform,0.4653272834832968,0.3398240742450632,0.3398240742450632,0.39544792416178043,0.7352719984068437,0.39544792416178043,0.7352719984068437,0.26970954356846477,0.0,0.0,0.0,0.0,0.44,0.44,0,0
answer_cells,2,size_proportional,0.31343019726711846,0.1628125461571858,0.16281254615718577,0.8271102829203784,0.9899228290775642,0.8271102829203784,0.989922829077564,0.4805460750853241,0.0,0.0,9.883973097076962e-19,1.818651049862161e-16,0.9975,0.9975,0,0
answer_cells,2,compute_metered,0.4913215393519921,0.31576413960410005,0.3151609835119084,0.2857857809488131,0.6015499205529131,0.2863889370410047,0.6015499205529131,0.35731671764164086,0.15009560229445507,0.01358695652173913,0.0013730186735621025,0.18112194487434624,0.3625,0.3625,5,0
answer_cells,2,qirana_weighted_coverage,0.25667044891560553,0.1465505466389102,0.1465505466389102,0.8360096323448848,0.982560178983795,0.8360096323448848,0.982560178983795,0.4290322580645163,0.0,0.0,4.818810442026913e-18,2.1930331350620372e-16,0.98,0.98,0,0
answer_cells,2,qirana_uniform_gain,0.25667044891560553,0.1465505466389102,0.1465505466389102,0.8360096323448848,0.982560178983795,0.8360096323448848,0.982560178983795,0.4290322580645163,0.0,0.0,4.818810442026913e-18,2.1930331350620372e-16,0.98,0.98,0,0
answer_cells,2,qirana_shannon,0.27800746277773003,0.1655849330403785,0.1655849330403785,0.814515630089248,0.9801005631296265,0.814515630089248,0.9801005631296265,0.40438673341382414,0.0,0.0,0.0,0.0,0.97375,0.97375,0,0
answer_cells,2,querymarket_viewcover,0.27566004884762163,0.15865604922988505,0.15865604922988505,0.8262342461129738,0.984890295342859,0.8262342461129738,0.984890295342859,0.42445033332491944,0.0,0.0,5.515846194984613e-18,1.9701279530689096e-16,0.9875,0.9875,0,0
answer_cells,2,monopoly_per_asset,1.0,0.33916145058680247,0.34398315315648403,0.36165548975615797,0.7008169403429605,0.38326231228608715,0.7272454654425712,0.6608385494131975,0.11663479923518165,0.16304347826086957,0.051416279608295465,0.8678249811533219,0.49375,0.5275,8,0
answer_cells,2,monotone_constrained,0.8958915442607458,0.35913271148162196,0.3616161945462918,0.32325235146405484,0.6823850629456768,0.3274335180283487,0.6890497125746404,0.599133719050821,0.0,0.019021739130434784,0.005216998991145841,0.8648769864465344,0.47375,0.47625,7,0
answer_cells,2,chawla_ubp,0.4661557973522194,0.33946200180628416,0.33946200180628416,0.3948444053643256,0.7343064071706098,0.3948444053643256,0.7343064071706098,0.2717842323651454,0.0,0.0,0.0,0.0,0.43875,0.43875,0,0
answer_cells,2,chawla_uip,0.45893702277244497,0.2758404896726997,0.2758404896726997,0.6070980417412716,0.8829385314139713,0.6070980417412716,0.8829385314139713,0.39895786135024924,0.0,0.0,4.450418069281138e-18,3.416829299787448e-16,0.84625,0.84625,0,0
answer_cells,2,chawla_lpip,0.24443004489333753,0.022270430050484506,0.022270430050484506,0.945293435386289,0.9675638654367734,0.945293435386289,0.9675638654367734,0.9088883281095714,0.0,0.0,0.0,0.0,0.97625,0.97625,0,0
answer_cells,2,chawla_cip,0.5147502798611672,0.1321073162879459,0.1321073162879459,0.6107961506945971,0.742903466982543,0.6107961506945971,0.742903466982543,0.7433564944858768,0.0,0.0,1.6934986253744112e-18,2.59337876813685e-16,0.68625,0.68625,0,0
answer_cells,2,chawla_layering,0.11668021297289838,0.010217061801894658,0.010217061801894658,0.8757141428865648,0.8859312046884594,0.8757141428865648,0.8859312046884594,0.9124353517912432,0.0,0.0,0.0,0.0,0.94375,0.94375,0,0
answer_cells,2,chawla_xos,0.5116040640470093,0.13133494108238222,0.13133494108238222,0.609226392822599,0.7405613339049814,0.609226392822599,0.7405613339049814,0.7432879245652075,0.0,0.0,1.3899624925296707e-18,2.59337876813685e-16,0.685,0.685,0,0
answer_cells,3,uniform,0.4819763631033266,0.39260326266032564,0.39260326266032564,0.44868880776928155,0.8412920704296071,0.44868880776928155,0.8412920704296071,0.1854304635761589,0.0,0.0,0.0,0.0,0.46125,0.46125,0,0
answer_cells,3,size_proportional,0.25712200508516697,0.1958299318583929,0.1958299318583929,0.934565273153345,1.1303952050117378,0.934565273153345,1.1303952050117378,0.23837739288969917,0.0,0.0,9.883973097076962e-19,1.818651049862161e-16,0.99875,0.99875,0,0
answer_cells,3,compute_metered,0.46608612166094004,0.38552386590063875,0.38552386590063875,0.43462490442384355,0.8201487703244823,0.43462490442384355,0.8201487703244823,0.17284843297459795,0.15009560229445507,0.01358695652173913,0.0013730186735621025,0.1811219448743462,0.5075,0.5075,5,0
answer_cells,3,qirana_weighted_coverage,0.23572632520212855,0.18908751082030612,0.18908751082030612,0.9276651682917326,1.1167526791120388,0.9276651682917326,1.1167526791120388,0.19785153118486443,0.0,0.0,4.818810442026913e-18,2.1930331350620372e-16,0.96875,0.96875,0,0
answer_cells,3,qirana_uniform_gain,0.23572632520212855,0.18908751082030612,0.18908751082030612,0.9276651682917326,1.1167526791120388,0.9276651682917326,1.1167526791120388,0.19785153118486443,0.0,0.0,4.818810442026913e-18,2.1930331350620372e-16,0.96875,0.96875,0,0
answer_cells,3,qirana_shannon,0.2561882360415166,0.20361568030132177,0.20361568030132177,0.9046917290440386,1.1083074093453604,0.9046917290440386,1.1083074093453604,0.20521065507346392,0.0,0.0,0.0,0.0,0.96375,0.96375,0,0
answer_cells,3,querymarket_viewcover,0.2455993430278081,0.20196143549880807,0.20196143549880807,0.916609924637726,1.1185713601365341,0.916609924637726,1.1185713601365341,0.17767925187022626,0.0,0.0,5.515846194984613e-18,1.9701279530689096e-16,0.97625,0.97625,0,0
answer_cells,3,monopoly_per_asset,1.0,0.36103886305057137,0.3772157208095389,0.3953910272147643,0.7564298902653357,0.4783804894183493,0.8555962102278883,0.6389611369494286,0.21606118546845124,0.15217391304347827,0.060993060610906216,0.9854128851657624,0.5625,0.58625,8,0
answer_cells,3,monotone_constrained,0.7865770842594538,0.3618501422574378,0.3614012062242499,0.28407678075169823,0.645926923009136,0.28452571678488614,0.645926923009136,0.539968619098391,0.0,0.03260869565217391,0.01108107968322326,0.628101076727707,0.4675,0.4675,8,0
answer_cells,3,chawla_ubp,0.4826977569468988,0.3977009780062492,0.3977009780062492,0.45414191260467035,0.8518428906109196,0.45414191260467035,0.8518428906109196,0.1760869565217391,0.0,0.0,0.0,0.0,0.47375,0.47375,0,0
answer_cells,3,chawla_uip,0.5292171485610986,0.24413742383477613,0.24413742383477613,0.5923379027836873,0.8364753266184635,0.5923379027836873,0.8364753266184635,0.5386819484240688,0.0,0.0,9.277659524379891e-18,5.9032722058656e-16,0.75125,0.75125,0,0
answer_cells,3,chawla_lpip,0.3438313395120045,0.10703525723889469,0.10703525723889469,0.90058838490848,1.0076236421473748,0.90058838490848,1.0076236421473748,0.6886983676624461,0.0,0.0,0.0,0.0,0.9,0.9,0,0
answer_cells,3,chawla_cip,0.4285147609511103,0.1592981152790489,0.1592981152790489,0.7821881418499166,0.9414862571289654,0.7821881418499166,0.9414862571289654,0.6282552439372715,0.0,0.0,4.784838108624087e-19,1.7608204239736643e-16,0.86875,0.86875,0,0
answer_cells,3,chawla_layering,0.08149689857657721,0.0,0.0,1.0020443375373755,1.0020443375373755,1.0020443375373755,1.0020443375373755,1.0,0.0,0.0,0.0,0.0,0.95875,0.95875,0,0
answer_cells,3,chawla_xos,0.43710605310479084,0.1597541769833176,0.1597541769833176,0.7341869837013907,0.8939411606847083,0.7341869837013907,0.8939411606847083,0.6345184976310121,0.0,0.0,4.784838108624087e-19,1.7608204239736643e-16,0.8275,0.8275,0,0
answer_cells,4,uniform,0.4886746300959719,0.5203479857503405,0.5203479857503405,0.8627281553380103,1.3830761410883508,0.8627281553380103,1.3830761410883508,-0.06481481481481488,0.0,0.0,0.0,0.0,0.575,0.575,0,0
answer_cells,4,size_proportional,0.2466455225487976,0.33489009661942554,0.33489009661942554,1.3004815085162937,1.6353716051357192,1.3004815085162937,1.6353716051357192,-0.357778941854374,0.0,0.0,9.883973097076962e-19,1.818651049862161e-16,0.9975,0.9975,0,0
answer_cells,4,compute_metered,0.42105870075329804,0.4995940162189168,0.4986780716028168,0.6792791893482872,1.1788732055672042,0.6801951339643872,1.1788732055672042,-0.1865186856965897,0.15009560229445507,0.01358695652173913,0.0013730186735621016,0.18112194487434616,0.4625,0.4625,5,0
answer_cells,4,qirana_weighted_coverage,0.22800434078172552,0.24542133903588512,0.24542133903588512,1.299364373629219,1.5447857126651043,1.299364373629219,1.5447857126651043,-0.07638888888888884,0.0,0.0,4.818810442026913e-18,2.1930331350620372e-16,0.945,0.945,0,0
answer_cells,4,qirana_uniform_gain,0.22800434078172552,0.24542133903588512,0.24542133903588512,1.299364373629219,1.5447857126651043,1.299364373629219,1.5447857126651043,-0.07638888888888884,0.0,0.0,4.818810442026913e-18,2.1930331350620372e-16,0.945,0.945,0,0
answer_cells,4,qirana_shannon,0.2518936692219959,0.2648613736276498,0.2648613736276498,1.2684097299343922,1.5332711035620419,1.2684097299343922,1.5332711035620419,-0.05148086669151408,0.0,0.0,0.0,0.0,0.9375,0.9375,0,0
answer_cells,4,querymarket_viewcover,0.22240188748544024,0.24784820804348393,0.24784820804348393,1.298604649043669,1.5464528570871527,1.298604649043669,1.5464528570871527,-0.11441593794796168,0.0,0.0,5.515846194984613e-18,1.9701279530689096e-16,0.94875,0.94875,0,0
answer_cells,4,monopoly_per_asset,1.0,0.4916952238132681,0.47890128234833235,0.48917300665937197,0.98086823047264,0.6701404707873279,1.14904175313566,0.5083047761867319,0.19980879541108987,0.15760869565217392,0.06427279913186465,0.9738175833899305,0.47875,0.53875,8,0
answer_cells,4,monotone_constrained,0.9070930464650122,0.5291225646345311,0.5251973273007999,0.37454258792220696,0.9036651525567382,0.3784678252559382,0.9036651525567382,0.41668325350243984,0.0,0.035326086956521736,0.008411940804632768,0.5172838860671437,0.4025,0.4025,8,0
answer_cells,4,chawla_ubp,0.49017599910959886,0.5196773323893433,0.5196773323893433,0.8611310360543076,1.380808368443651,0.8611310360543076,1.380808368443651,-0.06018518518518534,0.0,0.0,0.0,0.0,0.5725,0.5725,0,0
answer_cells,4,chawla_uip,0.4462789975761559,0.3923864184930109,0.3923864184930109,1.0138683980434342,1.4062548165364452,1.0138683980434342,1.4062548165364452,0.12075983717774752,0.0,0.0,3.1917472581989613e-18,3.492369876931572e-16,0.875,0.875,0,0
answer_cells,4,chawla_lpip,0.16265434902892092,0.14899698893707713,0.14899698893707713,1.3574585375538748,1.5064555264909518,1.3574585375538748,1.5064555264909518,0.08396553903034853,0.0,0.0,0.0,0.0,0.925,0.925,0,0
answer_cells,4,chawla_cip,0.4445675952862048,0.27684538164181854,0.27684538164181854,0.8431443464290057,1.1199897280708242,0.8431443464290057,1.1199897280708242,0.377270443061442,0.0,0.0,0.0,0.0,0.70125,0.70125,0,0
answer_cells,4,chawla_layering,0.13479859049720108,0.05583099700765108,0.05583099700765108,1.0463158086776987,1.1021468056853498,1.0463158086776987,1.1021468056853498,0.5858191335553294,0.0,0.0,4.925488801128684e-19,1.8125798788153556e-16,0.7925,0.7925,0,0
answer_cells,4,chawla_xos,0.436390790608606,0.25774344378392994,0.25774344378392994,0.8242570015316711,1.0820004453156011,0.8242570015316711,1.0820004453156011,0.4093746950423224,0.0,0.0,0.0,0.0,0.6875,0.6875,0,0
support_rows,0,uniform,0.6643424896424761,0.04387167384431446,0.04387167384431446,0.03812152606788458,0.08199319991219904,0.03812152606788458,0.08199319991219904,0.9339622641509434,0.0,0.0,0.0,0.0,0.00875,0.00875,0,0
support_rows,0,size_proportional,0.080309941156868,0.09444798887413877,0.09444798887413877,0.43378518551337186,0.5282331743875106,0.43378518551337186,0.5282331743875106,-0.17604355716878395,0.0,0.0,9.883973097076962e-19,1.818651049862161e-16,0.95375,0.95375,0,0
support_rows,0,compute_metered,0.2750670866048594,0.07923743242167397,0.0783877789224871,0.08692758929183178,0.16616502171350575,0.08777724279101864,0.16616502171350575,0.7119341561373336,0.15009560229445507,0.01358695652173913,0.0013730186735621019,0.1811219448743461,0.05,0.05,5,0
support_rows,0,qirana_weighted_coverage,0.7192604242225912,0.10029378009909173,0.10029378009909173,0.41399354728677895,0.5142873273858707,0.41399354728677895,0.5142873273858707,0.8605598518679882,0.0,0.0,4.818810442026913e-18,2.1930331350620372e-16,0.985,0.985,0,0
support_rows,0,qirana_uniform_gain,0.7192604242225912,0.10029378009909173,0.10029378009909173,0.41399354728677895,0.5142873273858707,0.41399354728677895,0.5142873273858707,0.8605598518679882,0.0,0.0,4.818810442026913e-18,2.1930331350620372e-16,0.985,0.985,0,0
support_rows,0,qirana_shannon,0.7283273945003002,0.11045845632500051,0.11045845632500051,0.4028466480916314,0.5133051044166319,0.4028466480916314,0.5133051044166319,0.8483395555912252,0.0,0.0,0.0,0.0,0.98375,0.98375,0,0
support_rows,0,querymarket_viewcover,0.7186079302765835,0.10230395644962043,0.10230395644962041,0.41235368752039997,0.5146576439700203,0.41235368752039997,0.5146576439700203,0.8576359205912953,0.0,0.0,5.515846194984613e-18,1.9701279530689096e-16,0.9925,0.9925,0,0
support_rows,0,monopoly_per_asset,1.0,0.1659676696539643,0.1529720766977319,0.2255836534057177,0.391551323059682,0.27064309791199376,0.42361517460972564,0.8340323303460357,0.23518164435946462,0.1875,0.08390647371839284,0.9427362787393623,0.38875,0.42375,8,0
support_rows,0,monotone_constrained,0.9641932839952739,0.18335051804982563,0.18349933578250532,0.14247357135051114,0.3258240894003368,0.14620714140862898,0.32970647719113433,0.8098404945426644,0.0,0.06793478260869565,0.023318681876230662,0.7306758613191918,0.315,0.3175,8,0
support_rows,0,chawla_ubp,0.7196641774177123,0.04554836565934889,0.04554836565934889,0.020803198407052196,0.06635156406640108,0.020803198407052196,0.06635156406640108,0.9367088607594937,0.0,0.0,0.0,0.0,0.00625,0.00625,0,0
support_rows,0,chawla_uip,0.7946367872930004,0.13379832412433731,0.13379832412433731,0.36940118246181064,0.503199506586148,0.36940118246181064,0.503199506586148,0.8316232947380489,0.0,0.0,4.9891961029331455e-18,3.5423746203912387e-16,0.9725,0.9725,0,0
support_rows,0,chawla_lpip,0.7036040817682078,0.03703179377727409,0.03703179377727409,0.46591024394272024,0.5029420377199944,0.46591024394272024,0.5029420377199944,0.9473684210526316,0.0,0.0,0.0,0.0,0.985,0.985,0,0
support_rows,0,chawla_cip,0.7961537165564537,0.09755816907631856,0.09755816907631856,0.36599194544430347,0.4635501145206221,0.36599194544430347,0.4635501145206221,0.8774631493296547,0.0,0.0,1.4213922064242982e-18,1.9027736524257292e-16,0.86875,0.86875,0,0
support_rows,0,chawla_layering,0.05295741846860231,0.0,0.0,0.4466419222741096,0.4466419222741096,0.4466419222741096,0.4466419222741096,1.0,0.0,0.0,0.0,0.0,0.985,0.985,0,0
support_rows,0,chawla_xos,0.8063507366117563,0.09561414359006143,0.09561414359006143,0.3570096953948006,0.45262383898486197,0.3570096953948006,0.45262383898486197,0.8814236296331457,0.0,0.0,9.043341486999153e-19,1.759118635143497e-16,0.86125,0.86125,0,0
support_rows,1,uniform,0.514651528150259,0.567082514932323,0.567082514932323,1.17848703155868,1.745569546491003,1.17848703155868,1.745569546491003,-0.10187667560321723,0.0,0.0,0.0,0.0,0.51375,0.51375,0,0
support_rows,1,size_proportional,0.23126044458210945,0.24078208484562738,0.24078208484562738,1.7515507489932878,1.9923328338389152,1.7515507489932878,1.9923328338389152,-0.0411728009981287,0.0,0.0,9.883973097076962e-19,1.818651049862161e-16,0.96125,0.96125,0,0
support_rows,1,compute_metered,0.5608197256633355,0.601084577631196,0.6001464587447305,1.0908926347974133,1.6919772124286094,1.0918307536838787,1.6919772124286094,-0.07179642606228853,0.15009560229445507,0.01358695652173913,0.0013730186735621025,0.18112194487434619,0.52125,0.52125,5,0
support_rows,1,qirana_weighted_coverage,0.28492642884917047,0.39002910728977724,0.39002910728977724,1.5913990699308505,1.9814281772206275,1.5913990699308505,1.9814281772206275,-0.36887655127367736,0.0,0.0,4.818810442026913e-18,2.1930331350620372e-16,0.9925,0.9925,0,0
support_rows,1,qirana_uniform_gain,0.28492642884917047,0.39002910728977724,0.39002910728977724,1.5913990699308505,1.9814281772206275,1.5913990699308505,1.9814281772206275,-0.36887655127367736,0.0,0.0,4.818810442026913e-18,2.1930331350620372e-16,0.9925,0.9925,0,0
support_rows,1,qirana_shannon,0.32066849096445166,0.4283445288780429,0.4283445288780429,1.5494618756493332,1.9778064045273762,1.5494618756493332,1.9778064045273762,-0.335786149707886,0.0,0.0,0.0,0.0,0.99125,0.99125,0,0
support_rows,1,querymarket_viewcover,0.29642180474392255,0.4036334307048416,0.4036334307048416,1.578223872673922,1.9818573033787636,1.578223872673922,1.9818573033787636,-0.3616860306668017,0.0,0.0,5.515846194984613e-18,1.9701279530689096e-16,0.99375,0.99375,0,0
support_rows,1,monopoly_per_asset,1.0,0.6460853655562783,0.6490042970689784,0.7972274636865834,1.4433128292428616,0.9594446523831573,1.6084489494521357,0.35391463444372173,0.1835564053537285,0.20108695652173914,0.0810651970041126,0.9941471036312567,0.45375,0.52,8,0
support_rows,1,monotone_constrained,0.9238039161033897,0.6267191177330224,0.643293420951245,0.7198240562475638,1.3465431739805864,0.8009637404928425,1.4442571614440876,0.32158858951742997,0.0,0.029891304347826088,0.007151156719828341,0.42922335604380957,0.39375,0.4225,8,0
support_rows,1,chawla_ubp,0.5168097681080399,0.5880938740539766,0.5880938740539766,1.0858998864352682,1.673993760489245,1.0858998864352682,1.673993760489245,-0.1379310344827589,0.0,0.0,0.0,0.0,0.45375,0.45375,0,0
support_rows,1,chawla_uip,0.598838332140268,0.7319135170603276,0.7319135170603276,0.7450993084388682,1.4770128254991959,0.7450993084388682,1.4770128254991959,-0.22222222222222232,0.0,0.0,7.750105651768909e-18,3.5859227207838447e-16,0.7075,0.7075,0,0
support_rows,1,chawla_lpip,0.534886715751989,0.40748748167348886,0.40748748167348886,1.4717301999889825,1.8792176816624715,1.4717301999889825,1.8792176816624715,0.2381798431830402,0.0,0.0,0.0,0.0,0.92875,0.92875,0,0
support_rows,1,chawla_cip,0.3691458281947657,0.42736520906466546,0.42736520906466546,0.6473959101786511,1.0747611192433164,0.6473959101786511,1.0747611192433164,-0.15771377169453626,0.0,0.0,4.583759861592977e-19,1.6868236290662156e-16,0.58375,0.58375,0,0
support_rows,1,chawla_layering,0.29265641614086024,0.5211416956277088,0.5211416956277088,0.7503668037532845,1.271508499380993,0.7503668037532845,1.271508499380993,-0.7807287552406674,0.0,0.0,0.0,0.0,0.67375,0.67375,0,0
support_rows,1,chawla_xos,0.3690663372114746,0.4282135116123284,0.4282135116123284,0.646547607630988,1.0747611192433164,0.646547607630988,1.0747611192433164,-0.16026163439274232,0.0,0.0,4.583759861592977e-19,1.6868236290662156e-16,0.58375,0.58375,0,0
support_rows,2,uniform,0.4001801294796681,0.31233571081339945,0.31233571081339945,0.35975558799974355,0.672091298813143,0.35975558799974355,0.672091298813143,0.2195121951219513,0.0,0.0,0.0,0.0,0.32,0.32,0,0
support_rows,2,size_proportional,0.27753506280220047,0.1399847904484783,0.1399847904484783,0.8394715765985893,0.9794563670470675,0.8394715765985893,0.9794563670470675,0.4956140350877193,0.0,0.0,9.883973097076962e-19,1.818651049862161e-16,0.96875,0.96875,0,0
support_rows,2,compute_metered,0.44564338971002404,0.3360927615642809,0.3356485889460622,0.3970976526640854,0.7331904142283663,0.39754182528230414,0.7331904142283663,0.24582576713866822,0.15009560229445507,0.01358695652173913,0.0013730186735621016,0.18112194487434616,0.46,0.46,5,0
support_rows,2,qirana_weighted_coverage,0.32546996330104433,0.1625877693844799,0.1625877693844799,0.8260890390976776,0.9886768084821577,0.8260890390976776,0.9886768084821577,0.5004523067644988,0.0,0.0,4.818810442026913e-18,2.1930331350620372e-16,0.99625,0.99625,0,0
support_rows,2,qirana_uniform_gain,0.32546996330104433,0.1625877693844799,0.1625877693844799,0.8260890390976776,0.9886768084821577,0.8260890390976776,0.9886768084821577,0.5004523067644988,0.0,0.0,4.818810442026913e-18,2.1930331350620372e-16,0.99625,0.99625,0,0
support_rows,2,qirana_shannon,0.3517651342635688,0.1838227661141679,0.1838227661141679,0.8038870290490142,0.9877097951631821,0.8038870290490142,0.9877097951631821,0.4774275554653631,0.0,0.0,0.0,0.0,0.99,0.99,0,0
support_rows,2,querymarket_viewcover,0.348535890439182,0.1704516947825433,0.1704516947825433,0.8181524110815969,0.9886041058641403,0.8181524110815969,0.9886041058641403,0.5109493757794612,0.0,0.0,5.515846194984613e-18,1.9701279530689096e-16,0.9975,0.9975,0,0
support_rows,2,monopoly_per_asset,1.0,0.33592845865686244,0.3299164012352444,0.4024959814482727,0.7384244401051351,0.46075048872525903,0.7906668899605035,0.6640715413431375,0.12045889101338432,0.19021739130434784,0.07647053973954561,0.9875325546328912,0.49375,0.54625,8,0
support_rows,2,monotone_constrained,0.7830995252144816,0.3099042137027218,0.32564936465265626,0.34021446430198743,0.6501186780047092,0.3722627162543518,0.6979120809070081,0.6042594795114418,0.0,0.043478260869565216,0.018342205902114044,0.8483548502023027,0.47,0.475,8,0
support_rows,2,chawla_ubp,0.4023325692880054,0.3114441876717391,0.3114441876717391,0.3618638559057169,0.673308043577456,0.3618638559057169,0.673308043577456,0.22590361445783147,0.0,0.0,0.0,0.0,0.32125,0.32125,0,0
support_rows,2,chawla_uip,0.5278434605243096,0.33722517174130434,0.33722517174130434,0.5520803499591591,0.8893055217004634,0.5520803499591591,0.8893055217004634,0.36112655178803044,0.0,0.0,1.7012951231536562e-18,2.2006207568384726e-16,0.855,0.855,0,0
support_rows,2,chawla_lpip,0.3610849136570811,0.06143980083884594,0.06143980083884594,0.9138316977363301,0.975271498575176,0.9138316977363301,0.975271498575176,0.8298466689827015,0.0,0.0,0.0,0.0,0.94625,0.94625,0,0
support_rows,2,chawla_cip,0.4815113222842884,0.197317895063542,0.197317895063542,0.5830889044857164,0.7804067995492583,0.5830889044857164,0.7804067995492583,0.5902113077477256,0.0,0.0,1.3111986796155894e-18,1.8636664615485797e-16,0.69625,0.69625,0,0
support_rows,2,chawla_layering,0.15572013193829917,0.013166051376099122,0.013166051376099122,0.823176509690724,0.836342561066823,0.823176509690724,0.836342561066823,0.9154505508554547,0.0,0.0,0.0,0.0,0.94125,0.94125,0,0
support_rows,2,chawla_xos,0.4815723034165539,0.19774476298939994,0.19774476298939994,0.5826620365598585,0.7804067995492584,0.5826620365598585,0.7804067995492584,0.5893767943328891,0.0,0.0,1.3111986796155894e-18,1.8636664615485797e-16,0.69625,0.69625,0,0
support_rows,3,uniform,0.406420100768793,0.28942037478989807,0.28942037478989807,0.6208394058730516,0.9102597806629497,0.6208394058730516,0.9102597806629497,0.28787878787878773,0.0,0.0,0.0,0.0,0.41125,0.41125,0,0
support_rows,3,size_proportional,0.21097225566292602,0.14885493624654692,0.14885493624654692,0.8982549584673357,1.0471098947138826,0.8982549584673357,1.0471098947138826,0.2944335937500001,0.0,0.0,9.883973097076962e-19,1.818651049862161e-16,0.81125,0.81125,0,0
support_rows,3,compute_metered,0.4347148309536524,0.3088714691058181,0.3088714691058181,0.5220181062291871,0.8308895753350053,0.5220181062291871,0.8308895753350053,0.28948485969932614,0.15009560229445507,0.01358695652173913,0.0013730186735621023,0.18112194487434619,0.3625,0.3625,5,0
support_rows,3,qirana_weighted_coverage,0.28893129427192427,0.23514495813000796,0.23514495813000796,0.8211710667914451,1.0563160249214532,0.8211710667914451,1.0563160249214532,0.1861561457974017,0.0,0.0,4.818810442026913e-18,2.1930331350620372e-16,1.0,1.0,0,0
support_rows,3,qirana_uniform_gain,0.28893129427192427,0.23514495813000796,0.23514495813000796,0.8211710667914451,1.0563160249214532,0.8211710667914451,1.0563160249214532,0.1861561457974017,0.0,0.0,4.818810442026913e-18,2.1930331350620372e-16,1.0,1.0,0,0
support_rows,3,qirana_shannon,0.31263547770824474,0.25548010208050526,0.25548010208050526,0.7999665320068798,1.0554466340873851,0.7999665320068798,1.0554466340873851,0.18281794518879757,0.0,0.0,0.0,0.0,0.99625,0.99625,0,0
support_rows,3,querymarket_viewcover,0.2990822005917424,0.2429656099603663,0.2429656099603663,0.8128896489507731,1.0558552589111394,0.8128896489507731,1.0558552589111394,0.1876293223747446,0.0,0.0,5.515846194984613e-18,1.9701279530689096e-16,0.99875,0.99875,0,0
support_rows,3,monopoly_per_asset,1.0,0.32627239447929207,0.287974293638291,0.38498175781479904,0.7112541522940911,0.5883392650717165,0.8763135587100076,0.673727605520708,0.26290630975143403,0.20108695652173914,0.09356177674658235,0.9895846135727583,0.5475,0.59375,8,0
support_rows,3,monotone_constrained,0.7867719376924894,0.3308074997516733,0.36029975963317956,0.27251282481875627,0.6033203245704296,0.27933029032200807,0.6396300499551876,0.5795382576533001,0.0,0.057065217391304345,0.0203589025621652,0.6241019171436131,0.46375,0.46875,8,0
support_rows,3,chawla_ubp,0.40806374114620464,0.2811977703411347,0.2811977703411347,0.504973174615433,0.7861709449565677,0.504973174615433,0.7861709449565677,0.3108974358974357,0.0,0.0,0.0,0.0,0.26875,0.26875,0,0
support_rows,3,chawla_uip,0.5427027384594785,0.25421234517835384,0.25421234517835384,0.2761622453633651,0.5303745905417189,0.2761622453633651,0.5303745905417189,0.5315808689302663,0.0,0.0,5.908476212163008e-18,5.179853774660878e-16,0.6675,0.6675,0,0
support_rows,3,chawla_lpip,0.39010150956135886,0.1520632750958574,0.1520632750958574,0.8958622432440311,1.0479255183398886,0.8958622432440311,1.0479255183398886,0.6101956250647642,0.0,0.0,0.0,0.0,0.98,0.98,0,0
support_rows,3,chawla_cip,0.43834703005556286,0.21462726867812296,0.21462726867812296,0.792181644952442,1.006808913630565,0.792181644952442,1.006808913630565,0.5103713405998946,0.0,0.0,7.877366660474606e-19,1.5412617403098797e-16,0.93375,0.93375,0,0
support_rows,3,chawla_layering,0.09672776425386313,0.0,0.0,0.7749079984452178,0.7749079984452178,0.7749079984452178,0.7749079984452178,1.0,0.0,0.0,0.0,0.0,0.95875,0.95875,0,0
support_rows,3,chawla_xos,0.4391841941299937,0.2172007807485368,0.2172007807485368,0.7887561513123613,1.005956932060898,0.7887561513123613,1.005956932060898,0.5054449052320682,0.0,0.0,4.1882112508420645e-19,1.5412617403098797e-16,0.93125,0.93125,0,0
support_rows,4,uniform,0.38617013550879353,0.44643235410729953,0.44643235410729953,0.9804740772324879,1.4269064313397872,0.9804740772324879,1.4269064313397872,-0.1560509554140126,0.0,0.0,0.0,0.0,0.45375,0.45375,0,0
support_rows,4,size_proportional,0.23034915619440027,0.23856385497417126,0.23856385497417126,1.4237757040955887,1.66233955906976,1.4237757040955887,1.66233955906976,-0.035661944308744475,0.0,0.0,1.4023456171172719e-18,1.9465541267775184e-16,0.97125,0.97125,0,0
support_rows,4,compute_metered,0.3851599603259009,0.37593509509076306,0.3764494601545545,0.822977430350005,1.198912525440768,0.8239197564739962,1.2003692166285507,0.023950737837163172,0.15009560229445507,0.01358695652173913,0.0013730186735621027,0.18112194487434624,0.3,0.30125,5,0
support_rows,4,qirana_weighted_coverage,0.28285657826198013,0.39056892260700493,0.3905689226070049,1.301358757340127,1.691927679947132,1.301358757340127,1.691927679947132,-0.3808019774787146,0.0,0.0,4.818810442026913e-18,2.1930331350620372e-16,0.99625,0.99625,0,0
support_rows,4,qirana_uniform_gain,0.28285657826198013,0.39056892260700493,0.3905689226070049,1.301358757340127,1.691927679947132,1.301358757340127,1.691927679947132,-0.3808019774787146,0.0,0.0,4.818810442026913e-18,2.1930331350620372e-16,0.99625,0.99625,0,0
support_rows,4,qirana_shannon,0.30781922517146965,0.4223582223209633,0.4223582223209633,1.2617463403615958,1.6841045626825593,1.2617463403615958,1.6841045626825593,-0.3720982569743332,0.0,0.0,0.0,0.0,0.98875,0.98875,0,0
support_rows,4,querymarket_viewcover,0.2786204162943371,0.3856456383459231,0.385645638345923,1.304761831511706,1.690407469857629,1.304761831511706,1.690407469857629,-0.3841255550294047,0.0,0.0,5.515846194984613e-18,1.9701279530689096e-16,0.995,0.995,0,0
support_rows,4,monopoly_per_asset,1.0,0.40537545959701526,0.3984916658394301,0.7572826066393011,1.1626580662363164,1.0081017209680054,1.4065933868074356,0.5946245404029847,0.22848948374760994,0.16576086956521738,0.07824214838073494,0.9836523952173133,0.48875,0.56375,8,0
support_rows,4,monotone_constrained,0.8802449401959969,0.4457374361276453,0.4617435443916471,0.6423926954469106,1.088130131574556,0.6538841241073462,1.1156276684989934,0.49362113228575144,0.0,0.04891304347826087,0.021161057045867022,0.775942914861308,0.41625,0.42125,8,0
support_rows,4,chawla_ubp,0.38644876043508225,0.44675445871953784,0.44675445871953784,0.9801519726202496,1.4269064313397872,0.9801519726202496,1.4269064313397872,-0.15605095541401282,0.0,0.0,0.0,0.0,0.45375,0.45375,0,0
support_rows,4,chawla_uip,0.5652176516912034,0.5520116317918763,0.5520116317918763,0.6693535956409523,1.2213652274328284,0.6693535956409523,1.2213652274328284,0.023364485981308247,0.0,0.0,1.1301861488928902e-18,4.159085027925836e-16,0.79125,0.79125,0,0
support_rows,4,chawla_lpip,0.37748336731777965,0.27143185222321387,0.27143185222321387,1.3499269003153924,1.6213587525386062,1.3499269003153924,1.6213587525386062,0.28094354420995615,0.0,0.0,4.6654831127973145e-19,1.7168977855094118e-16,0.93375,0.93375,0,0
support_rows,4,chawla_cip,0.45048328550834277,0.4267242804634945,0.4267242804634945,0.7388525027785572,1.1655767832420516,0.7388525027785572,1.1655767832420516,0.05274114669545993,0.0,0.0,9.369995228842784e-19,1.8375471369676625e-16,0.69125,0.69125,0,0
support_rows,4,chawla_layering,0.1379969780080275,0.1479694701540219,0.1479694701540219,0.8174031073670596,0.9653725775210814,0.8174031073670596,0.9653725775210814,-0.0722660183574042,0.0,0.0,0.0,0.0,0.78625,0.78625,0,0
support_rows,4,chawla_xos,0.45092995022919663,0.4267242804634945,0.4267242804634945,0.7388525027785572,1.1655767832420516,0.7388525027785572,1.1655767832420516,0.05367944567310057,0.0,0.0,9.369995228842784e-19,1.8375471369676625e-16,0.69125,0.69125,0,0
rows_x_log_support,0,uniform,0.5418728627855156,0.478372136677838,0.478372136677838,0.7214856380717564,1.1998577747495944,0.7214856380717564,1.1998577747495944,0.1171875,0.0,0.0,0.0,0.0,0.42375,0.42375,0,0
rows_x_log_support,0,size_proportional,0.2902285251419056,0.34159490546783866,0.34159490546783866,1.1879391678579656,1.529534073325804,1.1879391678579656,1.529534073325804,-0.17698598130841114,0.0,0.0,9.883973097076962e-19,1.818651049862161e-16,0.9925,0.9925,0,0
rows_x_log_support,0,compute_metered,0.5209306733845306,0.5018641640697996,0.5011981359617984,0.7342308325796171,1.2360949966494168,0.7348968606876183,1.2360949966494168,0.03660085744395558,0.15009560229445507,0.01358695652173913,0.0013730186735621023,0.18112194487434624,0.58375,0.58375,5,0
rows_x_log_support,0,qirana_weighted_coverage,0.20883105862903795,0.08161282308397175,0.08161282308397175,1.4852428048960697,1.5668556279800414,1.4852428048960697,1.5668556279800414,0.6091921210391094,0.0,0.0,2.844105053328758e-18,1.6969540402781696e-16,0.995,0.995,0,0
rows_x_log_support,0,qirana_uniform_gain,0.20883105862903795,0.08161282308397175,0.08161282308397175,1.4852428048960697,1.5668556279800414,1.4852428048960697,1.5668556279800414,0.6091921210391094,0.0,0.0,2.844105053328758e-18,1.6969540402781696e-16,0.995,0.995,0,0
rows_x_log_support,0,qirana_shannon,0.2291961161397319,0.29901387729104273,0.29901387729104273,1.190960455122303,1.4899743324133456,1.190960455122303,1.4899743324133456,-0.30462017562612487,0.0,0.0,0.0,0.0,0.9475,0.9475,0,0
rows_x_log_support,0,querymarket_viewcover,0.20897565334996515,0.27756780588814733,0.27756780588814733,1.2192294476228949,1.4967972535110423,1.219229447622895,1.4967972535110425,-0.3282303533384008,0.0,0.0,5.515846194984613e-18,1.9701279530689096e-16,0.96125,0.96125,0,0
rows_x_log_support,0,monopoly_per_asset,1.0,0.49160591249013846,0.5059815782586001,0.6188660492327308,1.1104719617228693,0.6744021377264451,1.1803837159850452,0.5083940875098616,0.20172084130019122,0.14945652173913043,0.06143973275593373,0.8906298950853245,0.435,0.46375,8,0
rows_x_log_support,0,monotone_constrained,0.923147195809099,0.5793321137387835,0.5968887631495174,0.4101322391195617,0.9894643528583452,0.41597685252961464,1.012865615679132,0.3724379856551222,0.0,0.029891304347826088,0.00915855821890037,0.6761019752293508,0.3725,0.375,8,0
rows_x_log_support,0,chawla_ubp,0.5430118823052932,0.4806293161918914,0.4806293161918914,0.7192284585577031,1.1998577747495944,0.7192284585577031,1.1998577747495944,0.11488250652741516,0.0,0.0,0.0,0.0,0.42375,0.42375,0,0
rows_x_log_support,0,chawla_uip,0.34907035078092935,0.43145095356522867,0.43145095356522867,0.6987395402108805,1.1301904937761091,0.6987395402108805,1.1301904937761091,-0.236,0.0,0.0,1.517791740762411e-17,4.2802579926139815e-16,0.7025,0.7025,0,0
rows_x_log_support,0,chawla_lpip,0.21360654070463783,0.01671703362036296,0.01671703362036296,1.551143088985381,1.5678601226057438,1.551143088985381,1.5678601226057438,0.9217391304347826,0.0,0.0,0.0,0.0,0.9925,0.9925,0,0
rows_x_log_support,0,chawla_cip,0.35582510786967103,0.28921966710956587,0.28921966710956587,0.8728030451436116,1.1620227122531774,0.8728030451436116,1.1620227122531774,0.18718589353874637,0.0,0.0,0.0,0.0,0.74625,0.74625,0,0
rows_x_log_support,0,chawla_layering,0.3272299535449064,0.18106824178450664,0.18106824178450664,0.8392356368949917,1.0203038786794982,0.8392356368949917,1.0203038786794982,0.4466636081966797,0.0,0.0,0.0,0.0,0.71375,0.71375,0,0
rows_x_log_support,0,chawla_xos,0.35582510786967103,0.28921966710956587,0.28921966710956587,0.8728030451436116,1.1620227122531774,0.8728030451436116,1.1620227122531774,0.18718589353874637,0.0,0.0,0.0,0.0,0.74625,0.74625,0,0
rows_x_log_support,1,uniform,0.4586780583397728,0.5259657930595438,0.5259657930595438,0.8436658751768747,1.3696316682364187,0.8436658751768747,1.3696316682364187,-0.1466992665036675,0.0,0.0,0.0,0.0,0.58625,0.58625,0,0
rows_x_log_support,1,size_proportional,0.35241723933166386,0.3120286510512601,0.3120286510512601,1.274372823011007,1.5864014740622667,1.274372823011007,1.5864014740622667,0.11460446247464517,0.0,0.0,9.883973097076962e-19,1.818651049862161e-16,0.98875,0.98875,0,0
rows_x_log_support,1,compute_metered,0.39594993522424116,0.48276086793215794,0.4820527981125237,0.8418358348947941,1.324596702826952,0.8425439047144282,1.324596702826952,-0.21924724563662945,0.15009560229445507,0.01358695652173913,0.0013730186735621027,0.18112194487434616,0.6175,0.6175,5,0
rows_x_log_support,1,qirana_weighted_coverage,0.3158351861414043,0.3580233898376649,0.3580233898376649,1.1942489155931735,1.5522723054308385,1.1942489155931737,1.5522723054308385,-0.13357664233576627,0.0,0.0,4.818810442026913e-18,2.1930331350620372e-16,0.95375,0.95375,0,0
rows_x_log_support,1,qirana_uniform_gain,0.3158351861414043,0.3580233898376649,0.3580233898376649,1.1942489155931735,1.5522723054308385,1.1942489155931737,1.5522723054308385,-0.13357664233576627,0.0,0.0,4.818810442026913e-18,2.1930331350620372e-16,0.95375,0.95375,0,0
rows_x_log_support,1,qirana_shannon,0.3471962286165284,0.38837216982801176,0.38837216982801176,1.148002936942453,1.5363751067704647,1.148002936942453,1.5363751067704647,-0.11859558894276301,0.0,0.0,0.0,0.0,0.94,0.94,0,0
rows_x_log_support,1,querymarket_viewcover,0.3179878106099347,0.37826080017537644,0.37826080017537644,1.1795712160764618,1.5578320162518382,1.1795712160764618,1.5578320162518382,-0.18954496856288827,0.0,0.0,5.515846194984613e-18,1.9701279530689096e-16,0.96,0.96,0,0
rows_x_log_support,1,monopoly_per_asset,1.0,0.580475096550855,0.5652674116921523,0.5853190717571944,1.1657941683080495,0.6342217896158335,1.1994892013079859,0.41952490344914495,0.13862332695984703,0.16032608695652173,0.06437017127397071,0.8393342391012234,0.4925,0.5175,8,0
rows_x_log_support,1,monotone_constrained,0.9430285011659507,0.5679666553314655,0.5679666553314655,0.5055002263272595,1.073466881658725,0.5055002263272595,1.073466881658725,0.39772058359928963,0.0,0.016304347826086956,0.0049388713808354925,0.6277153640622332,0.42875,0.42875,6,0
rows_x_log_support,1,chawla_ubp,0.45959917026837466,0.5257366118435799,0.5257366118435799,0.8438950563928391,1.369631668236419,0.8438950563928391,1.369631668236419,-0.14390243902439037,0.0,0.0,0.0,0.0,0.58625,0.58625,0,0
rows_x_log_support,1,chawla_uip,0.49286348182716155,0.5051976547635921,0.5051976547635921,0.5428463007725081,1.0480439555361,0.5428463007725081,1.0480439555361,-0.02502553626149151,0.0,0.0,7.401076163595783e-18,6.02549096390466e-16,0.56375,0.56375,0,0
rows_x_log_support,1,chawla_lpip,0.5007025721660588,0.3664782008652961,0.3664782008652961,1.0007550644973793,1.3672332653626753,1.0007550644973793,1.3672332653626753,0.26807206266207684,0.0,0.0,3.295091074143011e-19,1.212593515284628e-16,0.7725,0.7725,0,0
rows_x_log_support,1,chawla_cip,0.3818986424863225,0.3554821156794245,0.3554821156794245,0.6080405263661794,0.963522642045604,0.6080405263661794,0.963522642045604,0.06917156509097577,0.0,0.0,3.883073634553623e-19,1.4289710975157332e-16,0.565,0.565,0,0
rows_x_log_support,1,chawla_layering,0.10105027952206949,0.10105027952206949,0.10105027952206949,1.4090208925959478,1.5100711721180171,1.4090208925959478,1.5100711721180171,0.0,0.0,0.0,0.0,0.0,0.9875,0.9875,0,0
rows_x_log_support,1,chawla_xos,0.3840734874373756,0.3573338251895359,0.3573338251895359,0.6011048346095487,0.9584386597990844,0.6011048346095487,0.9584386597990844,0.06962121344603278,0.0,0.0,3.883073634553623e-19,1.4289710975157332e-16,0.56125,0.56125,0,0
rows_x_log_support,2,uniform,0.42823768195801387,0.30559204512039667,0.30559204512039667,0.3526685620188763,0.658260607139273,0.3526685620188763,0.658260607139273,0.28639618138424794,0.0,0.0,0.0,0.0,0.37375,0.37375,0,0
rows_x_log_support,2,size_proportional,0.37146184688078443,0.19277435784486216,0.19277435784486216,0.7483091527544093,0.9410835105992714,0.7483091527544093,0.9410835105992714,0.481038606081312,0.0,0.0,0.0,0.0,0.99625,0.99625,0,0
rows_x_log_support,2,compute_metered,0.4633130685236804,0.31355632089122765,0.3130340791305788,0.30502400742307967,0.6185803283143073,0.30554624918372847,0.6185803283143072,0.32323013920078647,0.15009560229445507,0.01358695652173913,0.0013730186735621016,0.18112194487434607,0.395,0.395,5,0
rows_x_log_support,2,qirana_weighted_coverage,0.3018633975920908,0.17113969613723828,0.17113969613723828,0.7589244697172564,0.9300641658544946,0.7589244697172564,0.9300641658544946,0.43305582093626316,0.0,0.0,4.818810442026913e-18,2.1930331350620372e-16,0.97,0.97,0,0
rows_x_log_support,2,qirana_uniform_gain,0.3018633975920908,0.17113969613723828,0.17113969613723828,0.7589244697172564,0.9300641658544946,0.7589244697172564,0.9300641658544946,0.43305582093626316,0.0,0.0,4.818810442026913e-18,2.1930331350620372e-16,0.97,0.97,0,0
rows_x_log_support,2,qirana_shannon,0.32616825310654934,0.18647658118065769,0.18647658118065769,0.7342618868040445,0.9207384679847023,0.7342618868040445,0.9207384679847023,0.4282810193678126,0.0,0.0,0.0,0.0,0.95625,0.95625,0,0
rows_x_log_support,2,querymarket_viewcover,0.3256190452560142,0.18317049877298075,0.18317049877298075,0.7468469178236995,0.9300174165966802,0.7468469178236995,0.9300174165966802,0.43746994703898523,0.0,0.0,5.515846194984613e-18,1.9701279530689096e-16,0.97125,0.97125,0,0
rows_x_log_support,2,monopoly_per_asset,1.0,0.3266972396675049,0.32958983857357366,0.34845703088366975,0.6751542705511747,0.371116056843793,0.7007058954173666,0.673302760332495,0.10803059273422562,0.16576086956521738,0.055527542935119543,0.8810934088127144,0.495,0.52875,8,0
rows_x_log_support,2,monotone_constrained,0.9443500269399487,0.3481469638214847,0.349986079637466,0.3129747373419372,0.661121701163422,0.3178899476143367,0.6678760272518027,0.6313369472232531,0.0,0.024456521739130436,0.006171501850039221,0.8780797956809226,0.4775,0.48,8,0
rows_x_log_support,2,chawla_ubp,0.4288593687203124,0.3050121524550194,0.3050121524550194,0.3522258907311577,0.6572380431861772,0.3522258907311577,0.6572380431861772,0.28878281622911683,0.0,0.0,0.0,0.0,0.3725,0.3725,0,0
rows_x_log_support,2,chawla_uip,0.5357009640635191,0.2903417438817546,0.2903417438817546,0.5047111024354466,0.7950528463172012,0.5047111024354466,0.7950528463172012,0.4580152671755725,0.0,0.0,1.7426506735922708e-17,4.2184144766957443e-16,0.765,0.765,0,0
rows_x_log_support,2,chawla_lpip,0.23294875945264126,0.027054386489576792,0.027054386489576792,0.8850988810247493,0.9121532675143262,0.8850988810247493,0.9121532675143262,0.8838612124265166,0.0,0.0,0.0,0.0,0.9625,0.9625,0,0
rows_x_log_support,2,chawla_cip,0.5202899798301465,0.14197483242613804,0.14197483242613804,0.5326016299781189,0.674576462404257,0.5326016299781189,0.674576462404257,0.7271236465624669,0.0,0.0,1.3705570854968796e-18,1.8079024921453482e-16,0.65,0.65,0,0
rows_x_log_support,2,chawla_layering,0.12708522600270303,0.011150596236980786,0.011150596236980786,0.819889156585516,0.8310397528224966,0.819889156585516,0.8310397528224966,0.9122589101211213,0.0,0.0,0.0,0.0,0.94375,0.94375,0,0
rows_x_log_support,2,chawla_xos,0.517050112823814,0.14071139622640633,0.14071139622640633,0.5310065283498958,0.6717179245763021,0.5310065283498958,0.6717179245763021,0.7278573338705487,0.0,0.0,1.3705570854968796e-18,1.8079024921453482e-16,0.6475,0.6475,0,0
rows_x_log_support,3,uniform,0.44809605830164234,0.3160484275943951,0.3160484275943951,0.41241235772375634,0.7284607853181515,0.41241235772375634,0.7284607853181515,0.2946859903381642,0.0,0.0,0.0,0.0,0.365,0.365,0,0
rows_x_log_support,3,size_proportional,0.30501059196732183,0.2312962218156207,0.2312962218156207,0.7869907265581161,1.018286948373737,0.7869907265581161,1.018286948373737,0.2416780665754673,0.0,0.0,0.0,0.0,0.98875,0.98875,0,0
rows_x_log_support,3,compute_metered,0.4517400886638254,0.31696143690490697,0.31696143690490697,0.3987128489751478,0.7156742858800547,0.3987128489751478,0.7156742858800547,0.29835441914746164,0.15009560229445507,0.01358695652173913,0.0013730186735621019,0.1811219448743462,0.4225,0.4225,5,0
rows_x_log_support,3,qirana_weighted_coverage,0.27506096180449097,0.2209247022503898,0.2209247022503898,0.778284711000042,0.9992094132504317,0.778284711000042,0.9992094132504317,0.19681549573210755,0.0,0.0,4.818810442026913e-18,2.1930331350620372e-16,0.96125,0.96125,0,0
rows_x_log_support,3,qirana_uniform_gain,0.27506096180449097,0.2209247022503898,0.2209247022503898,0.778284711000042,0.9992094132504317,0.778284711000042,0.9992094132504317,0.19681549573210755,0.0,0.0,4.818810442026913e-18,2.1930331350620372e-16,0.96125,0.96125,0,0
rows_x_log_support,3,qirana_shannon,0.29823045659658376,0.23756947016408125,0.23756947016408125,0.7522024893669518,0.9897719595310331,0.7522024893669518,0.9897719595310331,0.20340305656493896,0.0,0.0,0.0,0.0,0.95125,0.95125,0,0
rows_x_log_support,3,querymarket_viewcover,0.2917913116230506,0.23826954639389664,0.23826954639389664,0.7649030734358173,1.003172619829714,0.7649030734358173,1.003172619829714,0.18342480772112857,0.0,0.0,5.515846194984613e-18,1.9701279530689096e-16,0.9675,0.9675,0,0
rows_x_log_support,3,monopoly_per_asset,1.0,0.31115942602693375,0.3288996507719975,0.3419665485712143,0.6531259745981479,0.44111470520500784,0.7700143559770053,0.6888405739730663,0.21510516252390058,0.15760869565217392,0.06380484154443118,0.9885682181894283,0.56,0.58625,8,0
rows_x_log_support,3,monotone_constrained,0.7913524800687679,0.3205311433980235,0.32786606902608895,0.23408519920208654,0.5546163426001101,0.2350210723790801,0.562887141405169,0.5949578077139915,0.0,0.03804347826086957,0.013799380174902977,0.651553567085668,0.46875,0.4725,8,0
rows_x_log_support,3,chawla_ubp,0.4489350380704134,0.3158771834133992,0.3158771834133992,0.4125836019047523,0.7284607853181515,0.4125836019047523,0.7284607853181515,0.29638554216867485,0.0,0.0,0.0,0.0,0.365,0.365,0,0
rows_x_log_support,3,chawla_uip,0.5437143027254253,0.2504518189453225,0.2504518189453225,0.4338238742268492,0.6842756931721716,0.4338238742268492,0.6842756931721716,0.5393687131460285,0.0,0.0,7.816468776917844e-18,3.6980716348418396e-16,0.72875,0.72875,0,0
rows_x_log_support,3,chawla_lpip,0.33455325267762237,0.10920742299143052,0.10920742299143052,0.8026782167562289,0.9118856397476593,0.8026782167562289,0.9118856397476593,0.6735723771406177,0.0,0.0,0.0,0.0,0.93125,0.93125,0,0
rows_x_log_support,3,chawla_cip,0.43719627030756786,0.16985478290389439,0.16985478290389439,0.5776257738186359,0.7474805567225303,0.5776257738186359,0.7474805567225303,0.6114907778504116,0.0,0.0,0.0,0.0,0.81125,0.81125,0,0
rows_x_log_support,3,chawla_layering,0.09735938062858872,0.0,0.0,0.872792109973254,0.872792109973254,0.872792109973254,0.872792109973254,1.0,0.0,0.0,0.0,0.0,0.95875,0.95875,0,0
rows_x_log_support,3,chawla_xos,0.43885241904859335,0.17523596220931803,0.17523596220931803,0.5516473800916594,0.7268833423009773,0.5516473800916594,0.7268833423009773,0.6006950067878868,0.0,0.0,0.0,0.0,0.79625,0.79625,0,0
rows_x_log_support,4,uniform,0.45277543471687015,0.4794092838178626,0.4794092838178626,0.8560737546318252,1.3354830384496879,0.8560737546318252,1.3354830384496879,-0.05882352941176472,0.0,0.0,0.0,0.0,0.495,0.495,0,0
rows_x_log_support,4,size_proportional,0.29533947838928065,0.4043300812307119,0.40433008123071185,1.2362960372529497,1.6406261184836615,1.2362960372529497,1.6406261184836615,-0.36903499469777334,0.0,0.0,9.883973097076962e-19,1.818651049862161e-16,0.995,0.995,0,0
rows_x_log_support,4,compute_metered,0.404886039976113,0.436191300674382,0.4351548497190279,0.6500681843649777,1.0862594850393599,0.6511046353203318,1.0862594850393597,-0.07731869614500897,0.15009560229445507,0.01358695652173913,0.0013730186735621016,0.18112194487434607,0.36,0.36,5,0
rows_x_log_support,4,qirana_weighted_coverage,0.27083987233338486,0.31089365627001225,0.31089365627001225,1.264111023034293,1.5750046793043053,1.264111023034293,1.5750046793043053,-0.147887323943662,0.0,0.0,3.618187248972088e-18,1.9188157982085416e-16,0.94625,0.94625,0,0
rows_x_log_support,4,qirana_uniform_gain,0.27083987233338486,0.31089365627001225,0.31089365627001225,1.264111023034293,1.5750046793043053,1.264111023034293,1.5750046793043053,-0.147887323943662,0.0,0.0,3.618187248972088e-18,1.9188157982085416e-16,0.94625,0.94625,0,0
rows_x_log_support,4,qirana_shannon,0.2963706295789678,0.33292332804442126,0.33292332804442126,1.2297974807663483,1.5627208088107694,1.2297974807663483,1.5627208088107694,-0.12333441582042459,0.0,0.0,0.0,0.0,0.94,0.94,0,0
rows_x_log_support,4,querymarket_viewcover,0.2672270173618529,0.28969491726827173,0.28969491726827173,1.2382359709391655,1.5279308882074372,1.2382359709391655,1.5279308882074372,-0.08407795038177213,0.0,0.0,5.515846194984613e-18,1.9701279530689096e-16,0.94,0.94,0,0
rows_x_log_support,4,monopoly_per_asset,1.0,0.4730399553573437,0.4775959626734128,0.49741967545682536,0.9704596308141691,0.7124565390178622,1.190052501691275,0.5269600446426563,0.19789674952198852,0.16032608695652173,0.06647405425326146,0.9797460075062226,0.475,0.53625,8,0
rows_x_log_support,4,monotone_constrained,0.9013987122891459,0.512513859607216,0.5046496570008964,0.38468736477834115,0.897201224385557,0.39255156738466057,0.8972012243855569,0.43142379435437395,0.0,0.043478260869565216,0.010931935143440225,0.547727381082963,0.40125,0.40125,8,0
rows_x_log_support,4,chawla_ubp,0.4543360672251661,0.47790393238382023,0.47790393238382023,0.8188851428016252,1.2967890751854454,0.8188851428016252,1.2967890751854454,-0.05187319884726227,0.0,0.0,0.0,0.0,0.45625,0.45625,0,0
rows_x_log_support,4,chawla_uip,0.5146547721008681,0.44595205371993885,0.44595205371993885,0.9039625238129112,1.34991457753285,0.9039625238129112,1.34991457753285,0.133492822966507,0.0,0.0,5.717757895860716e-18,3.469610548430036e-16,0.83375,0.83375,0,0
rows_x_log_support,4,chawla_lpip,0.1509922355538335,0.08976578446359701,0.08976578446359701,1.5191602540658093,1.6089260385294064,1.5191602540658093,1.6089260385294064,0.4054940366016856,0.0,0.0,0.0,0.0,0.96375,0.96375,0,0
rows_x_log_support,4,chawla_cip,0.49053543741740907,0.29873897223136875,0.29873897223136875,0.8167033631640027,1.1154423353953715,0.8167033631640027,1.1154423353953715,0.3909941067577465,0.0,0.0,2.141719920164892e-18,1.760320555985122e-16,0.69625,0.69625,0,0
rows_x_log_support,4,chawla_layering,0.14304543891698956,0.15416139419698743,0.15416139419698743,0.9957788725193573,1.1499402667163445,0.9957788725193573,1.1499402667163445,-0.07770926052698934,0.0,0.0,0.0,0.0,0.7925,0.7925,0,0
rows_x_log_support,4,chawla_xos,0.49053543741740907,0.29873897223136875,0.29873897223136875,0.8167033631640027,1.1154423353953715,0.8167033631640027,1.1154423353953715,0.3909941067577465,0.0,0.0,2.141719920164892e-18,1.760320555985122e-16,0.69625,0.69625,0,0
flat,0,uniform,0.6466528145763357,0.6702983070012257,0.6702983070012257,0.8795734754331613,1.5498717824343868,0.8795734754331613,1.5498717824343868,-0.03656597774244852,0.0,0.0,0.0,0.0,0.815,0.815,0,0
flat,0,size_proportional,0.014648550202302567,0.017584678008459597,0.017584678008459597,1.6457362464006915,1.6633209244091511,1.6457362464006915,1.6633209244091511,-0.20043811610076667,0.0,0.0,9.883973097076962e-19,1.818651049862161e-16,0.99875,0.99875,0,0
flat,0,compute_metered,0.2424247447606066,0.23069423324821484,0.23042534276753607,1.4269215928909116,1.6576158261391263,1.4271904833715905,1.6576158261391265,0.048388259721488414,0.15009560229445507,0.01358695652173913,0.0013730186735621019,0.1811219448743461,0.98375,0.98375,5,0
flat,0,qirana_weighted_coverage,0.1189758095314542,0.016674257777855098,0.016674257777855098,1.6433553841172082,1.6600296418950633,1.6433553841172082,1.6600296418950633,0.8598516972187792,0.0,0.0,4.818810442026913e-18,2.1930331350620372e-16,0.99375,0.99375,0,0
flat,0,qirana_uniform_gain,0.1189758095314542,0.016674257777855098,0.016674257777855098,1.6433553841172082,1.6600296418950633,1.6433553841172082,1.6600296418950633,0.8598516972187792,0.0,0.0,4.818810442026913e-18,2.1930331350620372e-16,0.99375,0.99375,0,0
flat,0,qirana_shannon,0.12082370001996819,0.01854757017595553,0.01854757017595553,1.6414820717191076,1.6600296418950633,1.6414820717191076,1.6600296418950633,0.8464906291324448,0.0,0.0,0.0,0.0,0.99375,0.99375,0,0
flat,0,querymarket_viewcover,0.11889213394545874,0.016931219624159274,0.016931219624159274,1.643098422270904,1.6600296418950633,1.643098422270904,1.6600296418950633,0.8575917593343357,0.0,0.0,5.515846194984613e-18,1.9701279530689096e-16,0.99375,0.99375,0,0
flat,0,monopoly_per_asset,1.0,0.6410225669241117,0.6486366703338916,0.541751045337022,1.1827736122611336,0.5775247323701883,1.22616140270408,0.35897743307588825,0.31453154875717015,0.16576086956521738,0.06443650784288003,0.8131623393378222,0.52125,0.545,8,0
flat,0,monotone_constrained,0.8485379116623964,0.5594039580630157,0.5594039580630157,0.4388348653400495,0.9982388234030651,0.4388348653400495,0.9982388234030651,0.34074370705833246,0.0,0.010869565217391304,0.003520288595167211,0.46689325080704663,0.4225,0.4225,4,0
flat,0,chawla_ubp,0.6881045511687474,0.730172078314435,0.730172078314435,0.6084372318295111,1.338609310143946,0.6084372318295111,1.338609310143946,-0.06113537117903922,0.0,0.0,0.0,0.0,0.6075,0.6075,0,0
flat,0,chawla_uip,0.32154652782553617,0.3961992881318845,0.3961992881318845,0.7043078405856914,1.100507128717576,0.7043078405856914,1.100507128717576,-0.23216783216783243,0.0,0.0,9.757359826972541e-18,3.1144165517122826e-16,0.55875,0.55875,0,0
flat,0,chawla_lpip,0.17946995849941375,0.013712585579661984,0.013712585579661984,1.640810480244739,1.654523065824401,1.640810480244739,1.654523065824401,0.9235939780990879,0.0,0.0,0.0,0.0,0.9875,0.9875,0,0
flat,0,chawla_cip,0.3375066990733458,0.17690629979925807,0.17690629979925807,1.1640628404464919,1.3409691402457498,1.1640628404464919,1.3409691402457498,0.4758435898162323,0.0,0.0,3.801913779639894e-19,1.399104270907481e-16,0.73625,0.73625,0,0
flat,0,chawla_layering,0.33779584915294303,0.13316210099273545,0.13316210099273545,1.1751836921158225,1.3083457931085578,1.1751836921158225,1.3083457931085578,0.6057911862248966,0.0,0.0,1.1934334876033952e-18,1.6477897872362522e-16,0.73375,0.73375,0,0
flat,0,chawla_xos,0.3375066990733458,0.17690629979925807,0.17690629979925807,1.1640628404464919,1.3409691402457498,1.1640628404464919,1.3409691402457498,0.4758435898162323,0.0,0.0,3.801913779639894e-19,1.399104270907481e-16,0.73625,0.73625,0,0
flat,1,uniform,0.6764372763079733,0.685994474874334,0.685994474874334,0.8810368130401143,1.5670312879144483,0.8810368130401143,1.5670312879144483,-0.014128728414442682,0.0,0.0,0.0,0.0,0.8075,0.8075,0,0
flat,1,size_proportional,0.016397880744350127,0.014710347836422529,0.014710347836422529,1.6725989205083835,1.6873092683448063,1.6725989205083835,1.6873092683448063,0.10291164658634544,0.0,0.0,9.883973097076962e-19,1.818651049862161e-16,0.99875,0.99875,0,0
flat,1,compute_metered,0.29077737514640345,0.30048591093253735,0.3002544075383037,1.3812687228593952,1.6817546337919327,1.3815002262536293,1.681754633791933,-0.0333882090422124,0.15009560229445507,0.01358695652173913,0.0013730186735621019,0.1811219448743461,0.985,0.985,5,0
flat,1,qirana_weighted_coverage,0.016372012099651775,0.022515166955918063,0.022515166955918063,1.6637555087965064,1.6862706757524244,1.6637555087965064,1.6862706757524244,-0.37522296092103136,0.0,0.0,4.818810442026913e-18,2.1930331350620372e-16,0.9975,0.9975,0,0
flat,1,qirana_uniform_gain,0.016372012099651775,0.022515166955918063,0.022515166955918063,1.6637555087965064,1.6862706757524244,1.6637555087965064,1.6862706757524244,-0.37522296092103136,0.0,0.0,4.818810442026913e-18,2.1930331350620372e-16,0.9975,0.9975,0,0
flat,1,qirana_shannon,0.018529091289518778,0.02496200646205237,0.02496200646205237,1.661308669290372,1.6862706757524244,1.661308669290372,1.6862706757524244,-0.3471792044206967,0.0,0.0,0.0,0.0,0.9975,0.9975,0,0
flat,1,querymarket_viewcover,0.0169260858701307,0.023246861792251303,0.023246861792251303,1.6630238139601732,1.6862706757524244,1.6630238139601732,1.6862706757524244,-0.37343399830405066,0.0,0.0,5.515846194984613e-18,1.9701279530689096e-16,0.9975,0.9975,0,0
flat,1,monopoly_per_asset,1.0,0.6261106791336157,0.6393706442889812,0.4899445291099955,1.1160552082436113,0.5814477175490437,1.2208183618380248,0.37388932086638427,0.40152963671128106,0.1766304347826087,0.06044556947801936,0.8393342391012235,0.46,0.52375,8,0
flat,1,monotone_constrained,0.8921412534275142,0.5742461147039983,0.5742461147039983,0.4179018642783048,0.9921479789823031,0.4179018642783048,0.9921479789823031,0.35632825799972334,0.0,0.0,0.0,0.0,0.39,0.39,0,0
flat,1,chawla_ubp,0.720955493669275,0.7319504576250158,0.7319504576250158,0.5993194486801605,1.3312699063051763,0.5993194486801605,1.3312699063051763,-0.015250544662309462,0.0,0.0,0.0,0.0,0.5825,0.5825,0,0
flat,1,chawla_uip,0.45933848183390175,0.4517477187866466,0.4517477187866466,0.9348759171860194,1.3866236359726658,0.9348759171860194,1.3866236359726658,0.016525423728813493,0.0,0.0,9.209729297995642e-18,2.1536988235643524e-16,0.71875,0.71875,0,0
flat,1,chawla_lpip,0.24161083536998362,0.02871211807688087,0.02871211807688087,1.6369345752899072,1.665646693366788,1.6369345752899072,1.665646693366788,0.881163781281111,0.0,0.0,0.0,0.0,0.9775,0.9775,0,0
flat,1,chawla_cip,0.3165450214641849,0.24422814313216568,0.24422814313216568,1.2132323811152972,1.4574605242474628,1.2132323811152972,1.4574605242474628,0.22845684951074618,0.0,0.0,7.902215726405068e-19,1.4732964406061162e-16,0.78875,0.78875,0,0
flat,1,chawla_layering,0.30421897773557555,0.17391818527496744,0.17391818527496744,1.0258691021278623,1.1997872874028297,1.0258691021278623,1.1997872874028297,0.4283125051253851,0.0,0.0,3.5636088265716396e-19,1.3114080481783634e-16,0.6575,0.6575,0,0
flat,1,chawla_xos,0.3165450214641849,0.24422814313216568,0.24422814313216568,1.2132323811152972,1.4574605242474628,1.2132323811152972,1.4574605242474628,0.22845684951074618,0.0,0.0,7.902215726405068e-19,1.4732964406061162e-16,0.78875,0.78875,0,0
flat,2,uniform,0.6268247861347561,0.5899527398915352,0.5899527398915352,0.7561741865358343,1.3461269264273696,0.7561741865358343,1.3461269264273696,0.05882352941176472,0.0,0.0,0.0,0.0,0.78,0.78,0,0
flat,2,size_proportional,0.021649776307389124,0.01119866560517623,0.01119866560517623,1.4562430878740569,1.467441753479233,1.4562430878740569,1.467441753479233,0.4827352742044685,0.0,0.0,9.883973097076962e-19,1.818651049862161e-16,0.99875,0.99875,0,0
flat,2,compute_metered,0.20473031431318323,0.19381779917947742,0.19370972095663483,1.2687839109020953,1.462601710081573,1.2688919891249377,1.4626017100815727,0.053301901920653316,0.15009560229445507,0.01358695652173913,0.0013730186735621019,0.1811219448743461,0.985,0.985,5,0
flat,2,qirana_weighted_coverage,0.023669017376898367,0.011784873241583312,0.011784873241583312,1.4556568802376497,1.4674417534792328,1.4556568802376497,1.4674417534792328,0.5020970641102456,0.0,0.0,4.818810442026913e-18,2.1930331350620372e-16,0.99875,0.99875,0,0
flat,2,qirana_uniform_gain,0.023669017376898367,0.011784873241583312,0.011784873241583312,1.4556568802376497,1.4674417534792328,1.4556568802376497,1.4674417534792328,0.5020970641102456,0.0,0.0,4.818810442026913e-18,2.1930331350620372e-16,0.99875,0.99875,0,0
flat,2,qirana_shannon,0.025656102363996618,0.013402438604943409,0.013402438604943409,1.4540393148742896,1.467441753479233,1.4540393148742896,1.467441753479233,0.4776120544424105,0.0,0.0,0.0,0.0,0.99875,0.99875,0,0
flat,2,querymarket_viewcover,0.025181909772443348,0.012350592539400723,0.012350592539400723,1.4550911609398325,1.467441753479233,1.4550911609398325,1.467441753479233,0.5095450404275524,0.0,0.0,5.515846194984613e-18,1.9701279530689096e-16,0.99875,0.99875,0,0
flat,2,monopoly_per_asset,1.0,0.5018161008518424,0.5180571685520977,0.5391317710161782,1.0409478718680203,0.5727857197950542,1.0908428883471522,0.49818389914815764,0.3527724665391969,0.18206521739130435,0.05575141951738884,0.8058895685525883,0.5225,0.56375,8,0
flat,2,monotone_constrained,0.8184930156431279,0.4878752704435832,0.4878752704435832,0.49562407595708713,0.9834993464006703,0.49562407595708713,0.9834993464006703,0.4039347176832817,0.0,0.002717391304347826,0.0008648713657259087,0.3182726625871344,0.48375,0.48375,1,0
flat,2,chawla_ubp,0.6888567951739444,0.6019137045209223,0.6019137045209223,0.5461012389893759,1.1480149435102982,0.5461012389893759,1.1480149435102982,0.12621359223300965,0.0,0.0,0.0,0.0,0.5625,0.5625,0,0
flat,2,chawla_uip,0.4277231567499361,0.4081541234345795,0.4081541234345795,0.5894914904553508,0.9976456138899302,0.5894914904553508,0.9976456138899302,0.045751633986928164,0.0,0.0,1.00962423979194e-17,3.3226493237247334e-16,0.525,0.525,0,0
flat,2,chawla_lpip,0.17806966610596445,0.015094403742639265,0.015094403742639265,1.441126539945485,1.4562209436881242,1.441126539945485,1.4562209436881242,0.9152331552435382,0.0,0.0,0.0,0.0,0.98625,0.98625,0,0
flat,2,chawla_cip,0.3578985961500236,0.08349345949342929,0.08349345949342929,1.3075369161858779,1.391030375679307,1.3075369161858779,1.391030375679307,0.7667119670443452,0.0,0.0,0.0,0.0,0.92,0.92,0,0
flat,2,chawla_layering,0.3185752113247025,0.07740905007985761,0.07740905007985761,1.2084627633572917,1.2858718134371494,1.2084627633572917,1.2858718134371494,0.7570148356553714,0.0,0.0,0.0,0.0,0.83625,0.83625,0,0
flat,2,chawla_xos,0.3578985961500236,0.08349345949342929,0.08349345949342929,1.3075369161858779,1.391030375679307,1.3075369161858779,1.391030375679307,0.7667119670443452,0.0,0.0,0.0,0.0,0.92,0.92,0,0
flat,3,uniform,0.6330549443065002,0.6340349055205969,0.6340349055205969,0.7649684922275346,1.3990033977481315,0.7649684922275346,1.3990033977481315,-0.001547987616099089,0.0,0.0,0.0,0.0,0.80875,0.80875,0,0
flat,3,size_proportional,0.0167656930194692,0.012785075374611082,0.012785075374611082,1.5002695198623521,1.5130545952369632,1.5002695198623521,1.5130545952369632,0.2374263706388764,0.0,0.0,9.883973097076962e-19,1.818651049862161e-16,1.0,1.0,0,0
flat,3,compute_metered,0.2450157367127895,0.2260310827473768,0.22590930885019028,1.2823975132889147,1.5084285960362915,1.282519287186101,1.5084285960362915,0.07748340665835174,0.15009560229445507,0.01358695652173913,0.0013730186735621019,0.1811219448743461,0.98875,0.98875,5,0
flat,3,qirana_weighted_coverage,0.021522398164599863,0.01734041368344198,0.01734041368344198,1.4957141815535215,1.5130545952369634,1.4957141815535215,1.5130545952369634,0.1943084803642574,0.0,0.0,4.818810442026913e-18,2.1930331350620372e-16,1.0,1.0,0,0
flat,3,qirana_uniform_gain,0.021522398164599863,0.01734041368344198,0.01734041368344198,1.4957141815535215,1.5130545952369634,1.4957141815535215,1.5130545952369634,0.1943084803642574,0.0,0.0,4.818810442026913e-18,2.1930331350620372e-16,1.0,1.0,0,0
flat,3,qirana_shannon,0.0237433520139874,0.019033090235961288,0.019033090235961288,1.4940215050010022,1.5130545952369634,1.4940215050010022,1.5130545952369634,0.1983823419393883,0.0,0.0,0.0,0.0,1.0,1.0,0,0
flat,3,querymarket_viewcover,0.02206803143240236,0.017953951701093363,0.01795395170109336,1.4951006435358702,1.5130545952369634,1.4951006435358702,1.5130545952369634,0.18642712848724308,0.0,0.0,5.515846194984613e-18,1.9701279530689096e-16,1.0,1.0,0,0
flat,3,monopoly_per_asset,1.0,0.5623364930647864,0.5732343415588833,0.55208391035607,1.1144204034208565,0.5706880849712777,1.143922426530161,0.4376635069352136,0.3365200764818356,0.16576086956521738,0.06298374390510716,0.9144772534343527,0.5875,0.60875,8,0
flat,3,monotone_constrained,0.8434492859709009,0.5588946199319623,0.5588946199319623,0.45060940831806656,1.009504028250029,0.45060940831806656,1.009504028250029,0.33737021392031363,0.0,0.008152173913043478,0.0011434270393564743,0.19031574190267744,0.50625,0.50625,3,0
flat,3,chawla_ubp,0.7036411758427888,0.6740548009901669,0.6740548009901669,0.585353898156633,1.2594086991468,0.585353898156633,1.2594086991468,0.042047531992687515,0.0,0.0,0.0,0.0,0.655,0.655,0,0
flat,3,chawla_uip,0.45106265849408494,0.281394344420096,0.281394344420096,0.9037779854984711,1.1851723299185672,0.9037779854984711,1.1851723299185672,0.3761524277811924,0.0,0.0,7.596691974449011e-18,5.82399053481694e-16,0.705,0.705,0,0
flat,3,chawla_lpip,0.17358617858213565,0.015187445628039259,0.015187445628039259,1.4711701062475677,1.4863575518756067,1.4711701062475677,1.4863575518756067,0.9125077483006343,0.0,0.0,0.0,0.0,0.97625,0.97625,0,0
flat,3,chawla_cip,0.3669846501649139,0.13596440020470255,0.13596440020470255,1.2167319660229612,1.3526963662276636,1.2167319660229612,1.3526963662276636,0.6295092992483378,0.0,0.0,3.3581392146242396e-19,1.2357952309817201e-16,0.8525,0.8525,0,0
flat,3,chawla_layering,0.32015580735690635,0.10000814477554638,0.10000814477554638,1.2623590633913873,1.3623672081669336,1.2623590633913873,1.3623672081669336,0.6876266415368866,0.0,0.0,1.508641920955708e-18,2.1835000407176528e-16,0.8675,0.8675,0,0
flat,3,chawla_xos,0.3669846501649139,0.13596440020470255,0.13596440020470255,1.2167319660229612,1.3526963662276636,1.2167319660229612,1.3526963662276636,0.6295092992483378,0.0,0.0,3.3581392146242396e-19,1.2357952309817201e-16,0.8525,0.8525,0,0
flat,4,uniform,0.6402119409638748,0.6482776032122385,0.6482776032122385,0.8029483778006076,1.451225981012846,0.8029483778006076,1.451225981012846,-0.012598425196850505,0.0,0.0,0.0,0.0,0.80375,0.80375,0,0
flat,4,size_proportional,0.015623312824107744,0.020539302702228687,0.020539302702228687,1.5494707691940528,1.5700100718962815,1.5494707691940528,1.5700100718962815,-0.31465732866433216,0.0,0.0,9.883973097076962e-19,1.818651049862161e-16,1.0,1.0,0,0
flat,4,compute_metered,0.28144581647991856,0.27041191222946226,0.2701921164706885,1.296189595427504,1.5666015076569664,1.2964093911862777,1.5666015076569664,0.03920436405294225,0.15009560229445507,0.01358695652173913,0.0013730186735621019,0.1811219448743461,0.99125,0.99125,5,0
flat,4,qirana_weighted_coverage,0.018558584729594523,0.025633682833081126,0.025633682833081126,1.5440144599899144,1.5696481428229956,1.5440144599899144,1.5696481428229956,-0.3812304767078638,0.0,0.0,4.818810442026913e-18,2.1930331350620372e-16,0.99875,0.99875,0,0
flat,4,qirana_uniform_gain,0.018558584729594523,0.025633682833081126,0.025633682833081126,1.5440144599899144,1.5696481428229956,1.5440144599899144,1.5696481428229956,-0.3812304767078638,0.0,0.0,4.818810442026913e-18,2.1930331350620372e-16,0.99875,0.99875,0,0
flat,4,qirana_shannon,0.02042902866824395,0.028277484197628978,0.028277484197628978,1.5413706586253664,1.5696481428229954,1.5413706586253664,1.5696481428229954,-0.3841815319190929,0.0,0.0,0.0,0.0,0.99875,0.99875,0,0
flat,4,querymarket_viewcover,0.01815507563745575,0.02541891079019207,0.02541891079019207,1.5442292320328033,1.5696481428229954,1.5442292320328033,1.5696481428229954,-0.40009941560090745,0.0,0.0,5.515846194984613e-18,1.9701279530689096e-16,0.99875,0.99875,0,0
flat,4,monopoly_per_asset,1.0,0.5687324520142513,0.603437029946127,0.43960415944181785,1.008336611456069,0.4949911188327291,1.098428148778856,0.43126754798574873,0.3068833652007648,0.14945652173913043,0.0600883254114802,0.922759114339994,0.46125,0.52375,8,0
flat,4,monotone_constrained,0.9005557110971444,0.5655732474931418,0.5655732474931418,0.35188920904042625,0.9174624565335681,0.35188920904042625,0.9174624565335681,0.37197306005188113,0.0,0.01358695652173913,0.00411257427170209,0.5172838860671436,0.39625,0.39625,5,0
flat,4,chawla_ubp,0.6883228028030904,0.672011835912022,0.672011835912022,0.47585005351569537,1.1478618894277175,0.47585005351569537,1.1478618894277175,0.023696682464454888,0.0,0.0,0.0,0.0,0.515,0.515,0,0
flat,4,chawla_uip,0.41084578336110683,0.4629943047482799,0.4629943047482799,0.7829645785038989,1.2459588832521789,0.7829645785038989,1.2459588832521789,-0.1269296740994854,0.0,0.0,8.98019697933605e-18,2.7108076443617465e-16,0.6925,0.6925,0,0
flat,4,chawla_lpip,0.12724407228910428,0.010881712957871275,0.010881712957871275,1.2723973839595355,1.2832790969174068,1.2723973839595355,1.2832790969174068,0.9144815726020814,0.0,0.0,0.0,0.0,0.81625,0.81625,0,0
flat,4,chawla_cip,0.33681784688872207,0.23210942983863264,0.23210942983863264,1.0607630701417219,1.2928724999803545,1.0607630701417219,1.2928724999803545,0.3108755014537071,0.0,0.0,8.86491981448753e-19,1.8044288531937428e-16,0.7675,0.7675,0,0
flat,4,chawla_layering,0.23927660310973417,0.2613853421878377,0.2613853421878377,0.789088925873685,1.0504742680615227,0.789088925873685,1.0504742680615227,-0.09239824868277768,0.0,0.0,0.0,0.0,0.5775,0.5775,0,0
flat,4,chawla_xos,0.26017129147684126,0.20235883874111027,0.20235883874111027,1.003710691838335,1.206069530579445,1.003710691838335,1.206069530579445,0.22220919305724807,0.0,0.0,0.0,0.0,0.7225,0.7225,0,0
