rank,best_flat_welfare,best_published_welfare,best_flat_revenue,best_published_revenue
1,1.1675386910196777,1.2460829085572918,0.5340063087768767,0.444414764502967
2,1.2591454194620597,1.4567075840294434,0.5462964555851512,0.5692172097940048
3,1.3282103642596557,1.4419668601892923,0.6870480094775022,0.46953441832287296
4,1.3862517351726213,1.1558303929893423,0.691535840845903,0.4796784940380647
5,1.4862009628182047,1.4860283493821687,0.7314722929240073,0.7562989814321929
6,1.1486991985947903,1.3096739251603144,0.5859554156604546,0.44193452280359585
7,1.3799612629377018,1.402048142378982,0.6358846219479408,0.6559464549549712
8,1.6662573864662293,1.6444151844729349,0.7567599452563356,0.7136266179726197
9,1.5902748122464816,1.573005386164558,0.8130436325048568,0.8013192205035494
10,1.4674582099731495,1.4102848819172182,0.7853552828043576,0.5686052387410072
11,1.4532095431912586,1.5900663299096873,0.7306251988708552,0.49138262250953796
12,1.1396615028792094,1.202643144891235,0.5703462121063835,0.5449082814920398
14,1.4938429086807548,1.8042921861753063,0.6966176390890895,0.5098673475586092
15,1.6306371635890178,1.6342138367030337,0.8448427889495441,0.8024083654680757
16,1.6707052347606062,1.7659093691455594,0.9210813026877335,0.9271797835587625
