arm,mechanism,revenue_strategic_norm_mean,revenue_strategic_norm_std,welfare_strategic_norm_mean,welfare_strategic_norm_std,served_strategic_mean,served_strategic_std,generalization_gap_mean,generalization_gap_std,mono_violation_rate_mean,mono_violation_rate_std,comb_violation_rate_mean,comb_violation_rate_std
shift,chawla_cip,0.5467396655940179,0.13775184957344783,1.5926552552471316,0.15024626834886115,0.6159458333333333,0.11836366400566198,0.08350146361807838,0.11835395007940835,0.00031603107344632767,0.00122398308434168,0.005313813813813813,0.018678950293635425
shift,chawla_layering,0.2426899731417176,0.15719082778928747,1.015003537617506,0.34241069559751114,0.5350541666666667,0.16509879663041016,0.03805077253066548,0.29141909960339346,3.531073446327684e-05,0.00013675788651862348,0.00043243243243243243,0.0011416941918876312
shift,chawla_lpip,0.639985152314034,0.11684442153541316,1.6227771213091358,0.2021489829462537,0.6417208333333334,0.10924882228715764,0.08505629003417589,0.10088261177318444,4.766949152542373e-05,0.0001846231468001417,0.0027657657657657662,0.009872924429922533
shift,chawla_ubp,0.7424663100306045,0.08419108593586064,1.5045014308463165,0.14669434683392207,0.38831666666666664,0.07872686900464039,0.028885325145488236,0.10046686733603469,0.0,0.0,0.0,0.0
shift,chawla_uip,0.5617643471570595,0.12848457399523683,1.5178563569655645,0.22934711641086747,0.556525,0.1559343540335392,0.06658656087070212,0.12755600099480996,0.0,0.0,0.005855855855855855,0.02146487045018828
shift,chawla_xos,0.6355871696794554,0.10644157441143035,1.4499097747888323,0.22089887022625543,0.50395,0.13466083842843843,0.033820911320977774,0.0924611142807775,0.00015713276836158192,0.0006085725950078746,0.0040210210210210205,0.013759836393516488
shift,compute_metered,0.6427160660309814,0.07346473899837756,1.4705805644087846,0.13569749094125597,0.45562083333333336,0.08389700074276167,0.07494129876795455,0.09985586189943436,0.2776464680249379,0.19971974561613684,0.1376370601836993,0.12441248647148548
shift,monopoly_per_asset,0.7544305183527464,0.10140512242717944,1.4412799544172112,0.18113365744125318,0.5405125,0.0682156187930699,0.25259874924253045,0.10127057245846821,0.3789652401009581,0.08749359773157547,0.14521713846987078,0.11647758208146491
shift,monotone_constrained,0.6993180643551499,0.12203204423314366,1.2464292335464502,0.2238336432765258,0.41781666666666667,0.07631274667484797,0.21225210542446046,0.10574134718926956,0.0,0.0,0.00259009009009009,0.009663804524221355
shift,qirana_shannon,0.5579624522559892,0.11063208100960514,1.5412668054319447,0.23259362839462897,0.57555,0.14958872225503117,0.07371075971708316,0.11172112095949224,0.0,0.0,0.005855855855855855,0.02146487045018828
shift,qirana_uniform_gain,0.561841358619175,0.1288254218848812,1.5177181325156346,0.22990106980763375,0.5561958333333333,0.15545423050769028,0.06729901305931724,0.12879082031823127,0.0,0.0,0.005855855855855855,0.02146487045018828
shift,qirana_weighted_coverage,0.561841358619175,0.1288254218848812,1.5177181325156346,0.22990106980763378,0.5561958333333333,0.15545423050769028,0.06729901305931724,0.12879082031823125,0.0,0.0,0.005855855855855855,0.02146487045018828
shift,querymarket_viewcover,0.590398050440166,0.16740571770997237,1.1800508057795065,0.3290534342822125,0.3441958333333333,0.1197029220450819,0.03468078020708261,0.1843200685242039,0.0,0.0,0.0044444444444444444,0.01721325931647741
shift,size_proportional,0.6268367529841801,0.1121893285971446,1.488110038697663,0.1777979395410968,0.6455458333333334,0.07309824932964895,0.07215839542952086,0.12242116424876424,0.0,0.0,0.0,0.0
shift,uniform,0.7424663100306045,0.08419108593586061,1.5045014308463165,0.14669434683392207,0.38831666666666664,0.07872686900464039,0.02888532514548824,0.10046686733603467,0.0,0.0,0.0,0.0
stationary,chawla_cip,0.5803960092640703,0.13580349444656808,1.4687657135833043,0.2521324630722652,0.5330166666666667,0.12831365785319454,0.04765784917514931,0.040340964400277506,0.00031603107344632767,0.00122398308434168,0.005313813813813813,0.018678950293635425
stationary,chawla_layering,0.25120485788895036,0.16239294931805462,0.9781772468958966,0.34402548735030164,0.531925,0.1780750136629826,0.024806104044785657,0.19462075702248216,3.531073446327684e-05,0.00013675788651862348,0.00043243243243243243,0.0011416941918876312
stationary,chawla_lpip,0.6665188251393716,0.11569561993416785,1.6115560848707475,0.15112015975954762,0.6339625000000001,0.10556832746327303,0.0771986276390136,0.04357112977158682,4.766949152542373e-05,0.0001846231468001417,0.0027657657657657662,0.009872924429922533
stationary,chawla_ubp,0.746217713284148,0.09695870925184188,1.4862271834092482,0.1332642799611783,0.39260833333333334,0.07835064366739586,0.04233827519206806,0.02526800273943948,0.0,0.0,0.0,0.0
stationary,chawla_uip,0.5769049238858815,0.12260720742795668,1.513931808365151,0.18731593625623605,0.5577458333333334,0.12945111733111386,0.06406331718388092,0.036536231400279284,0.0,0.0,0.005855855855855855,0.02146487045018828
stationary,chawla_xos,0.6322396467638179,0.12115117418617759,1.3790772672905627,0.2806890634731759,0.4605833333333333,0.14932234327916552,0.06893483817562554,0.051828488152718254,0.00015713276836158192,0.0006085725950078746,0.0040210210210210205,0.013759836393516488
stationary,compute_metered,0.6660676857820039,0.0748884789962718,1.4725306524581434,0.11944301848082797,0.45639166666666664,0.07275371042738905,0.05173783633944468,0.026536206679542203,0.2776464680249379,0.19971974561613684,0.1376370601836993,0.12441248647148548
stationary,monopoly_per_asset,0.7910582775483325,0.086005151890675,1.4999448136479023,0.13115332180776426,0.5665791666666666,0.02651406789104517,0.21076673812932956,0.08308724292558614,0.3789652401009581,0.08749359773157547,0.14521713846987078,0.11647758208146491
stationary,monotone_constrained,0.7302740939928164,0.1231581546224267,1.309876905983451,0.23776359938514988,0.44909583333333336,0.08480265584867076,0.18295129141998695,0.07329377274398323,0.0,0.0,0.00259009009009009,0.009663804524221355
stationary,qirana_shannon,0.5808490207287409,0.12093088815819704,1.5219455653175191,0.19912181632204626,0.5642416666666666,0.12848685154265876,0.06243201960416286,0.0326536918778607,0.0,0.0,0.005855855855855855,0.02146487045018828
stationary,qirana_uniform_gain,0.5770408754765942,0.12237996530893433,1.513597684304785,0.18854039364749328,0.5571666666666667,0.12963215399623035,0.06479332517367369,0.03566776821411693,0.0,0.0,0.005855855855855855,0.02146487045018828
stationary,qirana_weighted_coverage,0.5770408754765942,0.12237996530893433,1.513597684304785,0.18854039364749328,0.5571666666666667,0.12963215399623035,0.06479332517367369,0.03566776821411692,0.0,0.0,0.005855855855855855,0.02146487045018828
stationary,querymarket_viewcover,0.6013818094254682,0.14824479660683218,1.2022256020697049,0.2987361250074123,0.3588625,0.11781633472349481,0.05199627965138709,0.03001945994842837,0.0,0.0,0.0044444444444444444,0.01721325931647741
stationary,size_proportional,0.6426838953702099,0.11238180231148084,1.4777781751755183,0.15857023936732523,0.6426958333333334,0.07437601239807158,0.04775678050868331,0.024980553962867753,0.0,0.0,0.0,0.0
stationary,uniform,0.7462177132841479,0.09695870925184186,1.4862271834092482,0.13326427996117818,0.39260833333333334,0.07835064366739586,0.04233827519206806,0.025268002739439476,0.0,0.0,0.0,0.0
