rank,cid,assets,pairs,falsified,zero_priced,family,seed,mechanism,revenue_norm,welfare_norm,served,mono_violation_rate,alpha,status
1,474,222,1902.0,13.0,61.0,support_rows,0.0,uniform,0.5798798369866266,1.2691657023980671,0.4425,0.0,2.015697957839858,ok
1,474,222,1902.0,13.0,61.0,support_rows,0.0,qirana_weighted_coverage,0.38043543558113624,1.4403750635400134,0.7175,0.006834910620399579,3.898857967183316,ok
1,474,222,1902.0,13.0,61.0,support_rows,0.0,querymarket_viewcover,0.39154457206983373,0.8924493591739432,0.4275,0.0,564.3518481681923,ok
1,474,222,1902.0,13.0,61.0,support_rows,0.0,monopoly_per_asset,0.5628165046445689,1.1454424253149793,0.465,0.3527865404837014,,ok
1,474,222,1902.0,13.0,61.0,support_rows,0.0,chawla_ubp,0.5798798369866266,1.2691657023980671,0.4425,0.0,,ok
1,474,222,1902.0,13.0,61.0,support_rows,0.0,chawla_lpip,0.4063291412806966,1.4406362166789475,0.695,0.0,,ok
1,474,222,1902.0,13.0,61.0,support_rows,1.0,uniform,0.5048151487386168,1.2609046096675933,0.4475,0.0,2.1850028273320707,ok
1,474,222,1902.0,13.0,61.0,support_rows,1.0,qirana_weighted_coverage,0.22940625267047923,1.3448230858663477,0.7025,0.006834910620399579,8.306011289970694,ok
1,474,222,1902.0,13.0,61.0,support_rows,1.0,querymarket_viewcover,0.32421801349913093,0.9929476598828514,0.6075,0.0,382.9477294418817,ok
1,474,222,1902.0,13.0,61.0,support_rows,1.0,monopoly_per_asset,0.6606930204161847,1.2606101460784433,0.5525,0.39852786540483703,,ok
1,474,222,1902.0,13.0,61.0,support_rows,1.0,chawla_ubp,0.5048151487386168,1.2609046096675933,0.4475,0.0,,ok
1,474,222,1902.0,13.0,61.0,support_rows,1.0,chawla_lpip,0.2874228993106873,1.5016857018576073,0.7625,0.0015772870662460567,,ok
1,474,222,1902.0,13.0,61.0,support_rows,2.0,uniform,0.5292655006667226,1.1252359534254472,0.5425,0.0,1.5730417778304107,ok
1,474,222,1902.0,13.0,61.0,support_rows,2.0,qirana_weighted_coverage,0.20162844263076254,1.2171627960482567,0.7625,0.006834910620399579,5.760772329017565,ok
1,474,222,1902.0,13.0,61.0,support_rows,2.0,querymarket_viewcover,0.361839918493003,0.6545884600870926,0.3125,0.0,581.6441058020267,ok
1,474,222,1902.0,13.0,61.0,support_rows,2.0,monopoly_per_asset,0.4490033339876871,0.8689637887733292,0.5,0.4237644584647739,,ok
1,474,222,1902.0,13.0,61.0,support_rows,2.0,chawla_ubp,0.5292655006667226,1.1252359534254472,0.5425,0.0,,ok
1,474,222,1902.0,13.0,61.0,support_rows,2.0,chawla_lpip,0.3145058507802392,1.2746785603219324,0.815,0.002103049421661409,,ok
1,474,222,1902.0,13.0,61.0,answer_cells,0.0,uniform,0.42334658911987494,0.893455123210903,0.0575,0.0,48.78113574965437,ok
1,474,222,1902.0,13.0,61.0,answer_cells,0.0,qirana_weighted_coverage,0.43138627397390356,0.9872045697821228,0.335,0.006834910620399579,56.589843984949965,ok
1,474,222,1902.0,13.0,61.0,answer_cells,0.0,querymarket_viewcover,0.4321754872297656,0.893455123210903,0.0575,0.0,7734.801026062352,ok
1,474,222,1902.0,13.0,61.0,answer_cells,0.0,monopoly_per_asset,0.4981685508870239,1.0664141052957217,0.4975,0.20977917981072555,,ok
1,474,222,1902.0,13.0,61.0,answer_cells,0.0,chawla_ubp,0.42334658911987494,0.893455123210903,0.0575,0.0,,ok
1,474,222,1902.0,13.0,61.0,answer_cells,0.0,chawla_lpip,0.46166022845096527,1.0114631536474556,0.63,0.008412197686645636,,ok
1,474,222,1902.0,13.0,61.0,answer_cells,1.0,uniform,0.7434016641653776,1.4300391087307134,0.07,0.0,48.39602616012767,ok
1,474,222,1902.0,13.0,61.0,answer_cells,1.0,qirana_weighted_coverage,0.700727680115374,1.431328721475137,0.42,0.006834910620399579,57.27630548252486,ok
1,474,222,1902.0,13.0,61.0,answer_cells,1.0,querymarket_viewcover,0.7476078259196682,1.4300391087307134,0.07,0.0,7499.120715805789,ok
1,474,222,1902.0,13.0,61.0,answer_cells,1.0,monopoly_per_asset,0.7975603075299101,1.558674894413662,0.605,0.18769716088328076,,ok
1,474,222,1902.0,13.0,61.0,answer_cells,1.0,chawla_ubp,0.7434016641653776,1.4300391087307134,0.07,0.0,,ok
1,474,222,1902.0,13.0,61.0,answer_cells,1.0,chawla_lpip,0.6648303057984308,1.1907933963704342,0.875,0.0,,ok
1,474,222,1902.0,13.0,61.0,answer_cells,2.0,uniform,0.4233291129840416,1.0264316486853413,0.05,0.0,32.927234181329766,ok
1,474,222,1902.0,13.0,61.0,answer_cells,2.0,qirana_weighted_coverage,0.4696103407631749,1.0556032146318723,0.48,0.006834910620399579,82.71370028013907,ok
1,474,222,1902.0,13.0,61.0,answer_cells,2.0,querymarket_viewcover,0.4091027698064006,0.942641747549534,0.045,0.0,5435.851773076328,ok
1,474,222,1902.0,13.0,61.0,answer_cells,2.0,monopoly_per_asset,0.3211035593473789,0.7062050272117091,0.4825,0.1971608832807571,,ok
1,474,222,1902.0,13.0,61.0,answer_cells,2.0,chawla_ubp,0.4233291129840416,1.0264316486853413,0.05,0.0,,ok
1,474,222,1902.0,13.0,61.0,answer_cells,2.0,chawla_lpip,0.39442933795964336,1.055644165009496,0.9175,0.0,,ok
2,1641,81,18.0,0.0,12.0,support_rows,0.0,uniform,0.657875768895756,1.4259467906304437,0.1075,0.0,73.41421006025314,ok
2,1641,81,18.0,0.0,12.0,support_rows,0.0,qirana_weighted_coverage,0.16043370967629014,2.0135552427759666,0.5775,0.0,87.67619154239388,ok
2,1641,81,18.0,0.0,12.0,support_rows,0.0,querymarket_viewcover,0.7745253093510611,1.7087989066845484,0.8475,0.0,96.60498613257383,ok
2,1641,81,18.0,0.0,12.0,support_rows,0.0,monopoly_per_asset,0.790870640195306,1.5816052684273123,0.48,0.5,,ok
2,1641,81,18.0,0.0,12.0,support_rows,0.0,chawla_ubp,0.657875768895756,1.4259467906304437,0.1075,0.0,,ok
2,1641,81,18.0,0.0,12.0,support_rows,0.0,chawla_lpip,0.18762642969475415,2.072381270226959,0.64,0.0,,ok
2,1641,81,18.0,0.0,12.0,support_rows,1.0,uniform,0.600914055575458,1.026273870445742,0.1025,0.0,82.07218812137467,ok
2,1641,81,18.0,0.0,12.0,support_rows,1.0,qirana_weighted_coverage,0.11312399376042369,1.4966559420360301,0.52,0.0,103.88816703328132,ok
2,1641,81,18.0,0.0,12.0,support_rows,1.0,querymarket_viewcover,0.6755372503101472,1.3886588517476743,0.8175,0.0,82.07218812137467,ok
2,1641,81,18.0,0.0,12.0,support_rows,1.0,monopoly_per_asset,0.6072729978353669,1.144534513523787,0.5925,0.4444444444444444,,ok
2,1641,81,18.0,0.0,12.0,support_rows,1.0,chawla_ubp,0.600914055575458,1.026273870445742,0.1025,0.0,,ok
2,1641,81,18.0,0.0,12.0,support_rows,1.0,chawla_lpip,0.15894753645740028,1.5982658679743083,0.6925,0.0,,ok
2,1641,81,18.0,0.0,12.0,support_rows,2.0,uniform,0.5252670282963797,0.9784130551363336,0.0575,0.0,80.16236436589536,ok
2,1641,81,18.0,0.0,12.0,support_rows,2.0,qirana_weighted_coverage,0.24163650585044016,1.7130726189250787,0.6025,0.0,54.84983930989445,ok
2,1641,81,18.0,0.0,12.0,support_rows,2.0,querymarket_viewcover,0.6463571964656614,1.4701016117758279,0.8825,0.0,110.28323437951224,ok
2,1641,81,18.0,0.0,12.0,support_rows,2.0,monopoly_per_asset,0.6739110817966748,1.3830344781722677,0.58,0.3888888888888889,,ok
2,1641,81,18.0,0.0,12.0,support_rows,2.0,chawla_ubp,0.5252670282963797,0.9784130551363336,0.0575,0.0,,ok
2,1641,81,18.0,0.0,12.0,support_rows,2.0,chawla_lpip,0.3009418075569402,1.7784001088810777,0.6475,0.0,,ok
2,1641,81,18.0,0.0,12.0,answer_cells,0.0,uniform,0.5183847315109982,1.2443293902188848,0.425,0.0,14.243871498229304,ok
2,1641,81,18.0,0.0,12.0,answer_cells,0.0,qirana_weighted_coverage,0.40013107217188393,0.9331928770854783,0.6225,0.0,168.42226551208998,ok
2,1641,81,18.0,0.0,12.0,answer_cells,0.0,querymarket_viewcover,0.4566987402100963,1.2542353219293645,0.4875,0.0,614.502742819126,ok
2,1641,81,18.0,0.0,12.0,answer_cells,0.0,monopoly_per_asset,0.6524495244904553,1.114325831183832,0.48,0.5555555555555556,,ok
2,1641,81,18.0,0.0,12.0,answer_cells,0.0,chawla_ubp,0.5183847315109982,1.2443293902188848,0.425,0.0,,ok
2,1641,81,18.0,0.0,12.0,answer_cells,0.0,chawla_lpip,0.4977866639254796,1.3624424036151916,0.65,0.0,,ok
2,1641,81,18.0,0.0,12.0,answer_cells,1.0,uniform,0.4889130389082127,1.4074092343745261,0.475,0.0,12.137581360065846,ok
2,1641,81,18.0,0.0,12.0,answer_cells,1.0,qirana_weighted_coverage,0.46872994846069604,1.383987433676482,0.81,0.0,56.584591245422075,ok
2,1641,81,18.0,0.0,12.0,answer_cells,1.0,querymarket_viewcover,0.4445561242904505,1.356172756361036,0.4475,0.0,676.1521904713252,ok
2,1641,81,18.0,0.0,12.0,answer_cells,1.0,monopoly_per_asset,0.6815458805181637,1.3056829207518377,0.5875,0.2777777777777778,,ok
2,1641,81,18.0,0.0,12.0,answer_cells,1.0,chawla_ubp,0.4889130389082127,1.4074092343745261,0.475,0.0,,ok
2,1641,81,18.0,0.0,12.0,answer_cells,1.0,chawla_lpip,0.46565262807591856,1.29246287766541,0.58,0.0,,ok
2,1641,81,18.0,0.0,12.0,answer_cells,2.0,uniform,0.48642411032410227,1.4725001759664271,0.53,0.0,13.349008049412594,ok
2,1641,81,18.0,0.0,12.0,answer_cells,2.0,qirana_weighted_coverage,0.5336668635673693,1.1997813896776253,0.665,0.0,104.94531511314868,ok
2,1641,81,18.0,0.0,12.0,answer_cells,2.0,querymarket_viewcover,0.41762863813661255,1.4756901178048867,0.5625,0.0,577.1329218796311,ok
2,1641,81,18.0,0.0,12.0,answer_cells,2.0,monopoly_per_asset,0.7404641879318503,1.3524604037729733,0.575,0.3333333333333333,,ok
2,1641,81,18.0,0.0,12.0,answer_cells,2.0,chawla_ubp,0.48642411032410227,1.4725001759664271,0.53,0.0,,ok
2,1641,81,18.0,0.0,12.0,answer_cells,2.0,chawla_lpip,0.4836997135440858,1.5323241458819483,0.655,0.0,,ok
3,4930,81,265.0,0.0,14.0,support_rows,0.0,uniform,0.6492883527563452,1.2124506400105948,0.49,0.0,72.8391820457827,ok
3,4930,81,265.0,0.0,14.0,support_rows,0.0,qirana_weighted_coverage,0.23314077745694756,1.3775754934676563,0.7175,0.0,147.60666153202783,ok
3,4930,81,265.0,0.0,14.0,support_rows,0.0,querymarket_viewcover,0.5057987462089658,0.9560679692838793,0.4625,0.0,95.92732264651453,ok
3,4930,81,265.0,0.0,14.0,support_rows,0.0,monopoly_per_asset,0.6498091569733867,1.134808243972215,0.48,0.37735849056603776,,ok
3,4930,81,265.0,0.0,14.0,support_rows,0.0,chawla_ubp,0.6492883527563452,1.2124506400105948,0.49,0.0,,ok
3,4930,81,265.0,0.0,14.0,support_rows,0.0,chawla_lpip,0.5325278637599347,1.230956871363219,0.5375,0.0,,ok
3,4930,81,265.0,0.0,14.0,support_rows,1.0,uniform,0.7075119323204099,1.3419100603220517,0.5625,0.0,63.12353614043385,ok
3,4930,81,265.0,0.0,14.0,support_rows,1.0,qirana_weighted_coverage,0.24492629040766453,1.198094890649231,0.5875,0.0,485.76763907086126,ok
3,4930,81,265.0,0.0,14.0,support_rows,1.0,querymarket_viewcover,0.5429057629535006,1.0614417131313152,0.58,0.0,83.32460356460618,ok
3,4930,81,265.0,0.0,14.0,support_rows,1.0,monopoly_per_asset,0.682728680624575,1.2677113744945374,0.585,0.5283018867924528,,ok
3,4930,81,265.0,0.0,14.0,support_rows,1.0,chawla_ubp,0.7075119323204099,1.3419100603220517,0.5625,0.0,,ok
3,4930,81,265.0,0.0,14.0,support_rows,1.0,chawla_lpip,0.3830105028254249,1.4893350411401807,0.745,0.0,,ok
3,4930,81,265.0,0.0,14.0,support_rows,2.0,uniform,0.7747411361496738,1.4811194953341353,0.66,0.0,63.51703157279575,ok
3,4930,81,265.0,0.0,14.0,support_rows,2.0,qirana_weighted_coverage,0.36866860005097507,1.599212217226074,0.83,0.0,91.50876039038255,ok
3,4930,81,265.0,0.0,14.0,support_rows,2.0,querymarket_viewcover,0.640123855178291,1.2084734904783425,0.54,0.0,86.93854092253319,ok
3,4930,81,265.0,0.0,14.0,support_rows,2.0,monopoly_per_asset,0.7222164169098614,1.3299685015111655,0.58,0.5207547169811321,,ok
3,4930,81,265.0,0.0,14.0,support_rows,2.0,chawla_ubp,0.7747411361496738,1.4811194953341351,0.66,0.0,,ok
3,4930,81,265.0,0.0,14.0,support_rows,2.0,chawla_lpip,0.591865851307671,1.371075818730859,0.6125,0.0,,ok
3,4930,81,265.0,0.0,14.0,answer_cells,0.0,uniform,0.6445187089660527,1.4644062762198566,0.1975,0.0,19.84857194471847,ok
3,4930,81,265.0,0.0,14.0,answer_cells,0.0,qirana_weighted_coverage,0.5832124657199373,1.5238620853265064,0.5475,0.0,40.829640512546476,ok
3,4930,81,265.0,0.0,14.0,answer_cells,0.0,querymarket_viewcover,0.2930006428262593,0.8487182762292044,0.1375,0.0,24.19789886088282,ok
3,4930,81,265.0,0.0,14.0,answer_cells,0.0,monopoly_per_asset,0.6960198644900465,1.3077214675491913,0.4725,0.15849056603773584,,ok
3,4930,81,265.0,0.0,14.0,answer_cells,0.0,chawla_ubp,0.6445187089660527,1.4644062762198566,0.1975,0.0,,ok
3,4930,81,265.0,0.0,14.0,answer_cells,0.0,chawla_lpip,0.7465604003884339,1.6237714831625942,0.755,0.0,,ok
3,4930,81,265.0,0.0,14.0,answer_cells,1.0,uniform,0.5838559117617669,1.0177152666672835,0.135,0.0,22.370945785973426,ok
3,4930,81,265.0,0.0,14.0,answer_cells,1.0,qirana_weighted_coverage,0.5397826764771462,1.456018551208903,0.735,0.0,27.548136932819936,ok
3,4930,81,265.0,0.0,14.0,answer_cells,1.0,querymarket_viewcover,0.2936251821120473,0.6223806017378691,0.1725,0.0,25.79537311804618,ok
3,4930,81,265.0,0.0,14.0,answer_cells,1.0,monopoly_per_asset,0.6474976018518782,1.3241158099313248,0.6025,0.23773584905660378,,ok
3,4930,81,265.0,0.0,14.0,answer_cells,1.0,chawla_ubp,0.583855911761767,1.0177152666672835,0.135,0.0,,ok
3,4930,81,265.0,0.0,14.0,answer_cells,1.0,chawla_lpip,0.6011585767672072,1.4805984718361158,0.84,0.0,,ok
3,4930,81,265.0,0.0,14.0,answer_cells,2.0,uniform,0.7623720149107649,1.451660447004012,0.2825,0.0,17.619555254300455,ok
3,4930,81,265.0,0.0,14.0,answer_cells,2.0,qirana_weighted_coverage,0.7083987749170825,1.4970379232573845,0.71,0.0,25.718866943777275,ok
3,4930,81,265.0,0.0,14.0,answer_cells,2.0,querymarket_viewcover,0.5417523206581741,1.1129616419196031,0.235,0.0,21.385500080647805,ok
3,4930,81,265.0,0.0,14.0,answer_cells,2.0,monopoly_per_asset,0.8363836093608609,1.5647970054357987,0.5825,0.22264150943396227,,ok
3,4930,81,265.0,0.0,14.0,answer_cells,2.0,chawla_ubp,0.7623720149107649,1.451660447004012,0.2825,0.0,,ok
3,4930,81,265.0,0.0,14.0,answer_cells,2.0,chawla_lpip,0.7583348505592207,1.6252738884038618,0.755,0.0,,ok
4,459,47,116.0,0.0,1.0,support_rows,0.0,uniform,0.7495301555926066,1.3354529324837194,0.505,0.0,60.34695665757516,ok
4,459,47,116.0,0.0,1.0,support_rows,0.0,qirana_weighted_coverage,0.4771932479406393,1.5998245111102187,0.78,0.0,60.034738739759455,ok
4,459,47,116.0,0.0,1.0,support_rows,0.0,querymarket_viewcover,0.34050740283726316,0.6763924343716432,0.31,0.0,92.77561310166314,ok
4,459,47,116.0,0.0,1.0,support_rows,0.0,monopoly_per_asset,0.6791772095705529,1.2521233789358748,0.4875,0.5172413793103449,,ok
4,459,47,116.0,0.0,1.0,support_rows,0.0,chawla_ubp,0.7495301555926066,1.3354529324837194,0.505,0.0,,ok
4,459,47,116.0,0.0,1.0,support_rows,0.0,chawla_lpip,0.7114448311801375,1.3215687771217668,0.5,0.0,,ok
4,459,47,116.0,0.0,1.0,support_rows,1.0,uniform,0.7740575952482422,1.4911070037217844,0.6075,0.0,58.25017544977567,ok
4,459,47,116.0,0.0,1.0,support_rows,1.0,qirana_weighted_coverage,0.4853188930493851,1.088887136145886,0.425,0.0,409.9499872245137,ok
4,459,47,116.0,0.0,1.0,support_rows,1.0,querymarket_viewcover,0.23924766045431448,0.42275326855325257,0.21,0.0,105.04121349620245,ok
4,459,47,116.0,0.0,1.0,support_rows,1.0,monopoly_per_asset,0.7571969893873997,1.3802715903811045,0.565,0.49137931034482757,,ok
4,459,47,116.0,0.0,1.0,support_rows,1.0,chawla_ubp,0.7740575952482422,1.4911070037217842,0.6075,0.0,,ok
4,459,47,116.0,0.0,1.0,support_rows,1.0,chawla_lpip,0.7170104650182284,1.6077686613144555,0.715,0.0,,ok
4,459,47,116.0,0.0,1.0,support_rows,2.0,uniform,0.7838932280246979,1.67396201767732,0.695,0.0,49.497490253504374,ok
4,459,47,116.0,0.0,1.0,support_rows,2.0,qirana_weighted_coverage,0.41682296080061726,0.893645653584334,0.29,0.0,512.7586428050636,ok
4,459,47,116.0,0.0,1.0,support_rows,2.0,querymarket_viewcover,0.3490163622392068,0.6527636525943132,0.315,0.0,99.31013802966916,ok
4,459,47,116.0,0.0,1.0,support_rows,2.0,monopoly_per_asset,0.7848643091537907,1.4443137711786862,0.57,0.49137931034482757,,ok
4,459,47,116.0,0.0,1.0,support_rows,2.0,chawla_ubp,0.7838932280246979,1.67396201767732,0.695,0.0,,ok
4,459,47,116.0,0.0,1.0,support_rows,2.0,chawla_lpip,0.7104226122794193,1.4996555503708695,0.565,0.0,,ok
4,459,47,116.0,0.0,1.0,answer_cells,0.0,uniform,0.49470267897557374,1.3407234505163068,0.3175,0.0,20.528188479241603,ok
4,459,47,116.0,0.0,1.0,answer_cells,0.0,qirana_weighted_coverage,0.45435044181835044,1.4083337478509086,0.5825,0.0,24.097673470727678,ok
4,459,47,116.0,0.0,1.0,answer_cells,0.0,querymarket_viewcover,0.21948990686456063,0.5683876328188171,0.12,0.0,50.50280218437529,ok
4,459,47,116.0,0.0,1.0,answer_cells,0.0,monopoly_per_asset,0.65706391148982,1.2421308863519325,0.49,0.41379310344827586,,ok
4,459,47,116.0,0.0,1.0,answer_cells,0.0,chawla_ubp,0.494702678975574,1.3407234505163068,0.3175,0.0,,ok
4,459,47,116.0,0.0,1.0,answer_cells,0.0,chawla_lpip,0.5045168228241932,1.3708894126068314,0.43,0.0,,ok
4,459,47,116.0,0.0,1.0,answer_cells,1.0,uniform,0.7024987606109087,1.287719572329699,0.255,0.0,70.46015405421329,ok
4,459,47,116.0,0.0,1.0,answer_cells,1.0,qirana_weighted_coverage,0.6004423452993416,1.138301687639836,0.255,0.0,409.9499872245137,ok
4,459,47,116.0,0.0,1.0,answer_cells,1.0,querymarket_viewcover,0.17596062586248645,0.26364692939089834,0.095,0.0,99.28009247405,ok
4,459,47,116.0,0.0,1.0,answer_cells,1.0,monopoly_per_asset,0.8262547462843276,1.5326102213635866,0.565,0.3879310344827586,,ok
4,459,47,116.0,0.0,1.0,answer_cells,1.0,chawla_ubp,0.7024987606109087,1.287719572329699,0.255,0.0,,ok
4,459,47,116.0,0.0,1.0,answer_cells,1.0,chawla_lpip,0.6983377143772844,1.3582361706001744,0.4,0.0,,ok
4,459,47,116.0,0.0,1.0,answer_cells,2.0,uniform,0.6445326266233884,1.1885454343068995,0.2675,0.0,70.55236148632923,ok
4,459,47,116.0,0.0,1.0,answer_cells,2.0,qirana_weighted_coverage,0.4439430753200543,0.8059896216048701,0.1675,0.0,512.7586428050636,ok
4,459,47,116.0,0.0,1.0,answer_cells,2.0,querymarket_viewcover,0.19751045238629406,0.3953909988718624,0.175,0.0,69.25873317414555,ok
4,459,47,116.0,0.0,1.0,answer_cells,2.0,monopoly_per_asset,0.7398952338211513,1.3373992582742442,0.565,0.39655172413793105,,ok
4,459,47,116.0,0.0,1.0,answer_cells,2.0,chawla_ubp,0.6445326266233885,1.1885454343068993,0.2675,0.0,,ok
4,459,47,116.0,0.0,1.0,answer_cells,2.0,chawla_lpip,0.6530617264824987,1.2828577825110787,0.545,0.0,,ok
5,4086,64,3.0,0.0,0.0,support_rows,0.0,uniform,0.7089015573758579,1.4265657181908804,0.5425,0.0,21.50765795342374,ok
5,4086,64,3.0,0.0,0.0,support_rows,0.0,qirana_weighted_coverage,0.6380196801891401,1.5214884144471974,0.655,0.0,55.02838560797651,ok
5,4086,64,3.0,0.0,0.0,support_rows,0.0,querymarket_viewcover,0.7810986554435342,1.3360875846505553,0.52,0.0,181.5301679413114,ok
5,4086,64,3.0,0.0,0.0,support_rows,0.0,monopoly_per_asset,0.664624385543758,1.1732017311763363,0.435,0.6666666666666666,,ok
5,4086,64,3.0,0.0,0.0,support_rows,0.0,chawla_ubp,0.7089015573758582,1.4265657181908804,0.5425,0.0,,ok
5,4086,64,3.0,0.0,0.0,support_rows,0.0,chawla_lpip,0.6416987468761612,1.5318714740775718,0.655,0.0,,ok
5,4086,64,3.0,0.0,0.0,support_rows,1.0,uniform,0.7723839802975924,1.5875606071667108,0.6875,0.0,17.31690760241681,ok
5,4086,64,3.0,0.0,0.0,support_rows,1.0,qirana_weighted_coverage,0.7150628628469925,1.592826152736169,0.745,0.0,42.780178302468556,ok
5,4086,64,3.0,0.0,0.0,support_rows,1.0,querymarket_viewcover,0.8167725517637552,1.4984447951313795,0.63,0.0,152.89435591746405,ok
5,4086,64,3.0,0.0,0.0,support_rows,1.0,monopoly_per_asset,0.7638331382001734,1.398143745875052,0.575,0.3333333333333333,,ok
5,4086,64,3.0,0.0,0.0,support_rows,1.0,chawla_ubp,0.7723839802975924,1.5875606071667108,0.6875,0.0,,ok
5,4086,64,3.0,0.0,0.0,support_rows,1.0,chawla_lpip,0.7272706022068819,1.5365731821063453,0.6775,0.0,,ok
5,4086,64,3.0,0.0,0.0,support_rows,2.0,uniform,0.660707088897049,1.6358216992181898,0.65,0.0,17.808579071230483,ok
5,4086,64,3.0,0.0,0.0,support_rows,2.0,qirana_weighted_coverage,0.6133166436870524,1.5243689191378478,0.605,0.0,70.71858850759646,ok
5,4086,64,3.0,0.0,0.0,support_rows,2.0,querymarket_viewcover,0.7708923205928315,1.4108288065126906,0.65,0.0,142.85550869779553,ok
5,4086,64,3.0,0.0,0.0,support_rows,2.0,monopoly_per_asset,0.7806603380650984,1.3705790044458495,0.5325,0.3333333333333333,,ok
5,4086,64,3.0,0.0,0.0,support_rows,2.0,chawla_ubp,0.660707088897049,1.6358216992181895,0.65,0.0,,ok
5,4086,64,3.0,0.0,0.0,support_rows,2.0,chawla_lpip,0.7032018992443545,1.6908154203260384,0.73,0.0,,ok
5,4086,64,3.0,0.0,0.0,answer_cells,0.0,uniform,0.7399802190174893,1.3590377342098694,0.51,0.0,56.75904962348036,ok
5,4086,64,3.0,0.0,0.0,answer_cells,0.0,qirana_weighted_coverage,0.6671836041116818,1.4724833516258649,0.6275,0.0,145.22078025357257,ok
5,4086,64,3.0,0.0,0.0,answer_cells,0.0,querymarket_viewcover,0.7244203762322685,1.3270665918331659,0.5325,0.0,437.0335193401261,ok
5,4086,64,3.0,0.0,0.0,answer_cells,0.0,monopoly_per_asset,0.6459550726191978,1.16710690724964,0.435,0.3333333333333333,,ok
5,4086,64,3.0,0.0,0.0,answer_cells,0.0,chawla_ubp,0.7399802190174893,1.3590377342098694,0.51,0.0,,ok
5,4086,64,3.0,0.0,0.0,answer_cells,0.0,chawla_lpip,0.6620171905245869,1.469475059377565,0.6175,0.0,,ok
5,4086,64,3.0,0.0,0.0,answer_cells,1.0,uniform,0.7582886140452647,1.406642103775155,0.5925,0.0,49.786648094954366,ok
5,4086,64,3.0,0.0,0.0,answer_cells,1.0,qirana_weighted_coverage,0.68764518559432,1.476489138920469,0.7025,0.0,112.89756738876434,ok
5,4086,64,3.0,0.0,0.0,answer_cells,1.0,querymarket_viewcover,0.7734322282902373,1.3766520054981624,0.5825,0.0,408.72545326297785,ok
5,4086,64,3.0,0.0,0.0,answer_cells,1.0,monopoly_per_asset,0.7522478474632461,1.3306597172438328,0.575,0.0,,ok
5,4086,64,3.0,0.0,0.0,answer_cells,1.0,chawla_ubp,0.7582886140452647,1.406642103775155,0.5925,0.0,,ok
5,4086,64,3.0,0.0,0.0,answer_cells,1.0,chawla_lpip,0.6956312837362065,1.4272768021603763,0.6325,0.0,,ok
5,4086,64,3.0,0.0,0.0,answer_cells,2.0,uniform,0.7485722979107897,1.5015779143484222,0.575,0.0,46.62997860582784,ok
5,4086,64,3.0,0.0,0.0,answer_cells,2.0,qirana_weighted_coverage,0.688860458989743,1.3285141194254644,0.5,0.0,211.48704867701903,ok
5,4086,64,3.0,0.0,0.0,answer_cells,2.0,querymarket_viewcover,0.6711777562705299,1.270410641647347,0.5225,0.0,398.15860180450005,ok
5,4086,64,3.0,0.0,0.0,answer_cells,2.0,monopoly_per_asset,0.7605033269777587,1.3358810197798097,0.5325,0.0,,ok
5,4086,64,3.0,0.0,0.0,answer_cells,2.0,chawla_ubp,0.7485722979107897,1.5015779143484222,0.575,0.0,,ok
5,4086,64,3.0,0.0,0.0,answer_cells,2.0,chawla_lpip,0.7322348374317562,1.5731383608542264,0.6525,0.0,,ok
6,7635,60,110.0,7.0,1.0,support_rows,0.0,uniform,0.6711983032016149,1.3273753592824684,0.5275,0.0,43.0758793445055,ok
6,7635,60,110.0,7.0,1.0,support_rows,0.0,qirana_weighted_coverage,0.41891975928532676,1.5065600521499678,0.7475,0.06363636363636363,55.1697943850263,ok
6,7635,60,110.0,7.0,1.0,support_rows,0.0,querymarket_viewcover,0.32967123376591867,0.6550861506592267,0.31,0.0,103.23550913294991,ok
6,7635,60,110.0,7.0,1.0,support_rows,0.0,monopoly_per_asset,0.6755550151920033,1.2178014925712661,0.5,0.5,,ok
6,7635,60,110.0,7.0,1.0,support_rows,0.0,chawla_ubp,0.6711983032016149,1.3273753592824682,0.5275,0.0,,ok
6,7635,60,110.0,7.0,1.0,support_rows,0.0,chawla_lpip,0.6406443426120857,1.3850946143289804,0.595,0.02727272727272727,,ok
6,7635,60,110.0,7.0,1.0,support_rows,1.0,uniform,0.6462139975989105,1.2740303601966232,0.435,0.0,62.54025052904422,ok
6,7635,60,110.0,7.0,1.0,support_rows,1.0,qirana_weighted_coverage,0.6148012517968588,1.3580733376046348,0.5925,0.06363636363636363,197.5519481895624,ok
6,7635,60,110.0,7.0,1.0,support_rows,1.0,querymarket_viewcover,0.5642380357804662,1.1161311790418325,0.515,0.0,84.26705548601045,ok
6,7635,60,110.0,7.0,1.0,support_rows,1.0,monopoly_per_asset,0.7332448433860518,1.3504606654915718,0.5425,0.4090909090909091,,ok
6,7635,60,110.0,7.0,1.0,support_rows,1.0,chawla_ubp,0.6462139975989105,1.2740303601966232,0.435,0.0,,ok
6,7635,60,110.0,7.0,1.0,support_rows,1.0,chawla_lpip,0.614467155348743,1.33708176442502,0.5275,0.045454545454545456,,ok
6,7635,60,110.0,7.0,1.0,support_rows,2.0,uniform,0.6759567116978838,1.3466061782841274,0.445,0.0,57.69004181813091,ok
6,7635,60,110.0,7.0,1.0,support_rows,2.0,qirana_weighted_coverage,0.34995649648516686,1.5767075024185648,0.735,0.06363636363636363,123.32159005952231,ok
6,7635,60,110.0,7.0,1.0,support_rows,2.0,querymarket_viewcover,0.3304884592438724,0.7056986105575478,0.415,0.0,80.47111334071361,ok
6,7635,60,110.0,7.0,1.0,support_rows,2.0,monopoly_per_asset,0.7591326382546425,1.322705442799992,0.5225,0.509090909090909,,ok
6,7635,60,110.0,7.0,1.0,support_rows,2.0,chawla_ubp,0.6759567116978838,1.3466061782841274,0.445,0.0,,ok
6,7635,60,110.0,7.0,1.0,support_rows,2.0,chawla_lpip,0.47367749563756906,1.5263706357209104,0.6,0.02727272727272727,,ok
6,7635,60,110.0,7.0,1.0,answer_cells,0.0,uniform,0.3372786681105631,0.5391232839311946,0.055,0.0,98.24413196150196,ok
6,7635,60,110.0,7.0,1.0,answer_cells,0.0,qirana_weighted_coverage,0.3407799342651285,0.6604740704427269,0.0925,0.06363636363636363,391.9655281641142,ok
6,7635,60,110.0,7.0,1.0,answer_cells,0.0,querymarket_viewcover,0.31939830867060326,0.5336774385118893,0.055,0.0,252.1970120086035,ok
6,7635,60,110.0,7.0,1.0,answer_cells,0.0,monopoly_per_asset,0.5604503160443429,1.0871714344549812,0.505,0.2818181818181818,,ok
6,7635,60,110.0,7.0,1.0,answer_cells,0.0,chawla_ubp,0.3372786681105631,0.5391232839311946,0.055,0.0,,ok
6,7635,60,110.0,7.0,1.0,answer_cells,0.0,chawla_lpip,0.42975304185704283,1.2993070488286105,0.8925,0.0,,ok
6,7635,60,110.0,7.0,1.0,answer_cells,1.0,uniform,0.7105688134447447,1.3255151866552324,0.2975,0.0,50.090969922971496,ok
6,7635,60,110.0,7.0,1.0,answer_cells,1.0,qirana_weighted_coverage,0.5233680133485158,1.456787295023824,0.4,0.06363636363636363,101.97281232774482,ok
6,7635,60,110.0,7.0,1.0,answer_cells,1.0,querymarket_viewcover,0.5300123879425488,1.4596079712981815,0.3875,0.0,47.80272922380487,ok
6,7635,60,110.0,7.0,1.0,answer_cells,1.0,monopoly_per_asset,0.8115731987727699,1.470832178392104,0.545,0.39090909090909093,,ok
6,7635,60,110.0,7.0,1.0,answer_cells,1.0,chawla_ubp,0.7105688134447447,1.3255151866552324,0.2975,0.0,,ok
6,7635,60,110.0,7.0,1.0,answer_cells,1.0,chawla_lpip,0.6875023080106151,1.302486315667447,0.515,0.06363636363636363,,ok
6,7635,60,110.0,7.0,1.0,answer_cells,2.0,uniform,0.4745159999090109,1.0795448232190967,0.1,0.0,40.417554394469946,ok
6,7635,60,110.0,7.0,1.0,answer_cells,2.0,qirana_weighted_coverage,0.4037816816405785,1.2994412933221673,0.3725,0.06363636363636363,75.41523328088913,ok
6,7635,60,110.0,7.0,1.0,answer_cells,2.0,querymarket_viewcover,0.4167966100547504,0.8633152147887464,0.07,0.0,119.75241442376372,ok
6,7635,60,110.0,7.0,1.0,answer_cells,2.0,monopoly_per_asset,0.6983745699432076,1.2158368329693812,0.52,0.33636363636363636,,ok
6,7635,60,110.0,7.0,1.0,answer_cells,2.0,chawla_ubp,0.474515999909011,1.0795448232190967,0.1,0.0,,ok
6,7635,60,110.0,7.0,1.0,answer_cells,2.0,chawla_lpip,0.6499678274822442,1.6344893935008347,0.715,0.045454545454545456,,ok
7,8126,55,76.0,0.0,2.0,support_rows,0.0,uniform,0.6422386592932762,1.3395800864391416,0.4025,0.0,47.42419553741392,ok
7,8126,55,76.0,0.0,2.0,support_rows,0.0,qirana_weighted_coverage,0.5123638942591626,1.343258621803398,0.595,0.0,205.02063629123796,ok
7,8126,55,76.0,0.0,2.0,support_rows,0.0,querymarket_viewcover,0.7325637197863263,1.3811549341249432,0.6225,0.0,103.18991095181421,ok
7,8126,55,76.0,0.0,2.0,support_rows,0.0,monopoly_per_asset,0.6511181678348793,1.1522072746192578,0.4625,0.40789473684210525,,ok
7,8126,55,76.0,0.0,2.0,support_rows,0.0,chawla_ubp,0.6422386592932762,1.3395800864391416,0.4025,0.0,,ok
7,8126,55,76.0,0.0,2.0,support_rows,0.0,chawla_lpip,0.611328035541998,1.3064961826488737,0.5675,0.0,,ok
7,8126,55,76.0,0.0,2.0,support_rows,1.0,uniform,0.7301404823982867,1.5971658192030664,0.67,0.0,35.07697156720224,ok
7,8126,55,76.0,0.0,2.0,support_rows,1.0,qirana_weighted_coverage,0.5388958107439824,1.5971607074770084,0.74,0.0,86.94846522919906,ok
7,8126,55,76.0,0.0,2.0,support_rows,1.0,querymarket_viewcover,0.7890982295507759,1.45420118059368,0.6475,0.0,99.13722441156234,ok
7,8126,55,76.0,0.0,2.0,support_rows,1.0,monopoly_per_asset,0.7110077954303539,1.3238309932136496,0.5575,0.27631578947368424,,ok
7,8126,55,76.0,0.0,2.0,support_rows,1.0,chawla_ubp,0.7301404823982867,1.5971658192030664,0.67,0.0,,ok
7,8126,55,76.0,0.0,2.0,support_rows,1.0,chawla_lpip,0.6954036598254535,1.4146088831853347,0.58,0.0,,ok
7,8126,55,76.0,0.0,2.0,support_rows,2.0,uniform,0.7635657737028624,1.5931274515770844,0.59,0.0,45.379159630278,ok
7,8126,55,76.0,0.0,2.0,support_rows,2.0,qirana_weighted_coverage,0.5004234334056411,1.5780117523966848,0.6575,0.0,130.91250791142812,ok
7,8126,55,76.0,0.0,2.0,support_rows,2.0,querymarket_viewcover,0.773196857867988,1.5956134879694044,0.7125,0.0,79.75400616922288,ok
7,8126,55,76.0,0.0,2.0,support_rows,2.0,monopoly_per_asset,0.7896275689028222,1.4351353014326649,0.555,0.4473684210526316,,ok
7,8126,55,76.0,0.0,2.0,support_rows,2.0,chawla_ubp,0.7635657737028624,1.5931274515770844,0.59,0.0,,ok
7,8126,55,76.0,0.0,2.0,support_rows,2.0,chawla_lpip,0.7567861669966677,1.6315332712115085,0.66,0.0,,ok
7,8126,55,76.0,0.0,2.0,answer_cells,0.0,uniform,0.4532369745298145,1.3505538025186137,0.3075,0.0,19.570349937096083,ok
7,8126,55,76.0,0.0,2.0,answer_cells,0.0,qirana_weighted_coverage,0.5290764921763734,1.4902661929025323,0.7175,0.0,54.29372965100053,ok
7,8126,55,76.0,0.0,2.0,answer_cells,0.0,querymarket_viewcover,0.42360346570518553,1.2214045829701483,0.275,0.0,59.58794038682821,ok
7,8126,55,76.0,0.0,2.0,answer_cells,0.0,monopoly_per_asset,0.623987392022231,1.1804586510288164,0.4675,0.15789473684210525,,ok
7,8126,55,76.0,0.0,2.0,answer_cells,0.0,chawla_ubp,0.4532369745298145,1.3505538025186137,0.3075,0.0,,ok
7,8126,55,76.0,0.0,2.0,answer_cells,0.0,chawla_lpip,0.5421663815189559,1.264537468217464,0.54,0.0,,ok
7,8126,55,76.0,0.0,2.0,answer_cells,1.0,uniform,0.5569599270749663,1.0013427572968943,0.2075,0.0,55.62704294695713,ok
7,8126,55,76.0,0.0,2.0,answer_cells,1.0,qirana_weighted_coverage,0.616798291283165,1.180748360965846,0.415,0.0,105.69212114069364,ok
7,8126,55,76.0,0.0,2.0,answer_cells,1.0,querymarket_viewcover,0.5386035701325088,1.106226156928039,0.2575,0.0,139.5848438605181,ok
7,8126,55,76.0,0.0,2.0,answer_cells,1.0,monopoly_per_asset,0.7079998312318674,1.319995665698411,0.56,0.13157894736842105,,ok
7,8126,55,76.0,0.0,2.0,answer_cells,1.0,chawla_ubp,0.5569599270749663,1.001342757296894,0.2075,0.0,,ok
7,8126,55,76.0,0.0,2.0,answer_cells,1.0,chawla_lpip,0.5717790209507919,1.218038092220424,0.53,0.0,,ok
7,8126,55,76.0,0.0,2.0,answer_cells,2.0,uniform,0.669165914688439,1.3979976605914117,0.325,0.0,42.32817827533846,ok
7,8126,55,76.0,0.0,2.0,answer_cells,2.0,qirana_weighted_coverage,0.5935752387580041,1.2228432187284215,0.3275,0.0,138.79815388740457,ok
7,8126,55,76.0,0.0,2.0,answer_cells,2.0,querymarket_viewcover,0.6786128866870426,1.3867995485391564,0.345,0.0,108.94269045936335,ok
7,8126,55,76.0,0.0,2.0,answer_cells,2.0,monopoly_per_asset,0.8048929058724443,1.4253551146800785,0.555,0.15789473684210525,,ok
7,8126,55,76.0,0.0,2.0,answer_cells,2.0,chawla_ubp,0.669165914688439,1.3979976605914117,0.325,0.0,,ok
7,8126,55,76.0,0.0,2.0,answer_cells,2.0,chawla_lpip,0.6744139597101024,1.580539440208169,0.6575,0.0,,ok
8,7948,48,42.0,0.0,0.0,support_rows,0.0,uniform,0.6775476333312971,1.368208354178766,0.36,0.0,56.788990289868345,ok
8,7948,48,42.0,0.0,0.0,support_rows,0.0,qirana_weighted_coverage,0.6217025200452037,1.3715445549575023,0.385,0.0,175.59784795730124,ok
8,7948,48,42.0,0.0,0.0,support_rows,0.0,querymarket_viewcover,0.5485885601136357,1.1822303789465438,0.625,0.0,83.28477733430361,ok
8,7948,48,42.0,0.0,0.0,support_rows,0.0,monopoly_per_asset,0.6333964531968671,1.1661807193195537,0.49,0.4523809523809524,,ok
8,7948,48,42.0,0.0,0.0,support_rows,0.0,chawla_ubp,0.6775476333312972,1.3682083541787657,0.36,0.0,,ok
8,7948,48,42.0,0.0,0.0,support_rows,0.0,chawla_lpip,0.6590651940542258,1.3697647142463254,0.43,0.0,,ok
8,7948,48,42.0,0.0,0.0,support_rows,1.0,uniform,0.8487370565962886,1.820178480813173,0.325,0.0,59.989669541080445,ok
8,7948,48,42.0,0.0,0.0,support_rows,1.0,qirana_weighted_coverage,0.792082255422676,1.9060134209394335,0.3875,0.0,174.8104043547871,ok
8,7948,48,42.0,0.0,0.0,support_rows,1.0,querymarket_viewcover,0.9487475651219652,1.9158917833732907,0.555,0.0,80.44734651731463,ok
8,7948,48,42.0,0.0,0.0,support_rows,1.0,monopoly_per_asset,0.9211386414718817,1.7896471919510877,0.5725,0.40476190476190477,,ok
8,7948,48,42.0,0.0,0.0,support_rows,1.0,chawla_ubp,0.8487370565962886,1.820178480813173,0.325,0.0,,ok
8,7948,48,42.0,0.0,0.0,support_rows,1.0,chawla_lpip,0.7934279448129803,1.8478121332590212,0.4875,0.0,,ok
8,7948,48,42.0,0.0,0.0,support_rows,2.0,uniform,0.729803975375378,1.4311699135627822,0.455,0.0,69.91250447144269,ok
8,7948,48,42.0,0.0,0.0,support_rows,2.0,qirana_weighted_coverage,0.612042712647438,1.5203576799708318,0.57,0.0,138.67119172544795,ok
8,7948,48,42.0,0.0,0.0,support_rows,2.0,querymarket_viewcover,0.6763741953292839,1.2311164826468557,0.495,0.0,95.99395508533928,ok
8,7948,48,42.0,0.0,0.0,support_rows,2.0,monopoly_per_asset,0.7315583442745189,1.320959858565139,0.5675,0.38095238095238093,,ok
8,7948,48,42.0,0.0,0.0,support_rows,2.0,chawla_ubp,0.729803975375378,1.4311699135627822,0.455,0.0,,ok
8,7948,48,42.0,0.0,0.0,support_rows,2.0,chawla_lpip,0.6981721173594481,1.359106162152524,0.4925,0.0,,ok
8,7948,48,42.0,0.0,0.0,answer_cells,0.0,uniform,0.6856418171477074,1.2370922052477238,0.13,0.0,73.56735423649474,ok
8,7948,48,42.0,0.0,0.0,answer_cells,0.0,qirana_weighted_coverage,0.5692963612344693,0.8273442331829579,0.075,0.0,487.7555133161744,ok
8,7948,48,42.0,0.0,0.0,answer_cells,0.0,querymarket_viewcover,0.6535304545878886,1.1979376171266534,0.1325,0.0,111.56552322978173,ok
8,7948,48,42.0,0.0,0.0,answer_cells,0.0,monopoly_per_asset,0.6473456197375549,1.0320636318096992,0.4775,0.35714285714285715,,ok
8,7948,48,42.0,0.0,0.0,answer_cells,0.0,chawla_ubp,0.6856418171477074,1.2370922052477238,0.13,0.0,,ok
8,7948,48,42.0,0.0,0.0,answer_cells,0.0,chawla_lpip,0.6764044005554278,1.2050824574879093,0.8625,0.0,,ok
8,7948,48,42.0,0.0,0.0,answer_cells,1.0,uniform,0.9193433074432905,2.5923358156900953,0.165,0.0,27.628214232558683,ok
8,7948,48,42.0,0.0,0.0,answer_cells,1.0,qirana_weighted_coverage,0.7959955431620246,2.5955038483577177,0.1975,0.0,71.28984588924472,ok
8,7948,48,42.0,0.0,0.0,answer_cells,1.0,querymarket_viewcover,0.895818660710076,2.682299655184308,0.23,0.0,37.47844892044863,ok
8,7948,48,42.0,0.0,0.0,answer_cells,1.0,monopoly_per_asset,1.2200660900681812,2.4065967689262835,0.56,0.23809523809523808,,ok
8,7948,48,42.0,0.0,0.0,answer_cells,1.0,chawla_ubp,0.9193433074432905,2.5923358156900953,0.165,0.0,,ok
8,7948,48,42.0,0.0,0.0,answer_cells,1.0,chawla_lpip,0.9404008177808251,2.638100759769667,0.92,0.0,,ok
8,7948,48,42.0,0.0,0.0,answer_cells,2.0,uniform,0.6794858816440519,1.5485595493048352,0.2,0.0,29.183228192547674,ok
8,7948,48,42.0,0.0,0.0,answer_cells,2.0,qirana_weighted_coverage,0.502056901777576,1.6457273694291652,0.265,0.0,37.39153837657483,ok
8,7948,48,42.0,0.0,0.0,answer_cells,2.0,querymarket_viewcover,0.5587002719728689,1.5618815390293794,0.245,0.0,31.393608907858628,ok
8,7948,48,42.0,0.0,0.0,answer_cells,2.0,monopoly_per_asset,0.8004938225253508,1.481309392569362,0.5675,0.2857142857142857,,ok
8,7948,48,42.0,0.0,0.0,answer_cells,2.0,chawla_ubp,0.6794858816440519,1.5485595493048352,0.2,0.0,,ok
8,7948,48,42.0,0.0,0.0,answer_cells,2.0,chawla_lpip,0.6608415601046211,1.5926773669168939,0.8525,0.0,,ok
9,2941,18,4.0,0.0,1.0,support_rows,0.0,uniform,0.8380801349864566,1.5244876793363509,0.525,0.0,85.64981300024337,ok
9,2941,18,4.0,0.0,1.0,support_rows,0.0,qirana_weighted_coverage,0.4350604216875196,0.8772815981386777,0.34,0.0,8454.810206355216,ok
9,2941,18,4.0,0.0,1.0,support_rows,0.0,querymarket_viewcover,0.8386981401874251,1.525611405633025,0.5525,0.0,85.97330864673313,ok
9,2941,18,4.0,0.0,1.0,support_rows,0.0,monopoly_per_asset,0.8132703732212134,1.3754350319740012,0.5075,0.75,,ok
9,2941,18,4.0,0.0,1.0,support_rows,0.0,chawla_ubp,0.8380801349864566,1.5244876793363509,0.525,0.0,,ok
9,2941,18,4.0,0.0,1.0,support_rows,0.0,chawla_lpip,0.6692632746318646,1.6636544597467327,0.7375,0.0,,ok
9,2941,18,4.0,0.0,1.0,support_rows,1.0,uniform,0.937002281184716,1.7098193930219274,0.4025,0.0,79.7876922883559,ok
9,2941,18,4.0,0.0,1.0,support_rows,1.0,qirana_weighted_coverage,0.6253197495604248,1.655972865284102,0.4525,0.0,804.1381146771637,ok
9,2941,18,4.0,0.0,1.0,support_rows,1.0,querymarket_viewcover,0.9224430210673696,1.7072467134595417,0.6775,0.0,80.61485242735976,ok
9,2941,18,4.0,0.0,1.0,support_rows,1.0,monopoly_per_asset,0.8873242636103662,1.5391862421418636,0.5975,0.5,,ok
9,2941,18,4.0,0.0,1.0,support_rows,1.0,chawla_ubp,0.937002281184716,1.7098193930219274,0.4025,0.0,,ok
9,2941,18,4.0,0.0,1.0,support_rows,1.0,chawla_lpip,0.878141310472258,1.6609958763057553,0.7425,0.0,,ok
9,2941,18,4.0,0.0,1.0,support_rows,2.0,uniform,0.9207044270874788,1.7509538895614822,0.4125,0.0,79.33190958561687,ok
9,2941,18,4.0,0.0,1.0,support_rows,2.0,qirana_weighted_coverage,0.42005261016785916,1.6215303590699646,0.4775,0.0,825.4481962064835,ok
9,2941,18,4.0,0.0,1.0,support_rows,2.0,querymarket_viewcover,0.9231281119414383,1.7652926755984337,0.6525,0.0,79.63154278363209,ok
9,2941,18,4.0,0.0,1.0,support_rows,2.0,monopoly_per_asset,0.7654284836867137,1.446783227186093,0.5025,0.25,,ok
9,2941,18,4.0,0.0,1.0,support_rows,2.0,chawla_ubp,0.9207044270874792,1.7509538895614825,0.4125,0.0,,ok
9,2941,18,4.0,0.0,1.0,support_rows,2.0,chawla_lpip,0.7980452310287586,1.7008291400429316,0.7475,0.0,,ok
9,2941,18,4.0,0.0,1.0,answer_cells,0.0,uniform,0.6460811656821073,1.480049883452435,0.235,0.0,35.24495002231556,ok
9,2941,18,4.0,0.0,1.0,answer_cells,0.0,qirana_weighted_coverage,0.8955045703512884,1.5724310242323907,0.6875,0.0,298.69025813126154,ok
9,2941,18,4.0,0.0,1.0,answer_cells,0.0,querymarket_viewcover,0.6333212300888558,1.4507394859535667,0.23,0.0,35.378068677144796,ok
9,2941,18,4.0,0.0,1.0,answer_cells,0.0,monopoly_per_asset,0.9518068885454836,1.6203668944982692,0.5075,0.25,,ok
9,2941,18,4.0,0.0,1.0,answer_cells,0.0,chawla_ubp,0.6460811656821073,1.480049883452435,0.235,0.0,,ok
9,2941,18,4.0,0.0,1.0,answer_cells,0.0,chawla_lpip,0.6250900513972611,1.4600236477214825,0.705,0.0,,ok
9,2941,18,4.0,0.0,1.0,answer_cells,1.0,uniform,0.8274654461390595,1.5421174686769672,0.28,0.0,25.37333226884259,ok
9,2941,18,4.0,0.0,1.0,answer_cells,1.0,qirana_weighted_coverage,0.8504095140171142,1.571532349907112,0.425,0.0,252.7240843601892,ok
9,2941,18,4.0,0.0,1.0,answer_cells,1.0,querymarket_viewcover,0.806460340333842,1.4877952228442743,0.2625,0.0,26.47081172009482,ok
9,2941,18,4.0,0.0,1.0,answer_cells,1.0,monopoly_per_asset,0.9609282416587914,1.6257233183279527,0.5975,0.25,,ok
9,2941,18,4.0,0.0,1.0,answer_cells,1.0,chawla_ubp,0.8274654461390595,1.5421174686769672,0.28,0.0,,ok
9,2941,18,4.0,0.0,1.0,answer_cells,1.0,chawla_lpip,0.8449757400118196,1.5126409412131725,0.3,0.0,,ok
9,2941,18,4.0,0.0,1.0,answer_cells,2.0,uniform,0.7089283399493221,1.5342205594297273,0.21,0.0,24.724576510482063,ok
9,2941,18,4.0,0.0,1.0,answer_cells,2.0,qirana_weighted_coverage,0.786190694654632,1.6797765171714303,0.475,0.0,259.42140506149747,ok
9,2941,18,4.0,0.0,1.0,answer_cells,2.0,querymarket_viewcover,0.6838644794023658,1.501346813498507,0.2025,0.0,24.817960168685982,ok
9,2941,18,4.0,0.0,1.0,answer_cells,2.0,monopoly_per_asset,0.7467530371802844,1.4013215310021352,0.5025,0.25,,ok
9,2941,18,4.0,0.0,1.0,answer_cells,2.0,chawla_ubp,0.7089283399493223,1.5342205594297273,0.21,0.0,,ok
9,2941,18,4.0,0.0,1.0,answer_cells,2.0,chawla_lpip,0.7695789495656884,1.6962689919064526,0.3325,0.0,,ok
10,270,19,16.0,0.0,2.0,support_rows,0.0,uniform,0.8442783820441787,1.5899073830675778,0.585,0.0,85.87613187024982,ok
10,270,19,16.0,0.0,2.0,support_rows,0.0,qirana_weighted_coverage,0.3093532709846608,1.7978001259914114,0.8425,0.0,115.09551343879498,ok
10,270,19,16.0,0.0,2.0,support_rows,0.0,querymarket_viewcover,0.5994970244000085,1.0742615803060083,0.37,0.0,96.41130887501377,ok
10,270,19,16.0,0.0,2.0,support_rows,0.0,monopoly_per_asset,0.8007058439905325,1.510545886404353,0.5475,0.5,,ok
10,270,19,16.0,0.0,2.0,support_rows,0.0,chawla_ubp,0.8442783820441787,1.5899073830675778,0.585,0.0,,ok
10,270,19,16.0,0.0,2.0,support_rows,0.0,chawla_lpip,0.5308900194221361,1.6121250116266659,0.685,0.0,,ok
10,270,19,16.0,0.0,2.0,support_rows,1.0,uniform,0.9047727107714301,1.6661122841664868,0.6525,0.0,80.29197028649371,ok
10,270,19,16.0,0.0,2.0,support_rows,1.0,qirana_weighted_coverage,0.5689404641266865,1.4013008921974839,0.5975,0.0,12961.682152999545,ok
10,270,19,16.0,0.0,2.0,support_rows,1.0,querymarket_viewcover,0.37560273689676316,0.6554095472647368,0.265,0.0,82.07218812137467,ok
10,270,19,16.0,0.0,2.0,support_rows,1.0,monopoly_per_asset,0.8754477273304191,1.5721053332928159,0.595,0.5,,ok
10,270,19,16.0,0.0,2.0,support_rows,1.0,chawla_ubp,0.9047727107714302,1.6661122841664868,0.6525,0.0,,ok
10,270,19,16.0,0.0,2.0,support_rows,1.0,chawla_lpip,0.4924243909808196,1.8228052390945746,0.825,0.0,,ok
10,270,19,16.0,0.0,2.0,support_rows,2.0,uniform,0.9034470048326092,1.6985955954696141,0.6425,0.0,79.54153418961711,ok
10,270,19,16.0,0.0,2.0,support_rows,2.0,qirana_weighted_coverage,0.35137665940096025,0.8636401730730338,0.345,0.0,13177.711452323681,ok
10,270,19,16.0,0.0,2.0,support_rows,2.0,querymarket_viewcover,0.37689807197134395,0.7719082170585452,0.3025,0.0,70.47952196493057,ok
10,270,19,16.0,0.0,2.0,support_rows,2.0,monopoly_per_asset,0.8299211565930457,1.5376107827432082,0.545,0.5,,ok
10,270,19,16.0,0.0,2.0,support_rows,2.0,chawla_ubp,0.9034470048326092,1.6985955954696141,0.6425,0.0,,ok
10,270,19,16.0,0.0,2.0,support_rows,2.0,chawla_lpip,0.6026022360198888,1.8218406344703124,0.7625,0.0,,ok
10,270,19,16.0,0.0,2.0,answer_cells,0.0,uniform,0.9069520076994773,1.83839283213605,0.1875,0.0,72.51851511911202,ok
10,270,19,16.0,0.0,2.0,answer_cells,0.0,qirana_weighted_coverage,0.8827666208274912,1.8700946491174082,0.2675,0.0,443.9909088925226,ok
10,270,19,16.0,0.0,2.0,answer_cells,0.0,querymarket_viewcover,0.9069520076994773,1.83839283213605,0.1875,0.0,72.51851511911202,ok
10,270,19,16.0,0.0,2.0,answer_cells,0.0,monopoly_per_asset,0.9065864208647587,1.8780955990581465,0.5475,0.5,,ok
10,270,19,16.0,0.0,2.0,answer_cells,0.0,chawla_ubp,0.9069520076994773,1.83839283213605,0.1875,0.0,,ok
10,270,19,16.0,0.0,2.0,answer_cells,0.0,chawla_lpip,0.9064920936415581,1.915281238612631,0.6625,0.0,,ok
10,270,19,16.0,0.0,2.0,answer_cells,1.0,uniform,0.4231904093041073,0.6144445226095258,0.0175,0.0,89.47974779741918,ok
10,270,19,16.0,0.0,2.0,answer_cells,1.0,qirana_weighted_coverage,0.4445204623588062,0.823222815946746,0.0825,0.0,537.8162527709763,ok
10,270,19,16.0,0.0,2.0,answer_cells,1.0,querymarket_viewcover,0.4231904093041073,0.6144445226095258,0.0175,0.0,89.47974779741918,ok
10,270,19,16.0,0.0,2.0,answer_cells,1.0,monopoly_per_asset,0.5471524456638512,0.9494652507815502,0.595,0.5,,ok
10,270,19,16.0,0.0,2.0,answer_cells,1.0,chawla_ubp,0.4231904093041073,0.6144445226095258,0.0175,0.0,,ok
10,270,19,16.0,0.0,2.0,answer_cells,1.0,chawla_lpip,0.3623411568190437,1.1046676638860657,0.785,0.0,,ok
10,270,19,16.0,0.0,2.0,answer_cells,2.0,uniform,0.7294911821743428,1.3972966423896416,0.0425,0.0,85.97520337455836,ok
10,270,19,16.0,0.0,2.0,answer_cells,2.0,qirana_weighted_coverage,0.8407562783867398,1.705650635177227,0.1075,0.0,560.8783408220805,ok
10,270,19,16.0,0.0,2.0,answer_cells,2.0,querymarket_viewcover,0.7294911821743428,1.3972966423896416,0.0425,0.0,85.97520337455836,ok
10,270,19,16.0,0.0,2.0,answer_cells,2.0,monopoly_per_asset,0.8982691519854029,1.6817967178754298,0.545,0.5,,ok
10,270,19,16.0,0.0,2.0,answer_cells,2.0,chawla_ubp,0.7294911821743428,1.3972966423896416,0.0425,0.0,,ok
10,270,19,16.0,0.0,2.0,answer_cells,2.0,chawla_lpip,0.6858555656096046,1.4138232830583233,0.5425,0.0,,ok
11,6229,33,53.0,0.0,20.0,support_rows,0.0,uniform,0.7725853847518912,1.3214680923800053,0.4325,0.0,80.74031644478946,ok
11,6229,33,53.0,0.0,20.0,support_rows,0.0,qirana_weighted_coverage,0.3130017828195117,1.7569736457980067,0.8375,0.0,79.14633912331259,ok
11,6229,33,53.0,0.0,20.0,support_rows,0.0,querymarket_viewcover,0.4624862269851551,0.7502972771667094,0.295,0.0,113.37891516674685,ok
11,6229,33,53.0,0.0,20.0,support_rows,0.0,monopoly_per_asset,0.7290936202917001,1.3498329941999885,0.4925,0.4528301886792453,,ok
11,6229,33,53.0,0.0,20.0,support_rows,0.0,chawla_ubp,0.7725853847518912,1.3214680923800053,0.4325,0.0,,ok
11,6229,33,53.0,0.0,20.0,support_rows,0.0,chawla_lpip,0.3616010633431723,1.6956878783042888,0.785,0.0,,ok
11,6229,33,53.0,0.0,20.0,support_rows,1.0,uniform,0.829218784334375,1.6863289217630169,0.6525,0.0,58.06508877465547,ok
11,6229,33,53.0,0.0,20.0,support_rows,1.0,qirana_weighted_coverage,0.4612343538176741,1.7395330596927199,0.7975,0.0,505.77733943165146,ok
11,6229,33,53.0,0.0,20.0,support_rows,1.0,querymarket_viewcover,0.4772815821938655,0.8700350252122537,0.42,0.0,86.51261290151355,ok
11,6229,33,53.0,0.0,20.0,support_rows,1.0,monopoly_per_asset,0.8143886193150006,1.4656126786669774,0.55,0.39622641509433965,,ok
11,6229,33,53.0,0.0,20.0,support_rows,1.0,chawla_ubp,0.829218784334375,1.6863289217630169,0.6525,0.0,,ok
11,6229,33,53.0,0.0,20.0,support_rows,1.0,chawla_lpip,0.4991951288247285,1.73359341116306,0.76,0.0,,ok
11,6229,33,53.0,0.0,20.0,support_rows,2.0,uniform,0.7989357658875513,1.535498573736919,0.5575,0.0,57.63276660726335,ok
11,6229,33,53.0,0.0,20.0,support_rows,2.0,qirana_weighted_coverage,0.22610043837823746,1.5164543713273,0.705,0.0,1039.1920782353034,ok
11,6229,33,53.0,0.0,20.0,support_rows,2.0,querymarket_viewcover,0.6801427837954562,1.2718825528514135,0.495,0.0,87.90223644494962,ok
11,6229,33,53.0,0.0,20.0,support_rows,2.0,monopoly_per_asset,0.7803425101649815,1.419128753646738,0.5425,0.49056603773584906,,ok
11,6229,33,53.0,0.0,20.0,support_rows,2.0,chawla_ubp,0.7989357658875513,1.5354985737369187,0.5575,0.0,,ok
11,6229,33,53.0,0.0,20.0,support_rows,2.0,chawla_lpip,0.32490974053957034,1.7315191885873558,0.7575,0.0,,ok
11,6229,33,53.0,0.0,20.0,answer_cells,0.0,uniform,0.8046503306538942,1.5899916093655075,0.185,0.0,79.14633912331259,ok
11,6229,33,53.0,0.0,20.0,answer_cells,0.0,qirana_weighted_coverage,0.8414999328835395,1.7322828964933525,0.8475,0.0,79.14633912331259,ok
11,6229,33,53.0,0.0,20.0,answer_cells,0.0,querymarket_viewcover,0.00878705373428006,0.03550996846118859,0.0275,0.0,19.964483052522002,ok
11,6229,33,53.0,0.0,20.0,answer_cells,0.0,monopoly_per_asset,0.8273240726363335,1.689025392386135,0.4925,0.09433962264150944,,ok
11,6229,33,53.0,0.0,20.0,answer_cells,0.0,chawla_ubp,0.8046503306538942,1.5899916093655075,0.185,0.0,,ok
11,6229,33,53.0,0.0,20.0,answer_cells,0.0,chawla_lpip,0.7870831898095912,1.7433374977666332,0.8575,0.0,,ok
11,6229,33,53.0,0.0,20.0,answer_cells,1.0,uniform,0.5652427939338202,1.2006366000383073,0.33,0.0,20.609878053169766,ok
11,6229,33,53.0,0.0,20.0,answer_cells,1.0,qirana_weighted_coverage,0.5022933350472965,1.1891309334931435,0.8475,0.0,103.36229502626968,ok
11,6229,33,53.0,0.0,20.0,answer_cells,1.0,querymarket_viewcover,0.11078681407256526,0.25768611121801077,0.105,0.0,30.23245574426076,ok
11,6229,33,53.0,0.0,20.0,answer_cells,1.0,monopoly_per_asset,0.6492445247619882,1.1782111366646246,0.55,0.18867924528301888,,ok
11,6229,33,53.0,0.0,20.0,answer_cells,1.0,chawla_ubp,0.5652427939338203,1.2006366000383073,0.33,0.0,,ok
11,6229,33,53.0,0.0,20.0,answer_cells,1.0,chawla_lpip,0.614747882770247,1.2429080855922467,0.78,0.0,,ok
11,6229,33,53.0,0.0,20.0,answer_cells,2.0,uniform,0.6131181336635991,1.385333461863797,0.1625,0.0,39.43615260304933,ok
11,6229,33,53.0,0.0,20.0,answer_cells,2.0,qirana_weighted_coverage,0.6041658921109688,1.6060230726536022,0.895,0.0,91.85170958348144,ok
11,6229,33,53.0,0.0,20.0,answer_cells,2.0,querymarket_viewcover,0.28199825967796804,0.5640895121341736,0.1675,0.0,30.970548598307005,ok
11,6229,33,53.0,0.0,20.0,answer_cells,2.0,monopoly_per_asset,0.8656598574922698,1.6045697807121606,0.54,0.1509433962264151,,ok
11,6229,33,53.0,0.0,20.0,answer_cells,2.0,chawla_ubp,0.6131181336635991,1.3853334618637965,0.1625,0.0,,ok
11,6229,33,53.0,0.0,20.0,answer_cells,2.0,chawla_lpip,0.6811507846382986,1.839238720331718,0.8375,0.0,,ok
12,6969,31,23.0,0.0,0.0,support_rows,0.0,uniform,0.5480073695452367,0.9530452135624667,0.1575,0.0,58.33256106386088,ok
12,6969,31,23.0,0.0,0.0,support_rows,0.0,qirana_weighted_coverage,0.49744064902059354,0.9050756594300049,0.2725,0.0,217.18869299143057,ok
12,6969,31,23.0,0.0,0.0,support_rows,0.0,querymarket_viewcover,0.2677367568124378,0.6017029367532941,0.46,0.0,81.76141840476373,ok
12,6969,31,23.0,0.0,0.0,support_rows,0.0,monopoly_per_asset,0.7574934451367842,1.328778252751879,0.5125,0.43478260869565216,,ok
12,6969,31,23.0,0.0,0.0,support_rows,0.0,chawla_ubp,0.5480073695452367,0.9530452135624667,0.1575,0.0,,ok
12,6969,31,23.0,0.0,0.0,support_rows,0.0,chawla_lpip,0.5765597885754358,1.3789045232381554,0.3775,0.0,,ok
12,6969,31,23.0,0.0,0.0,support_rows,1.0,uniform,0.6433380395667727,1.342464958629762,0.22,0.0,39.67289509555818,ok
12,6969,31,23.0,0.0,0.0,support_rows,1.0,qirana_weighted_coverage,0.7072557746170296,1.487732442395997,0.5475,0.0,163.05302977491368,ok
12,6969,31,23.0,0.0,0.0,support_rows,1.0,querymarket_viewcover,0.4113723785548616,0.7215416863936699,0.43,0.0,104.47151352757477,ok
12,6969,31,23.0,0.0,0.0,support_rows,1.0,monopoly_per_asset,0.9928335834686389,1.8235342249779811,0.64,0.6086956521739131,,ok
12,6969,31,23.0,0.0,0.0,support_rows,1.0,chawla_ubp,0.6433380395667727,1.342464958629762,0.22,0.0,,ok
12,6969,31,23.0,0.0,0.0,support_rows,1.0,chawla_lpip,0.6910744890055406,1.608107127971584,0.375,0.0,,ok
12,6969,31,23.0,0.0,0.0,support_rows,2.0,uniform,0.6610201842499175,1.3361330234940747,0.285,0.0,43.986674295316874,ok
12,6969,31,23.0,0.0,0.0,support_rows,2.0,qirana_weighted_coverage,0.4950415860382414,1.6167249459324555,0.6525,0.0,106.85173922068219,ok
12,6969,31,23.0,0.0,0.0,support_rows,2.0,querymarket_viewcover,0.4588464099005425,0.801383868815729,0.4775,0.0,94.52010755073566,ok
12,6969,31,23.0,0.0,0.0,support_rows,2.0,monopoly_per_asset,0.7756040597489796,1.545546623011412,0.57,0.5652173913043478,,ok
12,6969,31,23.0,0.0,0.0,support_rows,2.0,chawla_ubp,0.6610201842499175,1.3361330234940747,0.285,0.0,,ok
12,6969,31,23.0,0.0,0.0,support_rows,2.0,chawla_lpip,0.6674131012063198,1.389666773934281,0.3125,0.0,,ok
12,6969,31,23.0,0.0,0.0,answer_cells,0.0,uniform,0.3538523384557205,0.9199605133774554,0.0125,0.0,83.94227341865742,ok
12,6969,31,23.0,0.0,0.0,answer_cells,0.0,qirana_weighted_coverage,0.3538523384557205,0.9199605133774554,0.0125,0.0,786.0049238292468,ok
12,6969,31,23.0,0.0,0.0,answer_cells,0.0,querymarket_viewcover,0.5232405576196794,1.2930148931527918,0.1,0.0,67.06342850883988,ok
12,6969,31,23.0,0.0,0.0,answer_cells,0.0,monopoly_per_asset,0.6720812676086565,1.5060855678472678,0.5125,0.34782608695652173,,ok
12,6969,31,23.0,0.0,0.0,answer_cells,0.0,chawla_ubp,0.3538523384557205,0.9199605133774554,0.0125,0.0,,ok
12,6969,31,23.0,0.0,0.0,answer_cells,0.0,chawla_lpip,0.4453555195476117,1.7650970940860997,0.6825,0.0,,ok
12,6969,31,23.0,0.0,0.0,answer_cells,1.0,uniform,0.4391028142162849,0.8969199978421268,0.01,0.0,109.93866090471217,ok
12,6969,31,23.0,0.0,0.0,answer_cells,1.0,qirana_weighted_coverage,0.43910281421628483,0.8969199978421268,0.01,0.0,1029.4256430168502,ok
12,6969,31,23.0,0.0,0.0,answer_cells,1.0,querymarket_viewcover,0.5231604121288349,0.9942228834845516,0.03,0.0,109.93866090471215,ok
12,6969,31,23.0,0.0,0.0,answer_cells,1.0,monopoly_per_asset,0.7116585289389274,1.3528809578286591,0.64,0.30434782608695654,,ok
12,6969,31,23.0,0.0,0.0,answer_cells,1.0,chawla_ubp,0.4391028142162849,0.8969199978421268,0.01,0.0,,ok
12,6969,31,23.0,0.0,0.0,answer_cells,1.0,chawla_lpip,0.47119341554965144,1.307655633228134,0.2125,0.0,,ok
12,6969,31,23.0,0.0,0.0,answer_cells,2.0,uniform,0.7767565266043689,1.3894453103693702,0.0525,0.0,95.06058362198627,ok
12,6969,31,23.0,0.0,0.0,answer_cells,2.0,qirana_weighted_coverage,0.7767565266043689,1.3894453103693702,0.0525,0.0,890.112737551326,ok
12,6969,31,23.0,0.0,0.0,answer_cells,2.0,querymarket_viewcover,0.8865074212498734,1.589007570329875,0.13,0.0,95.06058362198625,ok
12,6969,31,23.0,0.0,0.0,answer_cells,2.0,monopoly_per_asset,0.9333165011406733,1.6680574801595833,0.555,0.30434782608695654,,ok
12,6969,31,23.0,0.0,0.0,answer_cells,2.0,chawla_ubp,0.7767565266043689,1.3894453103693702,0.0525,0.0,,ok
12,6969,31,23.0,0.0,0.0,answer_cells,2.0,chawla_lpip,0.6242999240591772,1.4839790108468343,0.9425,0.0,,ok
13,1115,2,,,,,,,,,,,,too_small
14,2610,27,12.0,0.0,8.0,support_rows,0.0,uniform,0.7932510045254794,1.515251324919593,0.545,0.0,80.75753246898529,ok
14,2610,27,12.0,0.0,8.0,support_rows,0.0,qirana_weighted_coverage,0.6471006520319117,1.6302631983579396,0.71,0.0,91.59520658419727,ok
14,2610,27,12.0,0.0,8.0,support_rows,0.0,querymarket_viewcover,0.7910147501812548,1.4738615921571099,0.5225,0.0,85.87613187024982,ok
14,2610,27,12.0,0.0,8.0,support_rows,0.0,monopoly_per_asset,0.7397004248584326,1.4087800387610916,0.535,0.3333333333333333,,ok
14,2610,27,12.0,0.0,8.0,support_rows,0.0,chawla_ubp,0.7932510045254794,1.5152513249195927,0.545,0.0,,ok
14,2610,27,12.0,0.0,8.0,support_rows,0.0,chawla_lpip,0.6991945540505169,1.627590670576607,0.6875,0.0,,ok
14,2610,27,12.0,0.0,8.0,support_rows,1.0,uniform,0.7524354185340496,1.363548323169258,0.46,0.0,80.29197028649371,ok
14,2610,27,12.0,0.0,8.0,support_rows,1.0,qirana_weighted_coverage,0.4665151299569275,1.6747229384814648,0.84,0.0,84.83866637265696,ok
14,2610,27,12.0,0.0,8.0,support_rows,1.0,querymarket_viewcover,0.7225409446605289,1.3098857561329582,0.435,0.0,82.07218812137467,ok
14,2610,27,12.0,0.0,8.0,support_rows,1.0,monopoly_per_asset,0.8081275232321982,1.416240510320278,0.6,0.6666666666666666,,ok
14,2610,27,12.0,0.0,8.0,support_rows,1.0,chawla_ubp,0.75243541853405,1.3635483231692582,0.46,0.0,,ok
14,2610,27,12.0,0.0,8.0,support_rows,1.0,chawla_lpip,0.5606309542341411,1.5838108434752607,0.77,0.0,,ok
14,2610,27,12.0,0.0,8.0,support_rows,2.0,uniform,0.771189923219551,1.5101928367997424,0.5025,0.0,70.72793783098075,ok
14,2610,27,12.0,0.0,8.0,support_rows,2.0,qirana_weighted_coverage,0.5828533355427179,1.7298506042281883,0.8225,0.0,79.6827625228433,ok
14,2610,27,12.0,0.0,8.0,support_rows,2.0,querymarket_viewcover,0.7341424142008443,1.3975474389751117,0.4525,0.0,79.54153418961711,ok
14,2610,27,12.0,0.0,8.0,support_rows,2.0,monopoly_per_asset,0.7928531135600894,1.4509793875593227,0.56,0.4166666666666667,,ok
14,2610,27,12.0,0.0,8.0,support_rows,2.0,chawla_ubp,0.771189923219551,1.5101928367997424,0.5025,0.0,,ok
14,2610,27,12.0,0.0,8.0,support_rows,2.0,chawla_lpip,0.5963338379266413,1.7235040534663402,0.8175,0.0,,ok
14,2610,27,12.0,0.0,8.0,answer_cells,0.0,uniform,0.5436304712007208,1.8150650927359886,0.44,0.0,12.808256933085634,ok
14,2610,27,12.0,0.0,8.0,answer_cells,0.0,qirana_weighted_coverage,0.36047579883031333,1.981323985043107,0.6825,0.0,10.214844378669468,ok
14,2610,27,12.0,0.0,8.0,answer_cells,0.0,querymarket_viewcover,0.4710694029467179,1.4711541926939524,0.465,0.0,10.76660497917299,ok
14,2610,27,12.0,0.0,8.0,answer_cells,0.0,monopoly_per_asset,0.8368119856983447,1.6590522999153468,0.535,0.16666666666666666,,ok
14,2610,27,12.0,0.0,8.0,answer_cells,0.0,chawla_ubp,0.5436304712007208,1.8150650927359884,0.44,0.0,,ok
14,2610,27,12.0,0.0,8.0,answer_cells,0.0,chawla_lpip,0.43773456652263487,1.972273433744635,0.6575,0.0,,ok
14,2610,27,12.0,0.0,8.0,answer_cells,1.0,uniform,0.6434601390872909,1.1936052483768465,0.1775,0.0,69.35060089887234,ok
14,2610,27,12.0,0.0,8.0,answer_cells,1.0,qirana_weighted_coverage,0.10596860944355226,1.7650438037497223,0.735,0.0,11.470800252318242,ok
14,2610,27,12.0,0.0,8.0,answer_cells,1.0,querymarket_viewcover,0.15203668724954353,0.3941501003182016,0.465,0.0,6.3131178821154394,ok
14,2610,27,12.0,0.0,8.0,answer_cells,1.0,monopoly_per_asset,0.8024973009379415,1.4969710787571124,0.6,0.16666666666666666,,ok
14,2610,27,12.0,0.0,8.0,answer_cells,1.0,chawla_ubp,0.6434601390872909,1.1936052483768465,0.1775,0.0,,ok
14,2610,27,12.0,0.0,8.0,answer_cells,1.0,chawla_lpip,0.12540087247089726,1.8126914603841764,0.825,0.0,,ok
14,2610,27,12.0,0.0,8.0,answer_cells,2.0,uniform,0.6757388779674448,1.5653946260831002,0.2875,0.0,33.73044736745921,ok
14,2610,27,12.0,0.0,8.0,answer_cells,2.0,qirana_weighted_coverage,0.15375161163749193,2.044548587191415,0.7475,0.0,8.392620117869745,ok
14,2610,27,12.0,0.0,8.0,answer_cells,2.0,querymarket_viewcover,0.18839988611276606,0.8682372838429089,0.3525,0.0,8.420978707120987,ok
14,2610,27,12.0,0.0,8.0,answer_cells,2.0,monopoly_per_asset,0.9153959284774924,1.6126664380324112,0.56,0.16666666666666666,,ok
14,2610,27,12.0,0.0,8.0,answer_cells,2.0,chawla_ubp,0.6757388779674448,1.5653946260831002,0.2875,0.0,,ok
14,2610,27,12.0,0.0,8.0,answer_cells,2.0,chawla_lpip,0.15881759854230795,2.070842724941544,0.7925,0.0,,ok
15,458,18,27.0,0.0,3.0,support_rows,0.0,uniform,0.8486322085991408,1.598106314997553,0.585,0.0,85.87613187024982,ok
15,458,18,27.0,0.0,3.0,support_rows,0.0,qirana_weighted_coverage,0.7929718797084895,1.565107015519401,0.57,0.0,91.59520658419726,ok
15,458,18,27.0,0.0,3.0,support_rows,0.0,querymarket_viewcover,0.7797261745675864,1.4222113322952805,0.5375,0.0,85.87613187024982,ok
15,458,18,27.0,0.0,3.0,support_rows,0.0,monopoly_per_asset,0.8227714099520304,1.4475487412066133,0.5075,0.4074074074074074,,ok
15,458,18,27.0,0.0,3.0,support_rows,0.0,chawla_ubp,0.8486322085991408,1.598106314997553,0.585,0.0,,ok
15,458,18,27.0,0.0,3.0,support_rows,0.0,chawla_lpip,0.8025836635557733,1.599492728034271,0.5925,0.0,,ok
15,458,18,27.0,0.0,3.0,support_rows,1.0,uniform,0.8928670590390851,1.6441883773486572,0.6525,0.0,80.29197028649371,ok
15,458,18,27.0,0.0,3.0,support_rows,1.0,qirana_weighted_coverage,0.7612605861003418,1.6975428584616246,0.71,0.0,80.84755551294049,ok
15,458,18,27.0,0.0,3.0,support_rows,1.0,querymarket_viewcover,0.8312900204846652,1.5303460182224498,0.6075,0.0,80.29197028649371,ok
15,458,18,27.0,0.0,3.0,support_rows,1.0,monopoly_per_asset,0.849299816124246,1.520087001753823,0.5975,0.5555555555555556,,ok
15,458,18,27.0,0.0,3.0,support_rows,1.0,chawla_ubp,0.8928670590390853,1.6441883773486572,0.6525,0.0,,ok
15,458,18,27.0,0.0,3.0,support_rows,1.0,chawla_lpip,0.7643417880315506,1.6975428584616246,0.71,0.0,,ok
15,458,18,27.0,0.0,3.0,support_rows,2.0,uniform,0.9114208958236821,1.713587527529537,0.6425,0.0,79.54153418961711,ok
15,458,18,27.0,0.0,3.0,support_rows,2.0,qirana_weighted_coverage,0.7661344837087919,1.697783206062925,0.6425,0.0,83.01236181970573,ok
15,458,18,27.0,0.0,3.0,support_rows,2.0,querymarket_viewcover,0.787297427520846,1.467537533098548,0.555,0.0,79.54153418961711,ok
15,458,18,27.0,0.0,3.0,support_rows,2.0,monopoly_per_asset,0.7984485499922399,1.4733446761451685,0.5025,0.25925925925925924,,ok
15,458,18,27.0,0.0,3.0,support_rows,2.0,chawla_ubp,0.9114208958236821,1.713587527529537,0.6425,0.0,,ok
15,458,18,27.0,0.0,3.0,support_rows,2.0,chawla_lpip,0.7661344837087919,1.697783206062925,0.6425,0.0,,ok
15,458,18,27.0,0.0,3.0,answer_cells,0.0,uniform,0.730958118639481,1.273759971844432,0.29,0.0,64.8223603464754,ok
15,458,18,27.0,0.0,3.0,answer_cells,0.0,qirana_weighted_coverage,0.7309581186394809,1.2757218627250762,0.3475,0.0,64.8223603464754,ok
15,458,18,27.0,0.0,3.0,answer_cells,0.0,querymarket_viewcover,0.730958118639481,1.273759971844432,0.29,0.0,64.8223603464754,ok
15,458,18,27.0,0.0,3.0,answer_cells,0.0,monopoly_per_asset,0.8289749675478391,1.417747598641788,0.5075,0.2962962962962963,,ok
15,458,18,27.0,0.0,3.0,answer_cells,0.0,chawla_ubp,0.730958118639481,1.273759971844432,0.29,0.0,,ok
15,458,18,27.0,0.0,3.0,answer_cells,0.0,chawla_lpip,0.7132843270603613,1.288112462616554,0.3525,0.0,,ok
15,458,18,27.0,0.0,3.0,answer_cells,1.0,uniform,0.7985325248903399,1.5988186370989514,0.28,0.0,43.654628046156816,ok
15,458,18,27.0,0.0,3.0,answer_cells,1.0,qirana_weighted_coverage,0.7985325248903394,1.6021618077128672,0.4375,0.0,43.654628046156816,ok
15,458,18,27.0,0.0,3.0,answer_cells,1.0,querymarket_viewcover,0.7985325248903399,1.5988186370989514,0.28,0.0,43.654628046156816,ok
15,458,18,27.0,0.0,3.0,answer_cells,1.0,monopoly_per_asset,0.881593097083525,1.446474727589914,0.5975,0.37037037037037035,,ok
15,458,18,27.0,0.0,3.0,answer_cells,1.0,chawla_ubp,0.7985325248903399,1.5988186370989514,0.28,0.0,,ok
15,458,18,27.0,0.0,3.0,answer_cells,1.0,chawla_lpip,0.7956075191200719,1.5877832180340596,0.4325,0.0,,ok
15,458,18,27.0,0.0,3.0,answer_cells,2.0,uniform,0.8866459267055359,1.9553621527149758,0.255,0.0,52.25522511947244,ok
15,458,18,27.0,0.0,3.0,answer_cells,2.0,qirana_weighted_coverage,0.8866459267055362,1.9669662697363077,0.38,0.0,52.25522511947244,ok
15,458,18,27.0,0.0,3.0,answer_cells,2.0,querymarket_viewcover,0.8866459267055359,1.9553621527149758,0.255,0.0,52.25522511947244,ok
15,458,18,27.0,0.0,3.0,answer_cells,2.0,monopoly_per_asset,0.9236502255752626,1.7203525905336756,0.5025,0.2222222222222222,,ok
15,458,18,27.0,0.0,3.0,answer_cells,2.0,chawla_ubp,0.8866459267055359,1.9553621527149758,0.255,0.0,,ok
15,458,18,27.0,0.0,3.0,answer_cells,2.0,chawla_lpip,0.9297590266097517,1.8908625343865975,0.36,0.0,,ok
16,33,8,2.0,0.0,3.0,support_rows,0.0,uniform,0.9095326716371629,1.7224747142747652,0.4925,0.0,85.87613187024982,ok
16,33,8,2.0,0.0,3.0,support_rows,0.0,qirana_weighted_coverage,0.20901146536758677,1.9489381161747816,0.6975,0.0,112.44158783174998,ok
16,33,8,2.0,0.0,3.0,support_rows,0.0,querymarket_viewcover,0.9224896239099989,1.7672542067525305,0.6675,0.0,85.87613187024981,ok
16,33,8,2.0,0.0,3.0,support_rows,0.0,monopoly_per_asset,0.9177457204350585,1.715436580459225,0.565,0.5,,ok
16,33,8,2.0,0.0,3.0,support_rows,0.0,chawla_ubp,0.9095326716371629,1.7224747142747652,0.4925,0.0,,ok
16,33,8,2.0,0.0,3.0,support_rows,0.0,chawla_lpip,0.2055348595633096,1.9905625453375326,0.8825,0.0,,ok
16,33,8,2.0,0.0,3.0,support_rows,1.0,uniform,0.8680123764761188,1.606236609578794,0.52,0.0,80.84755551294049,ok
16,33,8,2.0,0.0,3.0,support_rows,1.0,qirana_weighted_coverage,0.5323050117701675,1.7813662125499463,0.675,0.0,80.29197028649371,ok
16,33,8,2.0,0.0,3.0,support_rows,1.0,querymarket_viewcover,0.8772470721962139,1.6148158378090045,0.685,0.0,84.13178594244768,ok
16,33,8,2.0,0.0,3.0,support_rows,1.0,monopoly_per_asset,0.8737500872413708,1.631682106099058,0.65,1.0,,ok
16,33,8,2.0,0.0,3.0,support_rows,1.0,chawla_ubp,0.8680123764761188,1.6062366095787939,0.52,0.0,,ok
16,33,8,2.0,0.0,3.0,support_rows,1.0,chawla_lpip,0.5263462408370994,1.820683615088706,0.86,0.0,,ok
16,33,8,2.0,0.0,3.0,support_rows,2.0,uniform,0.865665266482643,1.6356710215932744,0.47,0.0,83.1565809568948,ok
16,33,8,2.0,0.0,3.0,support_rows,2.0,qirana_weighted_coverage,0.6098232762560816,1.756987517830688,0.565,0.0,83.1565809568948,ok
16,33,8,2.0,0.0,3.0,support_rows,2.0,querymarket_viewcover,0.8800645037158864,1.6889848444153333,0.665,0.0,83.15658095689479,ok
16,33,8,2.0,0.0,3.0,support_rows,2.0,monopoly_per_asset,0.8961802095901907,1.7140584198470536,0.6075,0.0,,ok
16,33,8,2.0,0.0,3.0,support_rows,2.0,chawla_ubp,0.865665266482643,1.6356710215932744,0.47,0.0,,ok
16,33,8,2.0,0.0,3.0,support_rows,2.0,chawla_lpip,0.5920037996141289,1.7834077839613167,0.74,0.0,,ok
16,33,8,2.0,0.0,3.0,answer_cells,0.0,uniform,0.808631051427195,1.2912836877138312,0.085,0.0,101.65013514587645,ok
16,33,8,2.0,0.0,3.0,answer_cells,0.0,qirana_weighted_coverage,0.808631051427195,1.3171509084265713,0.6925,0.0,353.49972371625694,ok
16,33,8,2.0,0.0,3.0,answer_cells,0.0,querymarket_viewcover,0.808631051427195,1.2912836877138312,0.085,0.0,2535.4509854160074,ok
16,33,8,2.0,0.0,3.0,answer_cells,0.0,monopoly_per_asset,0.803502505113687,1.3508951874241941,0.565,0.0,,ok
16,33,8,2.0,0.0,3.0,answer_cells,0.0,chawla_ubp,0.808631051427195,1.2912836877138312,0.085,0.0,,ok
16,33,8,2.0,0.0,3.0,answer_cells,0.0,chawla_lpip,0.803086217380669,1.5539681487715356,0.925,0.0,,ok
16,33,8,2.0,0.0,3.0,answer_cells,1.0,uniform,1.097262698284404,2.1727136456408314,0.14,0.0,69.13386065248736,ok
16,33,8,2.0,0.0,3.0,answer_cells,1.0,qirana_weighted_coverage,1.0972626982844043,2.1858635793620214,0.485,0.0,240.42073928402323,ok
16,33,8,2.0,0.0,3.0,answer_cells,1.0,querymarket_viewcover,1.0972626982844047,2.1727136456408314,0.14,0.0,1724.400217131169,ok
16,33,8,2.0,0.0,3.0,answer_cells,1.0,monopoly_per_asset,1.1409437868059946,2.17368401477242,0.65,0.0,,ok
16,33,8,2.0,0.0,3.0,answer_cells,1.0,chawla_ubp,1.0972626982844047,2.1727136456408314,0.14,0.0,,ok
16,33,8,2.0,0.0,3.0,answer_cells,1.0,chawla_lpip,1.069445038352129,2.259008177263844,0.95,0.0,,ok
16,33,8,2.0,0.0,3.0,answer_cells,2.0,uniform,0.9773837518188759,1.5958517297621395,0.11,0.0,95.06058362198627,ok
16,33,8,2.0,0.0,3.0,answer_cells,2.0,qirana_weighted_coverage,0.9773837518188759,1.6051498805293487,0.335,0.0,330.5838206555642,ok
16,33,8,2.0,0.0,3.0,answer_cells,2.0,querymarket_viewcover,0.9773837518188759,1.5958517297621395,0.11,0.0,2371.0883421128747,ok
16,33,8,2.0,0.0,3.0,answer_cells,2.0,monopoly_per_asset,0.9876348327157387,1.6560473566769591,0.6075,0.0,,ok
16,33,8,2.0,0.0,3.0,answer_cells,2.0,chawla_ubp,0.9773837518188759,1.5958517297621395,0.11,0.0,,ok
16,33,8,2.0,0.0,3.0,answer_cells,2.0,chawla_lpip,1.0115241130926023,1.8208516684933924,0.9375,0.0,,ok
17,2337,5,,,,,,,,,,,,too_small
18,2034,5,,,,,,,,,,,,too_small
19,487,4,,,,,,,,,,,,too_small
20,2287,1,,,,,,,,,,,,too_small
21,3561,2,,,,,,,,,,,,too_small
