rank,cid,assets,pairs,falsified,zero_priced,falsified_rate,zero_priced_frac
1,474,222,1902.0,13.0,61.0,0.006834910620399579,0.2747747747747748
2,1641,81,18.0,0.0,12.0,0.0,0.14814814814814814
3,4930,81,265.0,0.0,14.0,0.0,0.1728395061728395
4,459,47,116.0,0.0,1.0,0.0,0.02127659574468085
5,4086,64,3.0,0.0,0.0,0.0,0.0
6,7635,60,110.0,7.0,1.0,0.06363636363636363,0.016666666666666666
7,8126,55,76.0,0.0,2.0,0.0,0.03636363636363636
8,7948,48,42.0,0.0,0.0,0.0,0.0
9,2941,18,4.0,0.0,1.0,0.0,0.05555555555555555
10,270,19,16.0,0.0,2.0,0.0,0.10526315789473684
11,6229,33,53.0,0.0,20.0,0.0,0.6060606060606061
12,6969,31,23.0,0.0,0.0,0.0,0.0
14,2610,27,12.0,0.0,8.0,0.0,0.2962962962962963
15,458,18,27.0,0.0,3.0,0.0,0.16666666666666666
16,33,8,2.0,0.0,3.0,0.0,0.375
