mechanism,revenue,revenue_sd,welfare,welfare_sd,served
uniform,0.695678127588818,0.574360004333464,1.3603408434539452,1.1530506728344596,0.29274999999999995
size_proportional,0.5379377915446023,0.6975010321041445,1.3576569684686433,1.320585134874388,0.6286875000000001
compute_metered,0.6620768295542232,0.6360273600728601,1.4575887137167824,1.146464292868805,0.5301875
monopoly_per_asset,0.6056243369084164,0.4226064196642923,1.3805586475247056,0.6688782958727408,0.65
monotone_constrained,0.5161108880640517,0.44204686493408424,1.0115687614781435,0.7506251394609492,0.2780625
qirana_weighted_coverage,0.5196870401158361,0.5959935484225434,1.4804963024877182,1.3322132999701164,0.5038750000000001
qirana_uniform_gain,0.5196870401158361,0.5959935484225434,1.4804963024877182,1.3322132999701164,0.5038750000000001
qirana_shannon,0.5125378920192742,0.5499813231822748,1.4563507540854108,1.3905506852753136,0.4850625
querymarket_viewcover,0.5753402525853837,0.6322352128488752,1.2214193587964388,1.235778166136969,0.277625
chawla_ubp,0.695678127588818,0.574360004333464,1.3603408434539452,1.1530506728344596,0.29274999999999995
chawla_uip,0.5189715115672631,0.5961538112261979,1.4807350575996643,1.331959316407217,0.5038125
chawla_lpip,0.5610262618337338,0.5093421797034358,1.6368666733398016,1.3549061884427278,0.7259375
chawla_cip,0.5728093296134953,0.5811448498827848,1.4736023440458887,1.2590403217540147,0.6079375
chawla_layering,0.18583456888156807,0.07341127735335877,1.5703880661002807,1.4760337326533777,0.6885
chawla_xos,0.6071281349270974,0.6038226480739993,1.3965625210703572,1.2749326203211635,0.5294375
