mechanism,generalization_gap,generalization_gap_sd
uniform,0.07667981259101857,0.16432776412475786
size_proportional,0.0585704240822937,0.13971565413345263
compute_metered,0.07636675102056234,0.12594882355169815
monopoly_per_asset,0.42001815808589055,0.12203626752995102
monotone_constrained,0.3638278055104387,0.16349705224965075
qirana_weighted_coverage,0.13871004685515695,0.22572983471609218
qirana_uniform_gain,0.13871004685515698,0.22572983471609218
qirana_shannon,0.11294506121334205,0.20792652154743368
querymarket_viewcover,0.059512929544967466,0.20132277155779418
chawla_ubp,0.07667981259101857,0.16432776412475783
chawla_uip,0.1359473222145136,0.22350043211333062
chawla_lpip,0.12143314527843325,0.14135187897180634
chawla_cip,0.07112511878883111,0.1466031106054991
chawla_layering,0.17830519277869983,0.2225817641638594
chawla_xos,0.11429085364634975,0.1430133070164159
