family,seed,mechanism,revenue_train,revenue_naive,revenue_strategic,revenue_train_norm,revenue_naive_norm,revenue_strategic_norm,generalization_gap,leakage,served_naive,served_strategic,surplus_strategic,mono_violation_rate,mono_max_excess,sep_violation_rate,sep_mean_gain,sep_max_gain,plans_checked,plans_failed,multi_source_plans
answer_cells,0,uniform,1852.356783919598,1720.7419597989951,1720.7419597989951,0.5644085416859025,0.5243058295134831,0.5243058295134831,0.07105263157894726,0.0,0.44125,0.44125,2341.5257227900734,0.0,0.0,0.0,0.0,0.0,0,0,55
answer_cells,0,size_proportional,800.4651162790699,938.139534883721,938.139534883721,0.24389974591909733,0.2858488015797904,0.2858488015797904,-0.17199302730970367,0.0,0.995,0.995,4305.769914969353,0.0,0.0,0.0,9.883973097076962e-19,1.818651049862161e-16,0,0,67
answer_cells,0,compute_metered,1754.9951122329533,1707.2489406517193,1704.9405864657283,0.5347426805462994,0.5201945398710314,0.5194911900460302,0.027205871542562043,0.0013520899799825384,0.59625,0.59625,2468.047737992297,0.15009560229445507,4.816270720447447,0.01358695652173913,0.0013730186735621023,0.18112194487434624,5,0,60
answer_cells,0,qirana_weighted_coverage,595.2,758.55,758.55,0.18135597144552612,0.23112831340726447,0.23112831340726447,-0.2744455645161288,0.0,0.97,0.97,4402.147990540029,0.0,0.0,0.0,4.818810442026913e-18,2.1930331350620372e-16,0,0,55
answer_cells,0,qirana_uniform_gain,595.2,758.55,758.55,0.18135597144552612,0.23112831340726447,0.23112831340726447,-0.2744455645161288,0.0,0.97,0.97,4402.147990540029,0.0,0.0,0.0,4.818810442026913e-18,2.1930331350620372e-16,0,0,55
answer_cells,0,qirana_shannon,674.2162115947872,837.6719718686836,837.6719718686836,0.20543201615943382,0.255236583015683,0.255236583015683,-0.24243819336123518,0.0,0.96125,0.96125,4308.059220953021,0.0,0.0,0.0,0.0,0.0,0,0,55
answer_cells,0,querymarket_viewcover,603.7273552105698,772.9897395777356,772.9897395777355,0.1839542355383923,0.23552806642900617,0.23552806642900614,-0.28036229086907927,1.4707418727669042e-16,0.97,0.97,4388.453068546836,0.0,0.0,0.0,5.515846194984613e-18,1.9701279530689096e-16,0,0,55
answer_cells,0,monopoly_per_asset,3281.943215080625,1751.587473424437,1814.6144095346049,1.0,0.5337043814091119,0.5529085333336661,0.4662956185908881,-0.03598275111373531,0.45375,0.4825,2198.0665861622947,0.20076481835564053,29.16081369915661,0.14673913043478262,0.05940432125654389,0.8620284126211376,54,0,66
answer_cells,0,monotone_constrained,3020.5744023877633,1830.9462460758564,1893.122505035653,0.9203615676554474,0.5578848036317645,0.5768297563275012,0.3938416995692958,-0.033958538702626974,0.385,0.3875,1382.2208888572982,0.0,0.0,0.024456521739130436,0.007768560416161935,0.6298996470023296,9,0,71
answer_cells,1,uniform,1585.7384924623111,1743.9527638190948,1743.9527638190948,0.4965462197475762,0.5460882462076517,0.5460882462076517,-0.09977324263038545,0.0,0.60625,0.60625,2598.750329346205,0.0,0.0,0.0,0.0,0.0,0,0,55
answer_cells,1,size_proportional,920.9302325581397,815.3488372093025,815.3488372093025,0.2883731635459867,0.2553121998465226,0.2553121998465226,0.11464646464646466,0.0,0.995,0.995,4227.584317993838,0.0,0.0,0.0,9.883973097076962e-19,1.818651049862161e-16,0,0,67
answer_cells,1,compute_metered,1305.7100252205191,1548.8395577772958,1546.249277858129,0.40886021257074995,0.4849919649838497,0.48418086422034795,-0.1862048447669038,0.0016724004149816423,0.5675,0.5675,2420.9306496873987,0.15009560229445507,4.816270720447448,0.01358695652173913,0.0013730186735621027,0.18112194487434619,5,0,60
answer_cells,1,qirana_weighted_coverage,853.5,964.2,964.2,0.2672585678969567,0.3019223329422913,0.3019223329422913,-0.12970123022847102,0.0,0.97,0.97,4013.752042318612,0.0,0.0,0.0,4.818810442026913e-18,2.1930331350620372e-16,0,0,55
answer_cells,1,qirana_uniform_gain,853.5,964.2,964.2,0.2672585678969567,0.3019223329422913,0.3019223329422913,-0.12970123022847102,0.0,0.97,0.97,4013.752042318612,0.0,0.0,0.0,4.818810442026913e-18,2.1930331350620372e-16,0,0,55
answer_cells,1,qirana_shannon,933.3253129471077,1055.3800399909119,1055.3800399909119,0.2922544657530438,0.33047376458699934,0.33047376458699934,-0.13077404560945527,0.0,0.955,0.955,3888.563366038614,0.0,0.0,0.0,0.0,0.0,0,0,55
answer_cells,1,querymarket_viewcover,860.8034173079951,996.6638555692473,996.6638555692473,0.2695455050387125,0.3120878204031591,0.3120878204031591,-0.15782980821118353,0.0,0.9675,0.9675,3976.4572805288008,0.0,0.0,0.0,5.515846194984613e-18,1.9701279530689096e-16,0,0,55
answer_cells,1,monopoly_per_asset,3193.536531742072,1827.0575361881115,1793.1348488114409,1.0,0.5721110493110448,0.5614887542348818,0.42788895068895516,0.018566841330812912,0.48125,0.50375,1932.9004445573546,0.13862332695984703,5.2241014787838,0.15760869565217392,0.059573709328702,0.8393342391012233,58,0,72
answer_cells,1,monotone_constrained,3007.2060093887326,1792.0075122405121,1791.8606278142547,0.9416538622616927,0.5611357485436289,0.5610897542596126,0.4040955269955818,8.196641211273865e-05,0.42,0.42,1551.6741228084886,0.0,0.0,0.01358695652173913,0.0040533759311470186,0.5631111741988815,5,0,70
answer_cells,2,uniform,2023.2373869346739,1477.5509547738695,1477.5509547738695,0.4653272834832968,0.3398240742450632,0.3398240742450632,0.26970954356846477,0.0,0.44,0.44,1719.4027798254842,0.0,0.0,0.0,0.0,0.0,0,0,55
answer_cells,2,size_proportional,1362.7906976744187,707.9069767441862,707.9069767441861,0.31343019726711846,0.1628125461571858,0.16281254615718577,0.4805460750853241,1.6059573002724993e-16,0.9975,0.9975,3596.265482212358,0.0,0.0,0.0,9.883973097076962e-19,1.818651049862161e-16,0,0,67
answer_cells,2,compute_metered,2136.2600962961337,1372.9386506587837,1370.3161352826285,0.4913215393519921,0.31576413960410005,0.3151609835119084,0.35731671764164086,0.0019101475327370472,0.3625,0.3625,1245.2156260608351,0.15009560229445507,4.816270720447448,0.01358695652173913,0.0013730186735621025,0.18112194487434624,5,0,60
answer_cells,2,qirana_weighted_coverage,1116.0000000000002,637.1999999999999,637.1999999999999,0.25667044891560553,0.1465505466389102,0.1465505466389102,0.4290322580645163,0.0,0.98,0.98,3634.959745613965,0.0,0.0,0.0,4.818810442026913e-18,2.1930331350620372e-16,0,0,55
answer_cells,2,qirana_uniform_gain,1116.0000000000002,637.1999999999999,637.1999999999999,0.25667044891560553,0.1465505466389102,0.1465505466389102,0.4290322580645163,0.0,0.98,0.98,3634.959745613965,0.0,0.0,0.0,4.818810442026913e-18,2.1930331350620372e-16,0,0,55
answer_cells,2,qirana_shannon,1208.77307758152,719.9612812997542,719.9612812997542,0.27800746277773003,0.1655849330403785,0.1655849330403785,0.40438673341382414,0.0,0.97375,0.97375,3541.504084400789,0.0,0.0,0.0,0.0,0.0,0,0,55
answer_cells,2,querymarket_viewcover,1198.5665502735696,689.8345784978542,689.8345784978542,0.27566004884762163,0.15865604922988505,0.15865604922988505,0.42445033332491944,0.0,0.9875,0.9875,3592.456484794876,0.0,0.0,0.0,5.515846194984613e-18,1.9701279530689096e-16,0,0,55
answer_cells,2,monopoly_per_asset,4347.987875951183,1474.6698751414333,1495.6345794558515,1.0,0.33916145058680247,0.34398315315648403,0.6608385494131975,-0.014216540710447157,0.49375,0.5275,1666.419887128923,0.11663479923518165,6.646892523122204,0.16304347826086957,0.051416279608295465,0.8678249811533219,60,0,72
answer_cells,2,monotone_constrained,3895.3255726129055,1561.5046753795666,1572.302829634881,0.8958915442607458,0.35913271148162196,0.3616161945462918,0.599133719050821,-0.0069152237745875094,0.47375,0.47625,1423.6769665673032,0.0,0.0,0.019021739130434784,0.005216998991145841,0.8648769864465344,7,0,67
answer_cells,3,uniform,1912.8664824120606,1558.1627638190957,1558.1627638190957,0.4819763631033266,0.39260326266032564,0.39260326266032564,0.1854304635761589,0.0,0.46125,0.46125,1780.7549231024998,0.0,0.0,0.0,0.0,0.0,0,0,55
answer_cells,3,size_proportional,1020.4651162790698,777.2093023255815,777.2093023255815,0.25712200508516697,0.1958299318583929,0.1958299318583929,0.23837739288969917,0.0,0.99875,0.99875,3709.1001208664193,0.0,0.0,0.0,9.883973097076962e-19,1.818651049862161e-16,0,0,67
answer_cells,3,compute_metered,1849.8013352814742,1530.0660731637524,1530.0660731637524,0.46608612166094004,0.38552386590063875,0.38552386590063875,0.17284843297459795,0.0,0.5075,0.5075,1724.938141656718,0.15009560229445507,4.816270720447448,0.01358695652173913,0.0013730186735621025,0.1811219448743462,5,0,60
answer_cells,3,qirana_weighted_coverage,935.5499999999998,750.4499999999999,750.4499999999999,0.23572632520212855,0.18908751082030612,0.18908751082030612,0.19785153118486443,0.0,0.96875,0.96875,3681.715003409783,0.0,0.0,0.0,4.818810442026913e-18,2.1930331350620372e-16,0,0,55
answer_cells,3,qirana_uniform_gain,935.5499999999998,750.4499999999999,750.4499999999999,0.23572632520212855,0.18908751082030612,0.18908751082030612,0.19785153118486443,0.0,0.96875,0.96875,3681.715003409783,0.0,0.0,0.0,4.818810442026913e-18,2.1930331350620372e-16,0,0,55
answer_cells,3,qirana_shannon,1016.7591762316947,808.1093596252331,808.1093596252331,0.2561882360415166,0.20361568030132177,0.20361568030132177,0.20521065507346392,0.0,0.96375,0.96375,3590.5380800443054,0.0,0.0,0.0,0.0,0.0,0,0,55
answer_cells,3,querymarket_viewcover,974.7340063637112,801.5439973405386,801.5439973405386,0.2455993430278081,0.20196143549880807,0.20196143549880807,0.17767925187022626,0.0,0.97625,0.97625,3637.8389823856683,0.0,0.0,0.0,5.515846194984613e-18,1.9701279530689096e-16,0,0,55
answer_cells,3,monopoly_per_asset,3968.797287268584,1432.8900602736414,1497.0927294639616,1.0,0.36103886305057137,0.3772157208095389,0.6389611369494286,-0.04480641674495202,0.5625,0.58625,1898.5951886857624,0.21606118546845124,67.55365240924039,0.15217391304347827,0.060993060610906216,0.9854128851657624,56,0,63
answer_cells,3,monotone_constrained,3121.764998236553,1436.1098629890703,1434.3281268783971,0.7865770842594538,0.3618501422574378,0.3614012062242499,0.539968619098391,0.0012406683893700806,0.4675,0.4675,1129.2248929340055,0.0,0.0,0.03260869565217391,0.01108107968322326,0.628101076727707,12,0,72
answer_cells,4,uniform,1759.1951758793975,1873.2170854271362,1873.2170854271362,0.4886746300959719,0.5203479857503405,0.5203479857503405,-0.06481481481481488,0.0,0.575,0.575,3105.762230111871,0.0,0.0,0.0,0.0,0.0,0,0,55
answer_cells,4,size_proportional,887.9069767441862,1205.5813953488373,1205.5813953488373,0.2466455225487976,0.33489009661942554,0.33489009661942554,-0.357778941854374,0.0,0.9975,0.9975,4681.644299097171,0.0,0.0,0.0,9.883973097076962e-19,1.818651049862161e-16,0,0,67
answer_cells,4,compute_metered,1515.7824644626553,1798.5042175361673,1795.2068796946278,0.42105870075329804,0.4995940162189168,0.4986780716028168,-0.1865186856965897,0.001833377875564083,0.4625,0.4625,2448.6558634971257,0.15009560229445507,4.816270720447448,0.01358695652173913,0.0013730186735621016,0.18112194487434616,5,0,60
answer_cells,4,qirana_weighted_coverage,820.8,883.5,883.5,0.22800434078172552,0.24542133903588512,0.24542133903588512,-0.07638888888888884,0.0,0.945,0.945,4677.622690069172,0.0,0.0,0.0,4.818810442026913e-18,2.1930331350620372e-16,0,0,55
answer_cells,4,qirana_uniform_gain,820.8,883.5,883.5,0.22800434078172552,0.24542133903588512,0.24542133903588512,-0.07638888888888884,0.0,0.945,0.945,4677.622690069172,0.0,0.0,0.0,4.818810442026913e-18,2.1930331350620372e-16,0,0,55
answer_cells,4,qirana_shannon,906.7999450736138,953.4827921618207,953.4827921618207,0.2518936692219959,0.2648613736276498,0.2648613736276498,-0.05148086669151408,0.0,0.9375,0.9375,4566.188094317166,0.0,0.0,0.0,0.0,0.0,0,0,55
answer_cells,4,querymarket_viewcover,800.6315521106976,892.2365620961755,892.2365620961755,0.22240188748544024,0.24784820804348393,0.24784820804348393,-0.11441593794796168,0.0,0.94875,0.94875,4674.887733630703,0.0,0.0,0.0,5.515846194984613e-18,1.9701279530689096e-16,0,0,55
answer_cells,4,monopoly_per_asset,3599.9314626460255,1770.069106238163,1724.0117938272892,1.0,0.4916952238132681,0.47890128234833235,0.5083047761867319,0.026020064554856243,0.47875,0.53875,2412.459765179721,0.19980879541108987,37.19357146793754,0.15760869565217392,0.06427279913186465,0.9738175833899305,58,0,68
answer_cells,4,monotone_constrained,3265.4727975168307,1904.804968023804,1890.674382647752,0.9070930464650122,0.5291225646345311,0.5251973273007999,0.41668325350243984,0.00741838960589862,0.4025,0.4025,1362.45823173807,0.0,0.0,0.035326086956521736,0.008411940804632768,0.5172838860671437,13,0,74
support_rows,0,uniform,6360.0,420.0,420.0,0.6643424896424761,0.04387167384431446,0.04387167384431446,0.9339622641509434,0.0,0.00875,0.00875,364.95167714204894,0.0,0.0,0.0,0.0,0.0,0,0,55
support_rows,0,size_proportional,768.8372093023256,904.1860465116279,904.1860465116279,0.080309941156868,0.09444798887413877,0.09444798887413877,-0.17604355716878395,0.0,0.95375,0.95375,4152.788392851052,0.0,0.0,0.0,9.883973097076962e-19,1.818651049862161e-16,0,0,67
support_rows,0,compute_metered,2633.3204605780684,758.5696806372466,750.43562879038,0.2750670866048594,0.07923743242167397,0.0783877789224871,0.7119341561373336,0.010722880250148607,0.05,0.05,840.3244905369738,0.15009560229445507,4.816270720447448,0.01358695652173913,0.0013730186735621019,0.1811219448743461,5,0,60
support_rows,0,qirana_weighted_coverage,6885.75,960.15,960.15,0.7192604242225912,0.10029378009909173,0.10029378009909173,0.8605598518679882,0.0,0.985,0.985,3963.315611742513,0.0,0.0,0.0,4.818810442026913e-18,2.1930331350620372e-16,0,0,55
support_rows,0,qirana_uniform_gain,6885.75,960.15,960.15,0.7192604242225912,0.10029378009909173,0.10029378009909173,0.8605598518679882,0.0,0.985,0.985,3963.315611742513,0.0,0.0,0.0,4.818810442026913e-18,2.1930331350620372e-16,0,0,55
support_rows,0,qirana_shannon,6972.551509560622,1057.460260603037,1057.460260603037,0.7283273945003002,0.11045845632500051,0.11045845632500051,0.8483395555912252,0.0,0.98375,0.98375,3856.602161998705,0.0,0.0,0.0,0.0,0.0,0,0,55
support_rows,0,querymarket_viewcover,6879.503430555313,979.3941726800324,979.3941726800323,0.7186079302765835,0.10230395644962043,0.10230395644962041,0.8576359205912953,1.160787361134907e-16,0.9925,0.9925,3947.616618712904,0.0,0.0,0.0,5.515846194984613e-18,1.9701279530689096e-16,0,0,55
support_rows,0,monopoly_per_asset,9573.375328473587,1588.8707939895162,1464.459105003436,1.0,0.1659676696539643,0.1529720766977319,0.8340323303460357,0.07830195473207315,0.38875,0.42375,2590.967956372342,0.23518164435946462,25.404333066611112,0.1875,0.08390647371839284,0.9427362787393623,69,0,66
support_rows,0,monotone_constrained,9230.584196880282,1755.2833259610518,1756.708013971527,0.9641932839952739,0.18335051804982563,0.18349933578250532,0.8098404945426644,-0.0008116570068225999,0.315,0.3175,1399.6958404080176,0.0,0.0,0.06793478260869565,0.023318681876230662,0.7306758613191918,25,0,73
support_rows,1,uniform,1659.231457286432,1828.2684422110551,1828.2684422110551,0.514651528150259,0.567082514932323,0.567082514932323,-0.10187667560321723,0.0,0.51375,0.51375,3799.4305812988296,0.0,0.0,0.0,0.0,0.0,0,0,55
support_rows,1,size_proportional,745.5813953488373,776.279069767442,776.279069767442,0.23126044458210945,0.24078208484562738,0.24078208484562738,-0.0411728009981287,0.0,0.96125,0.96125,5646.982361460635,0.0,0.0,0.0,9.883973097076962e-19,1.818651049862161e-16,0,0,67
support_rows,1,compute_metered,1808.0772712981686,1937.890757421832,1934.866271372616,0.5608197256633355,0.601084577631196,0.6001464587447305,-0.07179642606228853,0.0015607102916573787,0.52125,0.52125,3520.051595020477,0.15009560229445507,4.816270720447449,0.01358695652173913,0.0013730186735621025,0.18112194487434619,5,0,60
support_rows,1,qirana_weighted_coverage,918.5999999999999,1257.4499999999998,1257.4499999999998,0.28492642884917047,0.39002910728977724,0.39002910728977724,-0.36887655127367736,0.0,0.9925,0.9925,5130.6549257048155,0.0,0.0,0.0,4.818810442026913e-18,2.1930331350620372e-16,0,0,55
support_rows,1,qirana_uniform_gain,918.5999999999999,1257.4499999999998,1257.4499999999998,0.28492642884917047,0.39002910728977724,0.39002910728977724,-0.36887655127367736,0.0,0.9925,0.9925,5130.6549257048155,0.0,0.0,0.0,4.818810442026913e-18,2.1930331350620372e-16,0,0,55
support_rows,1,qirana_shannon,1033.8320561897672,1380.978541782316,1380.978541782316,0.32066849096445166,0.4283445288780429,0.4283445288780429,-0.335786149707886,0.0,0.99125,0.99125,4995.449824434991,0.0,0.0,0.0,0.0,0.0,0,0,55
support_rows,1,querymarket_viewcover,955.6609786518229,1301.3102046835518,1301.3102046835518,0.29642180474392255,0.4036334307048416,0.4036334307048416,-0.3616860306668017,0.0,0.99375,0.99375,5088.178219528074,0.0,0.0,0.0,5.515846194984613e-18,1.9701279530689096e-16,0,0,55
support_rows,1,monopoly_per_asset,3223.990149703778,2082.9728544212057,2092.3834608658112,1.0,0.6460853655562783,0.6490042970689784,0.35391463444372173,-0.004517872820392761,0.45375,0.52,3093.2401084692647,0.1835564053537285,169.85557935732177,0.20108695652173914,0.0810651970041126,0.9941471036312567,74,0,67
support_rows,1,monotone_constrained,2978.334725775104,2020.5362622023065,2073.9716525160597,0.9238039161033897,0.6267191177330224,0.643293420951245,0.32158858951742997,-0.02644614269654866,0.39375,0.4225,2582.2992096188173,0.0,0.0,0.029891304347826088,0.007151156719828341,0.42922335604380957,11,0,67
support_rows,2,uniform,1834.912230215827,1432.1266187050355,1432.1266187050355,0.4001801294796681,0.31233571081339945,0.31233571081339945,0.2195121951219513,0.0,0.32,0.32,1649.5569861690356,0.0,0.0,0.0,0.0,0.0,0,0,55
support_rows,2,size_proportional,1272.5581395348838,641.8604651162791,641.8604651162791,0.27753506280220047,0.1399847904484783,0.1399847904484783,0.4956140350877193,0.0,0.96875,0.96875,3849.1582898485085,0.0,0.0,0.0,9.883973097076962e-19,1.818651049862161e-16,0,0,67
support_rows,2,compute_metered,2043.3710868078142,1541.057821844309,1539.0211945620993,0.44564338971002404,0.3360927615642809,0.3356485889460622,0.24582576713866822,0.0013215774601970452,0.46,0.46,1822.8150362720212,0.15009560229445507,4.816270720447448,0.01358695652173913,0.0013730186735621016,0.18112194487434616,5,0,60
support_rows,2,qirana_weighted_coverage,1492.35,745.5000000000001,745.5000000000001,0.32546996330104433,0.1625877693844799,0.1625877693844799,0.5004523067644988,0.0,0.99625,0.99625,3787.7964682016586,0.0,0.0,0.0,4.818810442026913e-18,2.1930331350620372e-16,0,0,55
support_rows,2,qirana_uniform_gain,1492.35,745.5000000000001,745.5000000000001,0.32546996330104433,0.1625877693844799,0.1625877693844799,0.5004523067644988,0.0,0.99625,0.99625,3787.7964682016586,0.0,0.0,0.0,4.818810442026913e-18,2.1930331350620372e-16,0,0,55
support_rows,2,qirana_shannon,1612.9190318944325,842.8670413335135,842.8670413335135,0.3517651342635688,0.1838227661141679,0.1838227661141679,0.4774275554653631,0.0,0.99,0.99,3685.9954621731044,0.0,0.0,0.0,0.0,0.0,0,0,55
support_rows,2,querymarket_viewcover,1598.1122522689154,781.5577945466043,781.5577945466043,0.348535890439182,0.1704516947825433,0.1704516947825433,0.5109493757794612,0.0,0.9975,0.9975,3751.4053164662746,0.0,0.0,0.0,5.515846194984613e-18,1.9701279530689096e-16,0,0,55
support_rows,2,monopoly_per_asset,4585.215744224135,1540.304457566392,1512.7378772216096,1.0,0.33592845865686244,0.3299164012352444,0.6640715413431375,0.017896838647299924,0.49375,0.54625,2112.6403950620224,0.12045889101338432,79.20889368708795,0.19021739130434784,0.07647053973954561,0.9875325546328912,70,0,68
support_rows,2,monotone_constrained,3590.680272307886,1420.977679871121,1493.1725939019461,0.7830995252144816,0.3099042137027218,0.32564936465265626,0.6042594795114418,-0.05080650812008047,0.47,0.475,1706.9048675570957,0.0,0.0,0.043478260869565216,0.018342205902114044,0.8483548502023027,16,0,72
support_rows,3,uniform,1835.0222110552756,1306.7582412060299,1306.7582412060299,0.406420100768793,0.28942037478989807,0.28942037478989807,0.28787878787878773,0.0,0.41125,0.41125,2803.1440795383237,0.0,0.0,0.0,0.0,0.0,0,0,55
support_rows,3,size_proportional,952.5581395348838,672.0930232558139,672.0930232558139,0.21097225566292602,0.14885493624654692,0.14885493624654692,0.2944335937500001,0.0,0.81125,0.81125,4055.699501230628,0.0,0.0,0.0,9.883973097076962e-19,1.818651049862161e-16,0,0,67
support_rows,3,compute_metered,1962.7753862718002,1394.5816289556176,1394.5816289556176,0.4347148309536524,0.3088714691058181,0.3088714691058181,0.28948485969932614,0.0,0.3625,0.3625,2356.9572904774113,0.15009560229445507,4.816270720447448,0.01358695652173913,0.0013730186735621023,0.18112194487434619,5,0,60
support_rows,3,qirana_weighted_coverage,1304.5500000000002,1061.6999999999998,1061.6999999999998,0.28893129427192427,0.23514495813000796,0.23514495813000796,0.1861561457974017,0.0,1.0,1.0,3707.6590055162997,0.0,0.0,0.0,4.818810442026913e-18,2.1930331350620372e-16,0,0,55
support_rows,3,qirana_uniform_gain,1304.5500000000002,1061.6999999999998,1061.6999999999998,0.28893129427192427,0.23514495813000796,0.23514495813000796,0.1861561457974017,0.0,1.0,1.0,3707.6590055162997,0.0,0.0,0.0,4.818810442026913e-18,2.1930331350620372e-16,0,0,55
support_rows,3,qirana_shannon,1411.5764561676342,1153.5149489741825,1153.5149489741825,0.31263547770824474,0.25548010208050526,0.25548010208050526,0.18281794518879757,0.0,0.99625,0.99625,3611.918681080655,0.0,0.0,0.0,0.0,0.0,0,0,55
support_rows,3,querymarket_viewcover,1350.3822275989112,1097.0109252876293,1097.0109252876293,0.2990822005917424,0.2429656099603663,0.2429656099603663,0.1876293223747446,0.0,0.99875,0.99875,3670.267681494883,0.0,0.0,0.0,5.515846194984613e-18,1.9701279530689096e-16,0,0,55
support_rows,3,monopoly_per_asset,4515.087239986675,1473.1483250733504,1300.2290586504237,1.0,0.32627239447929207,0.287974293638291,0.673727605520708,0.11738075757871619,0.5475,0.59375,2656.4031085084453,0.26290630975143403,95.01180013681294,0.20108695652173914,0.09356177674658235,0.9895846135727583,74,0,65
support_rows,3,monotone_constrained,3552.34393665495,1493.6247210206752,1626.784847290035,0.7867719376924894,0.3308074997516733,0.36029975963317956,0.5795382576533001,-0.08915233150289868,0.46375,0.46875,1261.200629574672,0.0,0.0,0.057065217391304345,0.0203589025621652,0.6241019171436131,21,0,76
support_rows,4,uniform,1491.2633165829147,1723.9763819095479,1723.9763819095479,0.38617013550879353,0.44643235410729953,0.44643235410729953,-0.1560509554140126,0.0,0.45375,0.45375,3786.27161914233,0.0,0.0,0.0,0.0,0.0,0,0,55
support_rows,4,size_proportional,889.5334337181417,921.2559254921644,921.2559254921644,0.23034915619440027,0.23856385497417126,0.23856385497417126,-0.035661944308744475,0.0,0.97125,0.97125,5498.158151878666,0.0,0.0,0.0,1.4023456171172719e-18,1.9465541267775184e-16,0,0,67
support_rows,4,compute_metered,1487.3623489651432,1451.7389232762118,1453.725233662315,0.3851599603259009,0.37593509509076306,0.3764494601545545,0.023950737837163172,-0.001368228373749624,0.3,0.30125,3181.70981041495,0.15009560229445507,4.816270720447448,0.01358695652173913,0.0013730186735621027,0.18112194487434624,5,0,60
support_rows,4,qirana_weighted_coverage,1092.3000000000002,1508.2500000000002,1508.25,0.28285657826198013,0.39056892260700493,0.3905689226070049,-0.3808019774787146,1.507533071064028e-16,0.99625,0.99625,5025.42376555959,0.0,0.0,0.0,4.818810442026913e-18,2.1930331350620372e-16,0,0,55
support_rows,4,qirana_uniform_gain,1092.3000000000002,1508.2500000000002,1508.25,0.28285657826198013,0.39056892260700493,0.3905689226070049,-0.3808019774787146,1.507533071064028e-16,0.99625,0.99625,5025.42376555959,0.0,0.0,0.0,4.818810442026913e-18,2.1930331350620372e-16,0,0,55
support_rows,4,qirana_shannon,1188.6976138959767,1631.0099240962186,1631.0099240962186,0.30781922517146965,0.4223582223209633,0.4223582223209633,-0.3720982569743332,0.0,0.98875,0.98875,4872.4535099922105,0.0,0.0,0.0,0.0,0.0,0,0,55
support_rows,4,querymarket_viewcover,1075.9413218823188,1489.2378793294358,1489.2378793294356,0.2786204162943371,0.3856456383459231,0.385645638345923,-0.3841255550294047,1.5267787544164024e-16,0.995,0.995,5038.565329883305,0.0,0.0,0.0,5.515846194984613e-18,1.9701279530689096e-16,0,0,55
support_rows,4,monopoly_per_asset,3861.67437473672,1565.4280244729143,1538.845054518275,1.0,0.40537545959701526,0.3984916658394301,0.5946245404029847,0.016981278946753192,0.48875,0.56375,3892.9605829901334,0.22848948374760994,60.171040852362204,0.16576086956521738,0.07824214838073494,0.9836523952173133,61,0,66
support_rows,4,monotone_constrained,3399.2193290465375,1721.2928349549734,1783.1032130773308,0.8802449401959969,0.4457374361276453,0.4617435443916471,0.49362113228575144,-0.0359092752070709,0.41625,0.42125,2525.0875661125037,0.0,0.0,0.04891304347826087,0.021161057045867022,0.775942914861308,18,0,74
rows_x_log_support,0,uniform,1486.6974874371856,1312.4751256281404,1312.4751256281404,0.5418728627855156,0.478372136677838,0.478372136677838,0.1171875,0.0,0.42375,0.42375,1979.4881032229587,0.0,0.0,0.0,0.0,0.0,0,0,55
rows_x_log_support,0,size_proportional,796.279069767442,937.2093023255815,937.2093023255815,0.2902285251419056,0.34159490546783866,0.34159490546783866,-0.17698598130841114,0.0,0.9925,0.9925,3259.2630068314,0.0,0.0,0.0,9.883973097076962e-19,1.818651049862161e-16,0,0,67
rows_x_log_support,0,compute_metered,1429.239912972524,1376.9285066646053,1375.1011733863934,0.5209306733845306,0.5018641640697996,0.5011981359617984,0.03660085744395558,0.0013271083207059976,0.58375,0.58375,2016.2835073403903,0.15009560229445507,4.816270720447449,0.01358695652173913,0.0013730186735621023,0.18112194487434624,5,0,60
rows_x_log_support,0,qirana_weighted_coverage,572.9547122302158,223.91521582733816,223.91521582733816,0.20883105862903795,0.08161282308397175,0.08161282308397175,0.6091921210391094,0.0,0.995,0.995,4074.9535507688984,0.0,0.0,0.0,2.844105053328758e-18,1.6969540402781696e-16,0,0,55
rows_x_log_support,0,qirana_uniform_gain,572.9547122302158,223.91521582733816,223.91521582733816,0.20883105862903795,0.08161282308397175,0.08161282308397175,0.6091921210391094,0.0,0.995,0.995,4074.9535507688984,0.0,0.0,0.0,2.844105053328758e-18,1.6969540402781696e-16,0,0,55
rows_x_log_support,0,qirana_shannon,628.8288515569652,820.3828067570223,820.3828067570223,0.2291961161397319,0.29901387729104273,0.29901387729104273,-0.30462017562612487,0.0,0.9475,0.9475,3267.5522947681065,0.0,0.0,0.0,0.0,0.0,0,0,55
rows_x_log_support,0,querymarket_viewcover,573.3514263361669,761.542767589563,761.542767589563,0.20897565334996515,0.27756780588814733,0.27756780588814733,-0.3282303533384008,0.0,0.96125,0.96125,3345.1118904027126,0.0,0.0,0.0,5.515846194984613e-18,1.9701279530689096e-16,0,0,55
rows_x_log_support,0,monopoly_per_asset,2743.6278683430783,1348.7836817501725,1388.2251589785096,1.0,0.49160591249013846,0.5059815782586001,0.5083940875098616,-0.029242255642623245,0.435,0.46375,1850.3084995364216,0.20172084130019122,33.77733098864205,0.14945652173913043,0.06143973275593373,0.8906298950853245,55,0,66
rows_x_log_support,0,monotone_constrained,2532.7723730046087,1589.4717322798283,1637.640644877847,0.923147195809099,0.5793321137387835,0.5968887631495174,0.3724379856551222,-0.030304982227603774,0.3725,0.375,1141.2856851858896,0.0,0.0,0.029891304347826088,0.00915855821890037,0.6761019752293508,11,0,72
rows_x_log_support,1,uniform,1193.7661809045226,1368.8908040201004,1368.8908040201004,0.4586780583397728,0.5259657930595438,0.5259657930595438,-0.1466992665036675,0.0,0.58625,0.58625,2195.7444256540284,0.0,0.0,0.0,0.0,0.0,0,0,55
rows_x_log_support,1,size_proportional,917.2093023255816,812.0930232558139,812.0930232558139,0.35241723933166386,0.3120286510512601,0.3120286510512601,0.11460446247464517,0.0,0.98875,0.98875,3316.7123439060083,0.0,0.0,0.0,9.883973097076962e-19,1.818651049862161e-16,0,0,67
rows_x_log_support,1,compute_metered,1030.508508981035,1256.4446611802368,1254.601822201939,0.39594993522424116,0.48276086793215794,0.4820527981125237,-0.21924724563662945,0.0014667092274216942,0.6175,0.6175,2192.8243592377485,0.15009560229445507,4.816270720447447,0.01358695652173913,0.0013730186735621027,0.18112194487434616,5,0,60
rows_x_log_support,1,qirana_weighted_coverage,822.0,931.8,931.8,0.3158351861414043,0.3580233898376649,0.3580233898376649,-0.13357664233576627,0.0,0.95375,0.95375,3108.1799992293404,0.0,0.0,0.0,4.818810442026913e-18,2.1930331350620372e-16,0,0,55
rows_x_log_support,1,qirana_uniform_gain,822.0,931.8,931.8,0.3158351861414043,0.3580233898376649,0.3580233898376649,-0.13357664233576627,0.0,0.95375,0.95375,3108.1799992293404,0.0,0.0,0.0,4.818810442026913e-18,2.1930331350620372e-16,0,0,55
rows_x_log_support,1,qirana_shannon,903.6209784270534,1010.7864405446455,1010.7864405446455,0.3471962286165284,0.38837216982801176,0.38837216982801176,-0.11859558894276301,0.0,0.94,0.94,2987.819139771861,0.0,0.0,0.0,0.0,0.0,0,0,55
rows_x_log_support,1,querymarket_viewcover,827.6024704997237,984.4703547531625,984.4703547531625,0.3179878106099347,0.37826080017537644,0.37826080017537644,-0.18954496856288827,0.0,0.96,0.96,3069.979477146486,0.0,0.0,0.0,5.515846194984613e-18,1.9701279530689096e-16,0,0,55
rows_x_log_support,1,monopoly_per_asset,2602.6232543703277,1510.7579848661167,1471.1781106077215,1.0,0.580475096550855,0.5652674116921523,0.41952490344914495,0.026198686126357135,0.4925,0.5175,1650.640378082534,0.13862332695984703,5.224101478783801,0.16032608695652173,0.06437017127397071,0.8393342391012234,59,0,72
rows_x_log_support,1,monotone_constrained,2454.347906668499,1478.2032248726089,1478.2032248726089,0.9430285011659507,0.5679666553314655,0.5679666553314655,0.39772058359928963,0.0,0.42875,0.42875,1315.6266441287894,0.0,0.0,0.016304347826086956,0.0049388713808354925,0.6277153640622332,6,0,70
rows_x_log_support,2,uniform,1559.1642713567835,1112.6255778894474,1112.6255778894474,0.42823768195801387,0.30559204512039667,0.30559204512039667,0.28639618138424794,0.0,0.37375,0.37375,1284.025775164076,0.0,0.0,0.0,0.0,0.0,0,0,55
rows_x_log_support,2,size_proportional,1352.4499693268642,701.8693212871564,701.8693212871564,0.37146184688078443,0.19277435784486216,0.19277435784486216,0.481038606081312,0.0,0.99625,0.99625,2724.5077770113935,0.0,0.0,0.0,0.0,0.0,0,0,67
rows_x_log_support,2,compute_metered,1686.8697298936547,1141.6225922865356,1139.7211699490822,0.4633130685236804,0.31355632089122765,0.3130340791305788,0.32323013920078647,0.0016655437184762117,0.395,0.395,1112.4588401378794,0.15009560229445507,4.816270720447448,0.01358695652173913,0.0013730186735621016,0.18112194487434607,5,0,60
rows_x_log_support,2,qirana_weighted_coverage,1099.0500000000002,623.1,623.1,0.3018633975920908,0.17113969613723828,0.17113969613723828,0.43305582093626316,0.0,0.97,0.97,2763.15692825358,0.0,0.0,0.0,4.818810442026913e-18,2.1930331350620372e-16,0,0,55
rows_x_log_support,2,qirana_uniform_gain,1099.0500000000002,623.1,623.1,0.3018633975920908,0.17113969613723828,0.17113969613723828,0.43305582093626316,0.0,0.97,0.97,2763.15692825358,0.0,0.0,0.0,4.818810442026913e-18,2.1930331350620372e-16,0,0,55
rows_x_log_support,2,qirana_shannon,1187.541190605567,678.9398389517489,678.9398389517489,0.32616825310654934,0.18647658118065769,0.18647658118065769,0.4282810193678126,0.0,0.95625,0.95625,2673.3632932286637,0.0,0.0,0.0,0.0,0.0,0,0,55
rows_x_log_support,2,querymarket_viewcover,1185.5415878284648,666.9027721886318,666.9027721886318,0.3256190452560142,0.18317049877298075,0.18317049877298075,0.43746994703898523,0.0,0.97125,0.97125,2719.183947380455,0.0,0.0,0.0,5.515846194984613e-18,1.9701279530689096e-16,0,0,55
rows_x_log_support,2,monopoly_per_asset,3640.8852771383395,1189.4671699871542,1199.9987907569264,1.0,0.3266972396675049,0.32958983857357366,0.673302760332495,-0.008854065951131654,0.495,0.52875,1351.190987472201,0.10803059273422562,6.993509495584636,0.16576086956521738,0.055527542935119543,0.8810934088127144,61,0,74
rows_x_log_support,2,monotone_constrained,3438.2701095508537,1267.5631548580577,1274.2591645554162,0.9443500269399487,0.3481469638214847,0.349986079637466,0.6313369472232531,-0.0052825846757184255,0.4775,0.48,1157.4008300193166,0.0,0.0,0.024456521739130436,0.006171501850039221,0.8780797956809226,9,0,68
rows_x_log_support,3,uniform,1488.6524623115574,1049.9674371859294,1049.9674371859294,0.44809605830164234,0.3160484275943951,0.3160484275943951,0.2946859903381642,0.0,0.365,0.365,1370.1050487703756,0.0,0.0,0.0,0.0,0.0,0,0,55
rows_x_log_support,3,size_proportional,1013.2978417266188,768.4059784730357,768.4059784730357,0.30501059196732183,0.2312962218156207,0.2312962218156207,0.2416780665754673,0.0,0.98875,0.98875,2614.5190550157695,0.0,0.0,0.0,0.0,0.0,0,0,67
rows_x_log_support,3,compute_metered,1500.7585602584181,1053.000611731937,1053.000611731937,0.4517400886638254,0.31696143690490697,0.31696143690490697,0.29835441914746164,0.0,0.4225,0.4225,1324.5929157059368,0.15009560229445507,4.816270720447448,0.01358695652173913,0.0013730186735621019,0.1811219448743462,5,0,60
rows_x_log_support,3,qirana_weighted_coverage,913.8,733.95,733.95,0.27506096180449097,0.2209247022503898,0.2209247022503898,0.19681549573210755,0.0,0.96125,0.96125,2585.5961683771966,0.0,0.0,0.0,4.818810442026913e-18,2.1930331350620372e-16,0,0,55
rows_x_log_support,3,qirana_uniform_gain,913.8,733.95,733.95,0.27506096180449097,0.2209247022503898,0.2209247022503898,0.19681549573210755,0.0,0.96125,0.96125,2585.5961683771966,0.0,0.0,0.0,4.818810442026913e-18,2.1930331350620372e-16,0,0,55
rows_x_log_support,3,qirana_shannon,990.7730615428563,789.246792462837,789.246792462837,0.29823045659658376,0.23756947016408125,0.23756947016408125,0.20340305656493896,0.0,0.95125,0.95125,2498.9465254327406,0.0,0.0,0.0,0.0,0.0,0,0,55
rows_x_log_support,3,querymarket_viewcover,969.381110325159,791.5725665552726,791.5725665552726,0.2917913116230506,0.23826954639389664,0.23826954639389664,0.18342480772112857,0.0,0.9675,0.9675,2541.1400582626684,0.0,0.0,0.0,5.515846194984613e-18,1.9701279530689096e-16,0,0,55
rows_x_log_support,3,monopoly_per_asset,3322.172634041448,1033.7253299707236,1092.6614191405192,1.0,0.31115942602693375,0.3288996507719975,0.6888405739730663,-0.057013296918500385,0.56,0.58625,1465.4592021053377,0.21510516252390058,86.47542741545584,0.15760869565217392,0.06380484154443118,0.9885682181894283,58,0,66
rows_x_log_support,3,monotone_constrained,2629.009553165291,1064.859792954929,1089.2276821492171,0.7913524800687679,0.3205311433980235,0.32786606902608895,0.5949578077139915,-0.022883659760191147,0.46875,0.4725,780.7805750808543,0.0,0.0,0.03804347826086957,0.013799380174902977,0.651553567085668,14,0,73
rows_x_log_support,4,uniform,1344.821306532663,1423.928442211055,1423.928442211055,0.45277543471687015,0.4794092838178626,0.4794092838178626,-0.05882352941176472,0.0,0.495,0.495,2542.687029635793,0.0,0.0,0.0,0.0,0.0,0,0,55
rows_x_log_support,4,size_proportional,877.2093023255815,1200.9302325581398,1200.9302325581396,0.29533947838928065,0.4043300812307119,0.40433008123071185,-0.36903499469777334,1.8933129442407003e-16,0.995,0.995,3672.012933120636,0.0,0.0,0.0,9.883973097076962e-19,1.818651049862161e-16,0,0,67
rows_x_log_support,4,compute_metered,1202.5815261333667,1295.5635617420735,1292.4851232468227,0.404886039976113,0.436191300674382,0.4351548497190279,-0.07731869614500897,0.002376138528557708,0.36,0.36,1933.893314924438,0.15009560229445507,4.816270720447448,0.01358695652173913,0.0013730186735621016,0.18112194487434607,5,0,60
rows_x_log_support,4,qirana_weighted_coverage,804.4412374100718,923.4078992805755,923.4078992805755,0.27083987233338486,0.31089365627001225,0.31089365627001225,-0.147887323943662,0.0,0.94625,0.94625,3754.628248907466,0.0,0.0,0.0,3.618187248972088e-18,1.9188157982085416e-16,0,0,55
rows_x_log_support,4,qirana_uniform_gain,804.4412374100718,923.4078992805755,923.4078992805755,0.27083987233338486,0.31089365627001225,0.31089365627001225,-0.147887323943662,0.0,0.94625,0.94625,3754.628248907466,0.0,0.0,0.0,3.618187248972088e-18,1.9188157982085416e-16,0,0,55
rows_x_log_support,4,qirana_shannon,880.2719996006997,988.839832434529,988.839832434529,0.2963706295789678,0.33292332804442126,0.33292332804442126,-0.12333441582042459,0.0,0.94,0.94,3652.7110970341605,0.0,0.0,0.0,0.0,0.0,0,0,55
rows_x_log_support,4,querymarket_viewcover,793.7104336371885,860.443980094031,860.443980094031,0.2672270173618529,0.28969491726827173,0.28969491726827173,-0.08407795038177213,0.0,0.94,0.94,3677.7748714999007,0.0,0.0,0.0,5.515846194984613e-18,1.9701279530689096e-16,0,0,55
rows_x_log_support,4,monopoly_per_asset,2970.1728570447012,1405.0104357000196,1418.542564966705,1.0,0.4730399553573437,0.4775959626734128,0.5269600446426563,-0.00963133719355135,0.475,0.53625,2116.1190740148636,0.19789674952198852,48.37298166310814,0.16032608695652173,0.06647405425326146,0.9797460075062226,59,0,69
rows_x_log_support,4,monotone_constrained,2677.309988616267,1522.2547546645715,1498.896713540981,0.9013987122891459,0.512513859607216,0.5046496570008964,0.43142379435437395,0.01534437061340462,0.40125,0.40125,1165.946010436273,0.0,0.0,0.043478260869565216,0.010931935143440225,0.547727381082963,16,0,76
flat,0,uniform,37492.02014388489,38862.952517985614,38862.952517985614,0.6466528145763357,0.6702983070012257,0.6702983070012257,-0.03656597774244852,0.0,0.815,0.815,50996.432267247284,0.0,0.0,0.0,0.0,0.0,0,0,55
flat,0,size_proportional,849.3023255813955,1019.5348837209303,1019.5348837209303,0.014648550202302567,0.017584678008459597,0.017584678008459597,-0.20043811610076667,0.0,0.99875,0.99875,95417.47149434616,0.0,0.0,0.0,9.883973097076962e-19,1.818651049862161e-16,0,0,67
flat,0,compute_metered,14055.44553284842,13375.326983903717,13359.737092248002,0.2424247447606066,0.23069423324821484,0.23042534276753607,0.048388259721488414,0.001165570880956835,0.98375,0.98375,82746.49571700266,0.15009560229445507,4.816270720447448,0.01358695652173913,0.0013730186735621019,0.1811219448743461,5,0,60
flat,0,qirana_weighted_coverage,6898.05,966.75,966.75,0.1189758095314542,0.016674257777855098,0.016674257777855098,0.8598516972187792,0.0,0.99375,0.99375,95279.43244977685,0.0,0.0,0.0,4.818810442026913e-18,2.1930331350620372e-16,0,0,55
flat,0,qirana_uniform_gain,6898.05,966.75,966.75,0.1189758095314542,0.016674257777855098,0.016674257777855098,0.8598516972187792,0.0,0.99375,0.99375,95279.43244977685,0.0,0.0,0.0,4.818810442026913e-18,2.1930331350620372e-16,0,0,55
flat,0,qirana_shannon,7005.188089957051,1075.3620164981974,1075.3620164981974,0.12082370001996819,0.01854757017595553,0.01854757017595553,0.8464906291324448,0.0,0.99375,0.99375,95170.82043327866,0.0,0.0,0.0,0.0,0.0,0,0,55
flat,0,querymarket_viewcover,6893.1986072820255,981.6482862220402,981.6482862220402,0.11889213394545874,0.016931219624159274,0.016931219624159274,0.8575917593343357,0.0,0.99375,0.99375,95264.53416355481,0.0,0.0,0.0,5.515846194984613e-18,1.9701279530689096e-16,0,0,55
flat,0,monopoly_per_asset,57978.592683383504,37165.58630855002,37607.0413087948,1.0,0.6410225669241117,0.6486366703338916,0.35897743307588825,-0.01187805828165367,0.52125,0.545,33484.07122267121,0.31453154875717015,5.1009741471404375,0.16576086956521738,0.06443650784288003,0.8131623393378222,61,0,58
flat,0,monotone_constrained,49197.033956682935,32433.45423000813,32433.45423000813,0.8485379116623964,0.5594039580630157,0.5594039580630157,0.34074370705833246,0.0,0.4225,0.4225,25443.02791281818,0.0,0.0,0.010869565217391304,0.003520288595167211,0.46689325080704663,4,0,63
flat,1,uniform,38220.0,38760.0,38760.0,0.6764372763079733,0.685994474874334,0.685994474874334,-0.014128728414442682,0.0,0.8075,0.8075,49780.265183171505,0.0,0.0,0.0,0.0,0.0,0,0,55
flat,1,size_proportional,926.5116279069769,831.1627906976745,831.1627906976745,0.016397880744350127,0.014710347836422529,0.014710347836422529,0.10291164658634544,0.0,0.99875,0.99875,94505.03835439931,0.0,0.0,0.0,9.883973097076962e-19,1.818651049862161e-16,0,0,67
flat,1,compute_metered,16429.477894467334,16978.028736862216,16964.948352268533,0.29077737514640345,0.30048591093253735,0.3002544075383037,-0.0333882090422124,0.0007704301127305067,0.985,0.985,78057.40531569126,0.15009560229445507,4.816270720447448,0.01358695652173913,0.0013730186735621019,0.1811219448743461,5,0,60
flat,1,qirana_weighted_coverage,925.0500000000001,1272.15,1272.15,0.016372012099651775,0.022515166955918063,0.022515166955918063,-0.37522296092103136,0.0,0.9975,0.9975,94005.36867700846,0.0,0.0,0.0,4.818810442026913e-18,2.1930331350620372e-16,0,0,55
flat,1,qirana_uniform_gain,925.0500000000001,1272.15,1272.15,0.016372012099651775,0.022515166955918063,0.022515166955918063,-0.37522296092103136,0.0,0.9975,0.9975,94005.36867700846,0.0,0.0,0.0,4.818810442026913e-18,2.1930331350620372e-16,0,0,55
flat,1,qirana_shannon,1046.9291002865748,1410.4011124089436,1410.4011124089436,0.018529091289518778,0.02496200646205237,0.02496200646205237,-0.3471792044206967,0.0,0.9975,0.9975,93867.11756459951,0.0,0.0,0.0,0.0,0.0,0,0,55
flat,1,querymarket_viewcover,956.3562278638576,1313.4921578380377,1313.4921578380377,0.0169260858701307,0.023246861792251303,0.023246861792251303,-0.37343399830405066,0.0,0.9975,0.9975,93964.02651917042,0.0,0.0,0.0,5.515846194984613e-18,1.9701279530689096e-16,0,0,55
flat,1,monopoly_per_asset,56501.91279907957,35376.45099498004,36125.66438990733,1.0,0.6261106791336157,0.6393706442889812,0.37388932086638427,-0.021178308559940184,0.46,0.52375,32852.908234179915,0.40152963671128106,5.224101478783801,0.1766304347826087,0.06044556947801936,0.8393342391012235,65,0,55
flat,1,monotone_constrained,50407.68730562295,32446.003898215557,32446.003898215557,0.8921412534275142,0.5742461147039983,0.5742461147039983,0.35632825799972334,0.0,0.39,0.39,23612.25469402556,0.0,0.0,0.0,0.0,0.0,0,0,55
flat,2,uniform,39780.0,37440.0,37440.0,0.6268247861347561,0.5899527398915352,0.5899527398915352,0.05882352941176472,0.0,0.78,0.78,47988.86356406573,0.0,0.0,0.0,0.0,0.0,0,0,55
flat,2,size_proportional,1373.953488372093,710.6976744186047,710.6976744186047,0.021649776307389124,0.01119866560517623,0.01119866560517623,0.4827352742044685,0.0,0.99875,0.99875,92417.13365044918,0.0,0.0,0.0,9.883973097076962e-19,1.818651049862161e-16,0,0,67
flat,2,compute_metered,12992.740688508093,12300.202898648753,12293.343961670224,0.20473031431318323,0.19381779917947742,0.19370972095663483,0.053301901920653316,0.0005576279541927736,0.985,0.985,80527.32508975558,0.15009560229445507,4.816270720447448,0.01358695652173913,0.0013730186735621019,0.1811219448743461,5,0,60
flat,2,qirana_weighted_coverage,1502.1,747.9000000000001,747.9000000000001,0.023669017376898367,0.011784873241583312,0.011784873241583312,0.5020970641102456,0.0,0.99875,0.99875,92379.93132486778,0.0,0.0,0.0,4.818810442026913e-18,2.1930331350620372e-16,0,0,55
flat,2,qirana_uniform_gain,1502.1,747.9000000000001,747.9000000000001,0.023669017376898367,0.011784873241583312,0.011784873241583312,0.5020970641102456,0.0,0.99875,0.99875,92379.93132486778,0.0,0.0,0.0,4.818810442026913e-18,2.1930331350620372e-16,0,0,55
flat,2,qirana_shannon,1628.205799475796,850.5550825331136,850.5550825331136,0.025656102363996618,0.013402438604943409,0.013402438604943409,0.4776120544424105,0.0,0.99875,0.99875,92277.27624233467,0.0,0.0,0.0,0.0,0.0,0,0,55
flat,2,querymarket_viewcover,1598.1122522689154,783.802080078784,783.802080078784,0.025181909772443348,0.012350592539400723,0.012350592539400723,0.5095450404275524,0.0,0.99875,0.99875,92344.02924478901,0.0,0.0,0.0,5.515846194984613e-18,1.9701279530689096e-16,0,0,55
flat,2,monopoly_per_asset,63462.710600994025,31846.609983279704,32877.31216259216,1.0,0.5018161008518424,0.5180571685520977,0.49818389914815764,-0.03236458071529761,0.5225,0.56375,36350.53437173558,0.3527724665391969,4.765865492812305,0.18206521739130435,0.05575141951738884,0.8058895685525883,67,0,57
flat,2,monotone_constrained,51943.7853806947,30961.887097542814,30961.887097542814,0.8184930156431279,0.4878752704435832,0.4878752704435832,0.4039347176832817,0.0,0.48375,0.48375,31453.6472993497,0.0,0.0,0.002717391304347826,0.0008648713657259087,0.3182726625871344,1,0,60
flat,3,uniform,38760.0,38820.0,38820.0,0.6330549443065002,0.6340349055205969,0.6340349055205969,-0.001547987616099089,0.0,0.80875,0.80875,46836.6593222338,0.0,0.0,0.0,0.0,0.0,0,0,55
flat,3,size_proportional,1026.5116279069769,782.7906976744187,782.7906976744187,0.0167656930194692,0.012785075374611082,0.012785075374611082,0.2374263706388764,0.0,1.0,1.0,91856.8713708847,0.0,0.0,0.0,9.883973097076962e-19,1.818651049862161e-16,0,0,67
flat,3,compute_metered,15001.557195625883,13839.18543892868,13831.729599119832,0.2450157367127895,0.2260310827473768,0.22590930885019028,0.07748340665835174,0.000538748457541123,0.98875,0.98875,78524.69681883638,0.15009560229445507,4.816270720447448,0.01358695652173913,0.0013730186735621019,0.1811219448743461,5,0,60
flat,3,qirana_weighted_coverage,1317.75,1061.6999999999998,1061.6999999999998,0.021522398164599863,0.01734041368344198,0.01734041368344198,0.1943084803642574,0.0,1.0,1.0,91577.96206855914,0.0,0.0,0.0,4.818810442026913e-18,2.1930331350620372e-16,0,0,55
flat,3,qirana_uniform_gain,1317.75,1061.6999999999998,1061.6999999999998,0.021522398164599863,0.01734041368344198,0.01734041368344198,0.1943084803642574,0.0,1.0,1.0,91577.96206855914,0.0,0.0,0.0,4.818810442026913e-18,2.1930331350620372e-16,0,0,55
flat,3,qirana_shannon,1453.7321481160131,1165.3373600201808,1165.3373600201808,0.0237433520139874,0.019033090235961288,0.019033090235961288,0.1983823419393883,0.0,1.0,1.0,91474.32470853896,0.0,0.0,0.0,0.0,0.0,0,0,55
flat,3,querymarket_viewcover,1351.157440618275,1099.2650388296372,1099.265038829637,0.02206803143240236,0.017953951701093363,0.01795395170109336,0.18642712848724308,2.0684154176804505e-16,1.0,1.0,91540.3970297295,0.0,0.0,0.0,5.515846194984613e-18,1.9701279530689096e-16,0,0,55
flat,3,monopoly_per_asset,61226.913001146924,34430.12753824774,35097.36915989549,1.0,0.5623364930647864,0.5732343415588833,0.4376635069352136,-0.019379586117028613,0.5875,0.60875,34941.46972932756,0.3365200764818356,13.290275210137228,0.16576086956521738,0.06298374390510716,0.9144772534343527,61,0,57
flat,3,monotone_constrained,51641.79605301984,34219.39227138333,34219.39227138333,0.8434492859709009,0.5588946199319623,0.5588946199319623,0.33737021392031363,0.0,0.50625,0.50625,27589.423040588554,0.0,0.0,0.008152173913043478,0.0011434270393564743,0.19031574190267744,3,0,62
flat,4,uniform,38100.0,38580.0,38580.0,0.6402119409638748,0.6482776032122385,0.6482776032122385,-0.012598425196850505,0.0,0.80375,0.80375,47784.696343127696,0.0,0.0,0.0,0.0,0.0,0,0,55
flat,4,size_proportional,929.7674418604653,1222.325581395349,1222.325581395349,0.015623312824107744,0.020539302702228687,0.020539302702228687,-0.31465732866433216,0.0,1.0,1.0,92211.39520986313,0.0,0.0,0.0,9.883973097076962e-19,1.818651049862161e-16,0,0,67
flat,4,compute_metered,16749.274610124725,16092.629950686693,16079.549566093006,0.28144581647991856,0.27041191222946226,0.2701921164706885,0.03920436405294225,0.0008128183294942427,0.99125,0.99125,77151.3223102852,0.15009560229445507,4.816270720447448,0.01358695652173913,0.0013730186735621019,0.1811219448743461,5,0,60
flat,4,qirana_weighted_coverage,1104.4499999999998,1525.5,1525.5,0.018558584729594523,0.025633682833081126,0.025633682833081126,-0.3812304767078638,0.0,0.99875,0.99875,91886.6818339072,0.0,0.0,0.0,4.818810442026913e-18,2.1930331350620372e-16,0,0,55
flat,4,qirana_uniform_gain,1104.4499999999998,1525.5,1525.5,0.018558584729594523,0.025633682833081126,0.025633682833081126,-0.3812304767078638,0.0,0.99875,0.99875,91886.6818339072,0.0,0.0,0.0,4.818810442026913e-18,2.1930331350620372e-16,0,0,55
flat,4,qirana_shannon,1215.7630035582456,1682.83669671581,1682.83669671581,0.02042902866824395,0.028277484197628978,0.028277484197628978,-0.3841815319190929,0.0,0.99875,0.99875,91729.34513719138,0.0,0.0,0.0,0.0,0.0,0,0,55
flat,4,querymarket_viewcover,1080.4365515983013,1512.7185844866415,1512.7185844866415,0.01815507563745575,0.02541891079019207,0.02541891079019207,-0.40009941560090745,0.0,0.99875,0.99875,91899.46324942054,0.0,0.0,0.0,5.515846194984613e-18,1.9701279530689096e-16,0,0,55
flat,4,monopoly_per_asset,59511.54229119552,33846.14537042144,35911.468327712355,1.0,0.5687324520142513,0.603437029946127,0.43126754798574873,-0.061020920837142945,0.46125,0.52375,29457.684902180146,0.3068833652007648,11.94651131269695,0.14945652173913043,0.0600883254114802,0.922759114339994,55,0,56
flat,4,monotone_constrained,53593.45928653536,33658.136236956896,33658.136236956896,0.9005557110971444,0.5655732474931418,0.5655732474931418,0.37197306005188113,0.0,0.39625,0.39625,20941.469545624666,0.0,0.0,0.01358695652173913,0.00411257427170209,0.5172838860671436,5,0,63
