mechanism,revenue_train_norm,revenue_naive_norm,revenue_strategic_norm,generalization_gap,mono_violation_rate,sep_violation_rate,sep_mean_gain,sep_max_gain,served_naive,served_strategic,leakage
uniform,0.5211,0.4658,0.4658,0.1016,0.0,0.0,0.0,0.0,0.5245,0.5245,0.0
size_proportional,0.204,0.1828,0.1828,0.072,0.0,0.0,0.0,0.0,0.9804,0.9804,0.0
compute_metered,0.3962,0.359,0.3586,0.0965,0.1501,0.0136,0.0014,0.1811,0.5751,0.5752,0.0015
qirana_uniform_gain,0.2321,0.1815,0.1815,0.1351,0.0,0.0,0.0,0.0,0.9809,0.9809,0.0
qirana_shannon,0.2506,0.2084,0.2084,0.0931,0.0,0.0,0.0,0.0,0.9732,0.9732,0.0
qirana_weighted_coverage,0.2321,0.1815,0.1815,0.1351,0.0,0.0,0.0,0.0,0.9809,0.9809,0.0
querymarket_viewcover,0.2376,0.1962,0.1962,0.0829,0.0,0.0,0.0,0.0,0.9808,0.9808,0.0
monotone_constrained,0.8798,0.467,0.4727,0.47,0.0,0.028,0.0091,0.5743,0.4278,0.4308,-0.0139
monopoly_per_asset,1.0,0.463,0.4661,0.537,0.2238,0.1678,0.0662,0.9151,0.4926,0.5342,-0.0024
