family,seed,mechanism,revenue_train_norm,revenue_naive_norm,revenue_strategic_norm,generalization_gap,leakage,mono_violation_rate,sep_violation_rate,sep_mean_gain,sep_max_gain,served_naive,served_strategic,plans_verified,plans_failed,multi_source
answer_cells,0,uniform,0.5188267346326785,0.9004923785003959,0.9004923785003959,-0.735632183908046,0.0,0.0,0.0,0.0,0.0,0.18875,0.18875,0,0,0
answer_cells,0,size_proportional,0.5710210007721562,0.9722302424762579,0.9722302424762579,-0.7026173138318403,0.0,0.0,0.0,0.0,0.0,0.95875,0.95875,0,0,0
answer_cells,0,support_set,0.018172617307680525,0.026412352138163172,0.02573101208604106,-0.45341486539752207,0.025796265647149413,0.38446507083536885,0.1036036036036036,0.08344395645355036,0.9581632653061225,0.875,0.90625,23,0,1
answer_cells,0,compute_metered,0.2537136927081379,0.3405202720096113,0.3396043948804123,-0.34214384874107795,0.002689640542672921,0.407914020517831,0.36036036036036034,0.1371295256054191,0.9894593958476788,0.90375,0.9375,80,0,1
answer_cells,0,monopoly_per_asset,1.0,1.041740123840856,1.0439655379949666,-0.0417401238408559,-0.002136246942189028,0.2169027845627748,0.3333333333333333,0.20425058029497262,0.9897470174455593,0.4525,0.55875,74,0,1
answer_cells,0,monotone_constrained,0.9674858600128194,1.0257868528355576,1.0257868528355576,-0.06026030480896716,0.0,0.0,0.0,0.0,0.0,0.32375,0.32375,0,0,0
answer_cells,1,uniform,0.4172566047194759,0.1925799714089888,0.1925799714089888,0.5384615384615385,0.0,0.0,0.0,0.0,0.0,0.0225,0.0225,0,0,0
answer_cells,1,size_proportional,0.4996377211702839,0.28956801264688586,0.28956801264688586,0.42044405300576404,0.0,0.0,0.0,0.0,0.0,0.99625,0.99625,0,0,0
answer_cells,1,support_set,0.036960407362225264,0.02723327791243682,0.026500227293649696,0.263177008696335,0.02691745816071445,0.38446507083536885,0.1036036036036036,0.08344395645355036,0.9581632653061225,0.775,0.7925,23,0,1
answer_cells,1,compute_metered,0.43679491330892595,0.1577111541573648,0.1565940311888879,0.6389354606659016,0.007083347873811386,0.407914020517831,0.36036036036036034,0.13712952560541913,0.989459395847679,0.86625,0.88375,80,0,1
answer_cells,1,monopoly_per_asset,1.0,0.2896983145295648,0.31120146107156366,0.7103016854704352,-0.07422599809362852,0.22032242305813385,0.32432432432432434,0.19865701984764067,0.986070581785773,0.38625,0.61625,72,0,1
answer_cells,1,monotone_constrained,0.9243959433699834,0.2790226775464387,0.2790226775464387,0.6981567481470852,0.0,0.0,0.0,0.0,0.0,0.22,0.22,0,0,0
answer_cells,2,uniform,0.40210375944275095,0.7824721805372454,0.7824721805372454,-0.9459459459459467,0.0,0.0,0.0,0.0,0.0,0.09,0.09,0,0,0
answer_cells,2,size_proportional,0.45189443685077285,0.8585698971113624,0.8585698971113624,-0.8999346464512556,0.0,0.0,0.0,0.0,0.0,0.97375,0.97375,0,0,0
answer_cells,2,support_set,0.029141889087039193,0.03490932174711862,0.03439125342558123,-0.19790867513267973,0.014840400661183063,0.38446507083536885,0.1036036036036036,0.08344395645355036,0.9581632653061225,0.89125,0.9425,23,0,1
answer_cells,2,compute_metered,0.2770515941882171,0.6333369166903529,0.630978980502572,-1.2859890719852367,0.0037230360739160654,0.407914020517831,0.36036036036036034,0.13712952560541913,0.989459395847679,0.8975,0.93625,80,0,1
answer_cells,2,monopoly_per_asset,1.0,0.40507585265970847,0.4131529364223468,0.5949241473402915,-0.019939682184471397,0.2169027845627748,0.33783783783783783,0.1867477482344589,0.9728833925224779,0.41875,0.60875,75,0,0
answer_cells,2,monotone_constrained,0.9617780476318601,0.3984739167568482,0.3984739167568482,0.5856903599141285,0.0,0.0,0.0,0.0,0.0,0.34125,0.34125,0,0,0
answer_cells,3,uniform,0.41487875797875096,0.5393423853723762,0.5393423853723762,-0.30000000000000004,0.0,0.0,0.0,0.0,0.0,0.04875,0.04875,0,0,0
answer_cells,3,size_proportional,0.4997204267200969,0.6366393986738415,0.6366393986738415,-0.2739911451136967,0.0,0.0,0.0,0.0,0.0,0.99,0.99,0,0,0
answer_cells,3,support_set,0.03509903092351512,0.031898875832916986,0.03127286231466451,0.09117502695648916,0.019624939810778133,0.38446507083536885,0.1036036036036036,0.08344395645355036,0.9581632653061225,0.8025,0.82,23,0,1
answer_cells,3,compute_metered,0.18160103241639677,0.524341487874878,0.5233917160561712,-1.887326580129812,0.0018113611847809053,0.407914020517831,0.36036036036036034,0.1371295256054191,0.9894593958476788,0.85875,0.91125,80,0,1
answer_cells,3,monopoly_per_asset,1.0,0.32115362469810615,0.31999682672932594,0.6788463753018938,0.0036020081351024512,0.20859794821690278,0.3333333333333333,0.20373466813981259,0.9461046513768827,0.41,0.6275,74,0,1
answer_cells,3,monotone_constrained,0.9348609439231583,0.28750649346567725,0.28750649346567725,0.6924606859078402,0.0,0.0,0.0,0.0,0.0,0.33,0.33,0,0,0
answer_cells,4,uniform,0.6331993832726022,0.3229316854690271,0.3229316854690271,0.49,0.0,0.0,0.0,0.0,0.0,0.06375,0.06375,0,0,0
answer_cells,4,size_proportional,0.6107013587731788,0.3432248922860606,0.3432248922860606,0.4379824322389658,0.0,0.0,0.0,0.0,0.0,0.9725,0.9725,0,0,0
answer_cells,4,support_set,0.016975233467394865,0.016650166622256764,0.016482308052687883,0.019149477134583814,0.010081494880928034,0.38446507083536885,0.1036036036036036,0.08344395645355036,0.9581632653061225,0.8225,0.8625,23,0,1
answer_cells,4,compute_metered,0.30017414683315335,0.2813073049128752,0.2801857958256066,0.06285298757179447,0.003986775557129287,0.407914020517831,0.36036036036036034,0.13712952560541913,0.989459395847679,0.8425,0.8925,80,0,1
answer_cells,4,monopoly_per_asset,1.0,0.2909984231805419,0.2809566253794356,0.7090015768194581,0.03450808321004598,0.22227650219833903,0.35135135135135137,0.23299002789626894,0.9638220051885928,0.41625,0.7525,78,0,0
answer_cells,4,monotone_constrained,0.97290148531723,0.2811881388988608,0.2811881388988608,0.7109798441646176,0.0,0.0,0.0,0.0,0.0,0.24375,0.24375,0,0,0
support_rows,0,uniform,0.6209719727861625,0.7651787342388732,0.7651787342388732,-0.23222748815165883,0.0,0.0,0.0,0.0,0.0,0.65,0.65,0,0,0
support_rows,0,size_proportional,0.2270658798631353,0.10081341731664228,0.10081341731664228,0.556016882072252,0.0,0.0,0.0,0.0,0.0,0.815,0.815,0,0,0
support_rows,0,support_set,0.2068014098938517,0.20491380131472417,0.19234483717629772,0.009127638830394913,0.06133781159582303,0.38446507083536885,0.1036036036036036,0.08344395645355036,0.9581632653061225,1.0,1.0,23,0,1
support_rows,0,compute_metered,0.18910272812193032,0.24685255587036925,0.2229729828191212,-0.3053886547379834,0.0967361790808763,0.407914020517831,0.36036036036036034,0.1371295256054191,0.9894593958476788,0.81375,0.815,80,0,1
support_rows,0,monopoly_per_asset,1.0,0.725496512137622,0.7089975980161509,0.274503487862378,0.022741548505668573,0.39228138739618956,0.35135135135135137,0.19464866736259337,0.9584748729497014,0.4775,0.61125,78,0,1
support_rows,0,monotone_constrained,0.7074473284038688,0.5427758885398533,0.5427758885398533,0.2327684807794025,0.0,0.0,0.0,0.0,0.0,0.295,0.295,0,0,0
support_rows,1,uniform,0.6136582906028755,0.5606805964501091,0.5606805964501091,0.08633093525179869,0.0,0.0,0.0,0.0,0.0,0.47625,0.47625,0,0,0
support_rows,1,size_proportional,0.19553406437079837,0.16780999988383677,0.16780999988383677,0.1417863663611444,0.0,0.0,0.0,0.0,0.0,0.8925,0.8925,0,0,0
support_rows,1,support_set,0.25365110421498066,0.3233797900199619,0.3173256285660287,-0.27489998918310676,0.01872152076528805,0.38446507083536885,0.1036036036036036,0.08344395645355036,0.9581632653061225,1.0,1.0,23,0,1
support_rows,1,compute_metered,0.2152809663361501,0.16497323065340186,0.15373822255354355,0.23368408521631823,0.06810200694597741,0.407914020517831,0.36036036036036034,0.1371295256054191,0.9894593958476788,0.94,0.94,80,0,1
support_rows,1,monopoly_per_asset,1.0,0.6747524113978525,0.725221587787228,0.32524758860214753,-0.07479658543912564,0.4386907669760625,0.35585585585585583,0.1983818280147327,0.9538818835717966,0.47125,0.6225,79,0,1
support_rows,1,monotone_constrained,0.5832549482836842,0.5223299945549226,0.5223299945549226,0.10445681413941277,0.0,0.0,0.0,0.0,0.0,0.21375,0.21375,0,0,0
support_rows,2,uniform,0.5850575521335428,0.5608482741142239,0.5608482741142239,0.04137931034482745,0.0,0.0,0.0,0.0,0.0,0.52125,0.52125,0,0,0
support_rows,2,size_proportional,0.1651273413875664,0.1930514090409318,0.1930514090409318,-0.16910626319493316,0.0,0.0,0.0,0.0,0.0,0.78125,0.78125,0,0,0
support_rows,2,support_set,0.234911423568731,0.20696541667856289,0.1960672602069031,0.11896401829088388,0.052656896241683036,0.38446507083536885,0.1036036036036036,0.08344395645355036,0.9581632653061225,1.0,1.0,23,0,1
support_rows,2,compute_metered,0.15766077761448713,0.15171209806719252,0.12984171297461755,0.037730877884164404,0.14415715932481996,0.407914020517831,0.36036036036036034,0.13712952560541913,0.989459395847679,0.85375,0.855,80,0,1
support_rows,2,monopoly_per_asset,1.0,0.5761446185869987,0.5717581070474328,0.4238553814130013,0.0076135598564192435,0.4049829018075232,0.34234234234234234,0.17141531205786548,0.9451070984928958,0.46625,0.55625,76,0,0
support_rows,2,monotone_constrained,0.6148197516547901,0.4366920451061948,0.4366920451061948,0.28972346133832516,0.0,0.0,0.0,0.0,0.0,0.23,0.23,0,0,0
support_rows,3,uniform,0.6823486792986504,0.6633945493181322,0.6633945493181322,0.02777777777777779,0.0,0.0,0.0,0.0,0.0,0.56875,0.56875,0,0,0
support_rows,3,size_proportional,0.14958189084844287,0.18104192361076007,0.18104192361076007,-0.21031979595840689,0.0,0.0,0.0,0.0,0.0,0.82875,0.82875,0,0,0
support_rows,3,support_set,0.15962351759656762,0.2064246774523997,0.20102039885793296,-0.29319714638865,0.026180390160536648,0.38446507083536885,0.1036036036036036,0.08344395645355036,0.9581632653061225,0.9975,0.9975,23,0,1
support_rows,3,compute_metered,0.2040570953213144,0.18861992009939796,0.17425104265463554,0.07565125435902442,0.07617900292392438,0.407914020517831,0.36036036036036034,0.1371295256054191,0.9894593958476788,0.8275,0.83,80,0,1
support_rows,3,monopoly_per_asset,1.0,0.5401224724233807,0.5559988956893479,0.45987752757661926,-0.029394117217034162,0.47337567171470446,0.36036036036036034,0.2136658159345224,0.9886605671770355,0.41625,0.6725,80,0,1
support_rows,3,monotone_constrained,0.5779362194857286,0.40999722868427235,0.40999722868427235,0.2905839522411232,0.0,0.0,0.0,0.0,0.0,0.2775,0.2775,0,0,0
support_rows,4,uniform,0.5706387586386542,0.537351497718066,0.537351497718066,0.05833333333333346,0.0,0.0,0.0,0.0,0.0,0.42375,0.42375,0,0,0
support_rows,4,size_proportional,0.17019113916347103,0.15624248735512558,0.15624248735512558,0.08195874283999927,0.0,0.0,0.0,0.0,0.0,0.8325,0.8325,0,0,0
support_rows,4,support_set,0.19339649861420805,0.18587330433160815,0.17489250735532533,0.03890036446630474,0.05907678359605899,0.38446507083536885,0.1036036036036036,0.08344395645355036,0.9581632653061225,1.0,1.0,23,0,1
support_rows,4,compute_metered,0.17670656731192808,0.12246023052836864,0.09067288800122095,0.3069854030258088,0.25957278040387133,0.407914020517831,0.36036036036036034,0.13712952560541913,0.989459395847679,0.86875,0.87,80,0,1
support_rows,4,monopoly_per_asset,1.0,0.513196922097617,0.4736063563696184,0.486803077902383,0.07714497890240261,0.5119687347337567,0.38288288288288286,0.2413218757309438,0.966386351546722,0.41125,0.72,85,0,0
support_rows,4,monotone_constrained,0.6162183184973197,0.36808914033822787,0.36808914033822787,0.40266439784550334,0.0,0.0,0.0,0.0,0.0,0.17375,0.17375,0,0,0
rows_x_log_support,0,uniform,0.5014653080216646,0.8876512348889234,0.8876512348889234,-0.7701149425287352,0.0,0.0,0.0,0.0,0.0,0.1925,0.1925,0,0,0
rows_x_log_support,0,size_proportional,0.5839586045676328,0.9982849250017216,0.9982849250017216,-0.7095131695864967,0.0,0.0,0.0,0.0,0.0,0.9575,0.9575,0,0,0
rows_x_log_support,0,support_set,0.018649082969152183,0.026998747426923507,0.02632590566593778,-0.4477252029809009,0.02492122135691227,0.38446507083536885,0.1036036036036036,0.08344395645355036,0.9581632653061225,0.865,0.8975,23,0,1
rows_x_log_support,0,compute_metered,0.26111028211231335,0.3504425004983235,0.3496133267729055,-0.34212447577068206,0.002366076386964792,0.407914020517831,0.36036036036036034,0.1371295256054191,0.9894593958476788,0.895,0.935,80,0,1
rows_x_log_support,0,monopoly_per_asset,1.0,1.0684142450436505,1.0706324680006511,-0.06841424504365046,-0.0020761824987741867,0.2154372252076209,0.3333333333333333,0.2023142363637203,0.989216503656384,0.45375,0.55875,74,0,1
rows_x_log_support,0,monotone_constrained,0.9688519069809594,1.0530431800686986,1.0530431800686986,-0.08689797943432631,0.0,0.0,0.0,0.0,0.0,0.325,0.325,0,0,0
rows_x_log_support,1,uniform,0.41798365849854713,0.19799225928878542,0.19799225928878542,0.5263157894736843,0.0,0.0,0.0,0.0,0.0,0.0225,0.0225,0,0,0
rows_x_log_support,1,size_proportional,0.5136795925175184,0.29270020898828436,0.29270020898828436,0.43018914270318764,0.0,0.0,0.0,0.0,0.0,0.99375,0.99375,0,0,0
rows_x_log_support,1,support_set,0.037808433476385093,0.02748984868704343,0.026823285328531968,0.2729175435365918,0.024247618315397495,0.38446507083536885,0.1036036036036036,0.08344395645355036,0.9581632653061225,0.7525,0.77375,23,0,1
rows_x_log_support,1,compute_metered,0.4519213194448781,0.1630435480856641,0.16199323480697608,0.6392213841870966,0.006441918683811796,0.407914020517831,0.36036036036036034,0.13712952560541913,0.989459395847679,0.8525,0.87375,80,0,1
rows_x_log_support,1,monopoly_per_asset,1.0,0.2871203034378324,0.3080885293606021,0.7128796965621675,-0.07302940848037158,0.22032242305813385,0.31981981981981983,0.1922021939853595,0.9860746913960929,0.3875,0.61375,71,0,1
rows_x_log_support,1,monotone_constrained,0.9250070843446903,0.2764471740426822,0.2764471740426822,0.7011404791147867,0.0,0.0,0.0,0.0,0.0,0.21875,0.21875,0,0,0
rows_x_log_support,2,uniform,0.3882584245418847,0.8129160763845711,0.8129160763845711,-1.09375,0.0,0.0,0.0,0.0,0.0,0.08375,0.08375,0,0,0
rows_x_log_support,2,size_proportional,0.4647317673540422,0.8938708913270258,0.8938708913270258,-0.9234125018315276,0.0,0.0,0.0,0.0,0.0,0.97375,0.97375,0,0,0
rows_x_log_support,2,support_set,0.029886347088000913,0.0360399783201103,0.03550719281304347,-0.2059010829925083,0.014783180565054104,0.38446507083536885,0.1036036036036036,0.08344395645355036,0.9581632653061225,0.89125,0.9425,23,0,1
rows_x_log_support,2,compute_metered,0.2846913291164851,0.651026767636833,0.6487107161433403,-1.2867811592900922,0.003557536507907002,0.407914020517831,0.36036036036036034,0.13712952560541913,0.989459395847679,0.885,0.9275,80,0,1
rows_x_log_support,2,monopoly_per_asset,1.0,0.40624093890341234,0.41311946746518013,0.5937590610965877,-0.016932140272064675,0.2164142647777235,0.33783783783783783,0.1819430461814687,0.9715375746939982,0.4275,0.60125,75,0,0
rows_x_log_support,2,monotone_constrained,0.9620093795723812,0.3983007162794823,0.3983007162794823,0.5859700282168462,0.0,0.0,0.0,0.0,0.0,0.33875,0.33875,0,0,0
rows_x_log_support,3,uniform,0.42229057244266927,0.5679080112160035,0.5679080112160035,-0.3448275862068966,0.0,0.0,0.0,0.0,0.0,0.04875,0.04875,0,0,0
rows_x_log_support,3,size_proportional,0.512357750022988,0.6527392366596636,0.6527392366596636,-0.2739911451136967,0.0,0.0,0.0,0.0,0.0,0.99,0.99,0,0,0
rows_x_log_support,3,support_set,0.03548227552434309,0.03230979806882193,0.03170108135119242,0.0894102029432875,0.018840003776343716,0.38446507083536885,0.1036036036036036,0.08344395645355036,0.9581632653061225,0.79,0.80875,23,0,1
rows_x_log_support,3,compute_metered,0.18596460690781538,0.5372231215980086,0.5363333950452553,-1.8888460580260613,0.0016561583390279375,0.407914020517831,0.36036036036036034,0.1371295256054191,0.9894593958476788,0.84125,0.895,80,0,1
rows_x_log_support,3,monopoly_per_asset,1.0,0.3122848145262244,0.311278399017547,0.6877151854737755,0.0032227487916896575,0.2066438690766976,0.3333333333333333,0.2082203768328137,0.9565090519607568,0.41,0.625,74,0,1
rows_x_log_support,3,monotone_constrained,0.9370503925145497,0.27940758782018216,0.27940758782018216,0.7018222391749932,0.0,0.0,0.0,0.0,0.0,0.32875,0.32875,0,0,0
rows_x_log_support,4,uniform,0.6340975902254268,0.3233897710149677,0.3233897710149677,0.49,0.0,0.0,0.0,0.0,0.0,0.06375,0.06375,0,0,0
rows_x_log_support,4,size_proportional,0.6156126847827915,0.34598514378446465,0.34598514378446465,0.43798243223896594,0.0,0.0,0.0,0.0,0.0,0.9725,0.9725,0,0,0
rows_x_log_support,4,support_set,0.016803324785280137,0.016605221945497795,0.01643712526493535,0.011789502512972061,0.010123121576705104,0.38446507083536885,0.1036036036036036,0.08344395645355036,0.9581632653061225,0.81625,0.85625,23,0,1
rows_x_log_support,4,compute_metered,0.3004209545742941,0.2863222943440172,0.28530201337315897,0.0469296832181868,0.003563400374377747,0.407914020517831,0.36036036036036034,0.13712952560541913,0.989459395847679,0.83125,0.89,80,0,1
rows_x_log_support,4,monopoly_per_asset,1.0,0.2879365777670679,0.277752907103428,0.7120634222329321,0.03536775613092872,0.22227650219833903,0.35585585585585583,0.23176522694895174,0.961583148611705,0.41875,0.75375,79,0,0
rows_x_log_support,4,monotone_constrained,0.9747378454049273,0.27882307577271176,0.27882307577271176,0.7139507026559715,0.0,0.0,0.0,0.0,0.0,0.24875,0.24875,0,0,0
flat,0,uniform,0.6895372174983648,0.7071050446957754,0.7071050446957754,-0.02547770700636942,0.0,0.0,0.0,0.0,0.0,0.805,0.805,0,0,0
flat,0,size_proportional,0.07963133537993339,0.13523259685140482,0.13523259685140482,-0.6982334429805706,0.0,0.0,0.0,0.0,0.0,0.96125,0.96125,0,0,0
flat,0,support_set,0.0041530388425182925,0.0041151314039151845,0.0038627182491697797,0.009127638830394913,0.06133781159582303,0.38446507083536885,0.1036036036036036,0.08344395645355036,0.9581632653061225,1.0,1.0,23,0,1
flat,0,compute_metered,0.035821243329462744,0.048516731529960395,0.04798029244308024,-0.3544122710574842,0.01105678535968343,0.407914020517831,0.36036036036036034,0.1371295256054191,0.9894593958476788,0.9975,0.9975,80,0,1
flat,0,monopoly_per_asset,1.0,0.6298051066651447,0.6239549055759791,0.37019489333485533,0.009288907040056898,0.4211040547142159,0.35585585585585583,0.18251680298491882,0.8905246394183418,0.47,0.605,79,0,1
flat,0,monotone_constrained,0.6351403983091717,0.35296900158403827,0.35296900158403827,0.4442661771732852,0.0,0.0,0.0,0.0,0.0,0.1975,0.1975,0,0,0
flat,1,uniform,0.6876913237640637,0.6898270111049459,0.6898270111049459,-0.0031055900621117516,0.0,0.0,0.0,0.0,0.0,0.8075,0.8075,0,0,0
flat,1,size_proportional,0.043892127366892957,0.02431357110642181,0.02431357110642181,0.44606077296765745,0.0,0.0,0.0,0.0,0.0,0.9975,0.9975,0,0,0
flat,1,support_set,0.005722898185390474,0.007296122834650337,0.007159528319495338,-0.27489998918310676,0.01872152076528805,0.38446507083536885,0.1036036036036036,0.08344395645355036,0.9581632653061225,1.0,1.0,23,0,1
flat,1,compute_metered,0.038865612416185066,0.014455337400003283,0.014201852174040963,0.6280687090374124,0.01753575298507125,0.407914020517831,0.36036036036036034,0.1371295256054191,0.9894593958476788,1.0,1.0,80,0,1
flat,1,monopoly_per_asset,1.0,0.6134585101071037,0.6766729653750706,0.3865414898928963,-0.10304601570680023,0.44894968246213973,0.36936936936936937,0.19911722531470735,0.9149952834725463,0.4925,0.6425,82,0,1
flat,1,monotone_constrained,0.5700224046228445,0.4730800790898021,0.4730800790898021,0.17006757058467614,0.0,0.0,0.0,0.0,0.0,0.26125,0.26125,0,0,0
flat,2,uniform,0.6800646679028172,0.6591396011981151,0.6591396011981151,0.03076923076923077,0.0,0.0,0.0,0.0,0.0,0.7875,0.7875,0,0,0
flat,2,size_proportional,0.04107062784000956,0.07878430681343587,0.07878430681343587,-0.9182639992828885,0.0,0.0,0.0,0.0,0.0,0.9775,0.9775,0,0,0
flat,2,support_set,0.00514730647063988,0.004534962209517893,0.004296165174991355,0.11896401829088388,0.052656896241683036,0.38446507083536885,0.1036036036036036,0.08344395645355036,0.9581632653061225,1.0,1.0,23,0,1
flat,2,compute_metered,0.025462540371244548,0.059693563805140154,0.05915380986897954,-1.3443679591590758,0.009042079275456699,0.407914020517831,0.36036036036036034,0.1371295256054191,0.9894593958476788,0.98875,0.98875,80,0,1
flat,2,monopoly_per_asset,1.0,0.5530299030840902,0.5653272127370872,0.44697009691590983,-0.022236247234405364,0.4338055691255496,0.36036036036036034,0.1750928244695657,0.8911943880018779,0.40375,0.55125,80,0,0
flat,2,monotone_constrained,0.5902033443057151,0.3981765421135216,0.3981765421135216,0.32535702151617585,0.0,0.0,0.0,0.0,0.0,0.22375,0.22375,0,0,0
flat,3,uniform,0.6744648481192791,0.6713423256742824,0.6713423256742824,0.00462962962962965,0.0,0.0,0.0,0.0,0.0,0.80625,0.80625,0,0,0
flat,3,size_proportional,0.03710986238722727,0.050573825160856706,0.050573825160856706,-0.3628136001459157,0.0,0.0,0.0,0.0,0.0,0.99625,0.99625,0,0,0
flat,3,support_set,0.003019242033057983,0.00390447518140725,0.003802254497785876,-0.29319714638865,0.026180390160536648,0.38446507083536885,0.1036036036036036,0.08344395645355036,0.9581632653061225,0.9975,0.9975,23,0,1
flat,3,compute_metered,0.014428903773734054,0.04118697205504889,0.04089513470777819,-1.8544768681612824,0.007085671335116388,0.407914020517831,0.36036036036036034,0.1371295256054191,0.9894593958476788,0.99625,0.99625,80,0,1
flat,3,monopoly_per_asset,1.0,0.5306970236278262,0.5708766202683174,0.4693029763721738,-0.07571098923039911,0.48412310698583294,0.36486486486486486,0.2016263244404517,0.9626672824884839,0.385,0.655,81,0,1
flat,3,monotone_constrained,0.5678059959392228,0.39826707156217106,0.39826707156217106,0.29858600576524896,0.0,0.0,0.0,0.0,0.0,0.25625,0.25625,0,0,0
flat,4,uniform,0.6631533440458203,0.6642009796604266,0.6642009796604266,-0.0015797788309637184,0.0,0.0,0.0,0.0,0.0,0.7925,0.7925,0,0,0
flat,4,size_proportional,0.10205354916925038,0.06036844490722537,0.06036844490722537,0.40846305298890184,0.0,0.0,0.0,0.0,0.0,0.97875,0.97875,0,0,0
flat,4,support_set,0.0046243256112646755,0.004435804788135,0.004173751708591986,0.04076720347512852,0.05907678359605899,0.38446507083536885,0.1036036036036036,0.08344395645355036,0.9581632653061225,1.0,1.0,23,0,1
flat,4,compute_metered,0.05044342279612946,0.04959338218929761,0.04877977075731999,0.01685136653528352,0.01640564519015993,0.407914020517831,0.36036036036036034,0.13712952560541913,0.989459395847679,0.995,0.995,80,0,1
flat,4,monopoly_per_asset,1.0,0.5244815244407002,0.5229634641084941,0.4755184755592998,0.0028944019216401965,0.542256961406937,0.3783783783783784,0.2317012668155084,0.9623736199823769,0.41625,0.73,84,0,0
flat,4,monotone_constrained,0.3815544376675579,0.2216195558506764,0.2216195558506764,0.41916661432262037,0.0,0.0,0.0,0.0,0.0,0.13625,0.13625,0,0,0
