component,src,tgt,family
1,474,481,projection
1,474,9067,projection
1,475,474,rollup
1,475,476,projection
1,475,477,selection
1,475,480,rollup
1,475,481,rollup
1,475,8705,projection
1,475,8706,selection
1,475,8707,projection
1,475,8710,projection
1,475,8713,projection
1,475,8714,projection
1,475,8715,projection
1,475,8716,projection
1,475,8717,projection
1,475,8724,projection
1,475,8735,projection
1,475,8748,selection
1,475,8758,projection
1,475,8759,projection
1,475,8760,selection
1,475,8761,projection
1,475,8765,projection
1,475,8767,projection
1,475,8768,projection
1,475,8770,projection
1,475,9067,projection
1,475,9069,projection
1,476,477,selection
1,476,8705,projection
1,476,8706,selection
1,476,8707,projection
1,476,8710,projection
1,476,8713,projection
1,476,8714,projection
1,476,8715,projection
1,476,8716,projection
1,476,8717,projection
1,476,8724,projection
1,476,8735,projection
1,476,8758,projection
1,476,8759,projection
1,476,8760,selection
1,476,8761,projection
1,476,8765,projection
1,476,8767,projection
1,476,8768,projection
1,476,8770,projection
1,477,8706,projection
1,477,8760,projection
1,478,474,rollup
1,478,475,rollup
1,478,476,projection
1,478,477,selection
1,478,480,rollup
1,478,481,rollup
1,478,8705,projection
1,478,8706,selection
1,478,8707,projection
1,478,8710,projection
1,478,8713,projection
1,478,8714,projection
1,478,8715,projection
1,478,8716,projection
1,478,8717,projection
1,478,8724,projection
1,478,8735,projection
1,478,8758,projection
1,478,8759,projection
1,478,8760,selection
1,478,8761,projection
1,478,8762,projection
1,478,8765,projection
1,478,8767,projection
1,478,8768,projection
1,478,8770,projection
1,478,9067,projection
1,478,9069,rollup
1,479,474,rollup
1,479,475,rollup
1,479,476,projection
1,479,477,selection
1,479,480,rollup
1,479,481,rollup
1,479,8705,projection
1,479,8706,selection
1,479,8707,projection
1,479,8710,projection
1,479,8713,projection
1,479,8714,projection
1,479,8715,projection
1,479,8716,projection
1,479,8717,projection
1,479,8724,projection
1,479,8735,projection
1,479,8758,projection
1,479,8759,projection
1,479,8760,selection
1,479,8761,projection
1,479,8765,projection
1,479,8767,projection
1,479,8768,projection
1,479,8770,projection
1,479,9067,projection
1,479,9069,rollup
1,480,476,projection
1,480,477,selection
1,480,8705,projection
1,480,8706,selection
1,480,8707,projection
1,480,8710,projection
1,480,8713,projection
1,480,8714,projection
1,480,8715,projection
1,480,8716,projection
1,480,8717,projection
1,480,8724,projection
1,480,8735,projection
1,480,8758,projection
1,480,8759,projection
1,480,8760,selection
1,480,8761,projection
1,480,8765,projection
1,480,8767,projection
1,480,8768,projection
1,480,8770,projection
1,481,474,projection
1,481,9067,projection
1,8511,8923,projection
1,8511,8963,selection
1,8511,8964,selection
1,8511,8965,selection
1,8511,8966,selection
1,8511,8969,selection
1,8511,8970,selection
1,8511,8972,selection
1,8522,476,projection
1,8522,477,selection
1,8522,8705,projection
1,8522,8706,selection
1,8522,8707,projection
1,8522,8710,projection
1,8522,8713,projection
1,8522,8714,projection
1,8522,8715,projection
1,8522,8716,projection
1,8522,8717,projection
1,8522,8724,projection
1,8522,8735,projection
1,8522,8758,projection
1,8522,8759,projection
1,8522,8760,selection
1,8522,8761,projection
1,8522,8765,projection
1,8522,8767,projection
1,8522,8768,projection
1,8522,8770,projection
1,8534,477,projection
1,8534,8706,projection
1,8534,8760,projection
1,8534,8874,projection
1,8534,8875,projection
1,8534,8878,projection
1,8534,8879,projection
1,8547,476,projection
1,8547,477,selection
1,8547,8705,projection
1,8547,8706,selection
1,8547,8707,projection
1,8547,8710,projection
1,8547,8713,projection
1,8547,8714,projection
1,8547,8715,projection
1,8547,8716,projection
1,8547,8717,projection
1,8547,8724,projection
1,8547,8735,projection
1,8547,8758,projection
1,8547,8759,projection
1,8547,8760,selection
1,8547,8761,projection
1,8547,8765,projection
1,8547,8767,projection
1,8547,8768,projection
1,8547,8770,projection
1,8548,477,projection
1,8548,8550,projection
1,8548,8551,projection
1,8548,8706,projection
1,8548,8760,projection
1,8550,477,projection
1,8550,8548,projection
1,8550,8551,projection
1,8550,8706,projection
1,8550,8760,projection
1,8551,477,projection
1,8551,8548,projection
1,8551,8550,projection
1,8551,8706,projection
1,8551,8760,projection
1,8566,477,projection
1,8566,8706,projection
1,8566,8760,projection
1,8571,8572,projection
1,8571,8577,projection
1,8571,8600,projection
1,8572,8571,projection
1,8572,8577,projection
1,8572,8600,projection
1,8590,477,projection
1,8590,8706,projection
1,8590,8760,projection
1,8600,8571,projection
1,8600,8572,projection
1,8600,8577,projection
1,8608,8577,projection
1,8608,8658,projection
1,8638,477,projection
1,8638,8706,projection
1,8638,8760,projection
1,8638,9014,projection
1,8638,9016,projection
1,8640,8641,projection
1,8640,9018,projection
1,8640,9019,projection
1,8640,9020,projection
1,8640,9021,projection
1,8640,9022,projection
1,8640,9023,projection
1,8641,8640,projection
1,8641,9018,projection
1,8641,9019,projection
1,8641,9020,projection
1,8641,9021,projection
1,8641,9022,projection
1,8641,9023,projection
1,8645,477,projection
1,8645,8706,projection
1,8645,8760,projection
1,8646,477,projection
1,8646,8647,projection
1,8646,8706,projection
1,8646,8760,projection
1,8647,477,projection
1,8647,8646,projection
1,8647,8706,projection
1,8647,8760,projection
1,8648,477,projection
1,8648,8649,projection
1,8648,8706,projection
1,8648,8760,projection
1,8649,477,projection
1,8649,8648,projection
1,8649,8706,projection
1,8649,8760,projection
1,8650,477,projection
1,8650,8648,projection
1,8650,8649,projection
1,8650,8706,projection
1,8650,8760,projection
1,8651,477,projection
1,8651,8648,projection
1,8651,8649,projection
1,8651,8650,projection
1,8651,8652,projection
1,8651,8706,projection
1,8651,8760,projection
1,8652,477,projection
1,8652,8648,projection
1,8652,8649,projection
1,8652,8650,projection
1,8652,8651,projection
1,8652,8706,projection
1,8652,8760,projection
1,8653,477,projection
1,8653,8706,projection
1,8653,8760,projection
1,8657,8577,projection
1,8657,8608,projection
1,8657,8658,projection
1,8658,8577,projection
1,8659,8577,projection
1,8659,8658,projection
1,8660,8577,projection
1,8660,8658,projection
1,8673,477,projection
1,8673,8706,projection
1,8673,8760,projection
1,8676,476,projection
1,8676,477,selection
1,8676,8566,selection
1,8676,8677,projection
1,8676,8705,projection
1,8676,8706,selection
1,8676,8707,projection
1,8676,8708,projection
1,8676,8710,projection
1,8676,8713,projection
1,8676,8714,projection
1,8676,8715,projection
1,8676,8716,projection
1,8676,8717,projection
1,8676,8724,projection
1,8676,8735,projection
1,8676,8745,projection
1,8676,8746,projection
1,8676,8758,projection
1,8676,8759,projection
1,8676,8760,selection
1,8676,8761,projection
1,8676,8762,projection
1,8676,8765,projection
1,8676,8767,projection
1,8676,8768,projection
1,8676,8770,projection
1,8676,8938,selection
1,8676,8939,selection
1,8676,8960,projection
1,8676,9067,projection
1,8677,476,projection
1,8677,477,selection
1,8677,8566,selection
1,8677,8676,projection
1,8677,8705,projection
1,8677,8706,selection
1,8677,8707,projection
1,8677,8708,projection
1,8677,8710,projection
1,8677,8713,projection
1,8677,8714,projection
1,8677,8715,projection
1,8677,8716,projection
1,8677,8717,projection
1,8677,8724,projection
1,8677,8735,projection
1,8677,8745,projection
1,8677,8746,projection
1,8677,8758,projection
1,8677,8759,projection
1,8677,8760,selection
1,8677,8761,projection
1,8677,8762,projection
1,8677,8765,projection
1,8677,8767,projection
1,8677,8768,projection
1,8677,8770,projection
1,8677,8938,selection
1,8677,8939,selection
1,8677,8960,projection
1,8677,9067,projection
1,8678,477,projection
1,8678,8706,projection
1,8678,8760,projection
1,8679,477,projection
1,8679,8640,projection
1,8679,8641,projection
1,8679,8706,projection
1,8679,8760,projection
1,8679,9018,projection
1,8679,9019,projection
1,8679,9020,projection
1,8679,9021,projection
1,8679,9022,projection
1,8679,9023,projection
1,8680,477,projection
1,8680,8640,projection
1,8680,8641,projection
1,8680,8679,projection
1,8680,8706,projection
1,8680,8760,projection
1,8680,9018,projection
1,8680,9019,projection
1,8680,9020,projection
1,8680,9021,projection
1,8680,9022,projection
1,8680,9023,projection
1,8681,477,projection
1,8681,8706,projection
1,8681,8760,projection
1,8682,477,projection
1,8682,8706,projection
1,8682,8760,projection
1,8682,9067,projection
1,8683,477,projection
1,8683,8706,projection
1,8683,8760,projection
1,8684,477,projection
1,8684,8706,projection
1,8684,8760,projection
1,8685,477,projection
1,8685,8640,projection
1,8685,8641,projection
1,8685,8679,projection
1,8685,8680,projection
1,8685,8706,projection
1,8685,8760,projection
1,8685,9018,projection
1,8685,9019,projection
1,8685,9020,projection
1,8685,9021,projection
1,8685,9022,projection
1,8685,9023,projection
1,8686,477,projection
1,8686,8706,projection
1,8686,8760,projection
1,8687,477,projection
1,8687,8706,projection
1,8687,8760,projection
1,8688,477,projection
1,8688,8706,projection
1,8688,8760,projection
1,8689,477,projection
1,8689,8706,projection
1,8689,8760,projection
1,8690,477,projection
1,8690,8640,projection
1,8690,8641,projection
1,8690,8691,projection
1,8690,8706,projection
1,8690,8760,projection
1,8690,9018,projection
1,8690,9019,projection
1,8690,9020,projection
1,8690,9021,projection
1,8690,9022,projection
1,8690,9023,projection
1,8690,9025,projection
1,8691,477,projection
1,8691,8640,projection
1,8691,8641,projection
1,8691,8690,projection
1,8691,8706,projection
1,8691,8760,projection
1,8691,9018,projection
1,8691,9019,projection
1,8691,9020,projection
1,8691,9021,projection
1,8691,9022,projection
1,8691,9023,projection
1,8691,9025,projection
1,8694,477,projection
1,8694,8706,projection
1,8694,8760,projection
1,8695,477,projection
1,8695,8706,projection
1,8695,8760,projection
1,8696,477,projection
1,8696,8706,projection
1,8696,8760,projection
1,8697,477,projection
1,8697,8706,projection
1,8697,8760,projection
1,8698,8764,projection
1,8698,8769,projection
1,8699,8764,projection
1,8699,8769,projection
1,8703,8764,projection
1,8703,8769,projection
1,8705,476,projection
1,8705,477,selection
1,8705,8706,selection
1,8705,8707,projection
1,8705,8710,projection
1,8705,8713,projection
1,8705,8714,projection
1,8705,8715,projection
1,8705,8716,projection
1,8705,8717,projection
1,8705,8724,projection
1,8705,8735,projection
1,8705,8758,projection
1,8705,8759,projection
1,8705,8760,selection
1,8705,8761,projection
1,8705,8765,projection
1,8705,8767,projection
1,8705,8768,projection
1,8705,8770,projection
1,8706,477,projection
1,8706,8760,projection
1,8707,476,projection
1,8707,477,selection
1,8707,8705,projection
1,8707,8706,selection
1,8707,8710,projection
1,8707,8713,projection
1,8707,8714,projection
1,8707,8715,projection
1,8707,8716,projection
1,8707,8717,projection
1,8707,8724,projection
1,8707,8735,projection
1,8707,8758,projection
1,8707,8759,projection
1,8707,8760,selection
1,8707,8761,projection
1,8707,8765,projection
1,8707,8767,projection
1,8707,8768,projection
1,8707,8770,projection
1,8708,476,projection
1,8708,477,selection
1,8708,8705,projection
1,8708,8706,selection
1,8708,8707,projection
1,8708,8710,projection
1,8708,8713,projection
1,8708,8714,projection
1,8708,8715,projection
1,8708,8716,projection
1,8708,8717,projection
1,8708,8724,projection
1,8708,8735,projection
1,8708,8758,projection
1,8708,8759,projection
1,8708,8760,selection
1,8708,8761,projection
1,8708,8765,projection
1,8708,8767,projection
1,8708,8768,projection
1,8708,8770,projection
1,8709,476,projection
1,8709,477,selection
1,8709,8705,projection
1,8709,8706,selection
1,8709,8707,projection
1,8709,8710,projection
1,8709,8713,projection
1,8709,8714,projection
1,8709,8715,projection
1,8709,8716,projection
1,8709,8717,projection
1,8709,8724,projection
1,8709,8735,projection
1,8709,8758,projection
1,8709,8759,projection
1,8709,8760,selection
1,8709,8761,projection
1,8709,8765,projection
1,8709,8767,projection
1,8709,8768,projection
1,8709,8770,projection
1,8710,476,projection
1,8710,477,selection
1,8710,8705,projection
1,8710,8706,selection
1,8710,8707,projection
1,8710,8713,projection
1,8710,8714,projection
1,8710,8715,projection
1,8710,8716,projection
1,8710,8717,projection
1,8710,8724,projection
1,8710,8735,projection
1,8710,8758,projection
1,8710,8759,projection
1,8710,8760,selection
1,8710,8761,projection
1,8710,8765,projection
1,8710,8767,projection
1,8710,8768,projection
1,8710,8770,projection
1,8711,8764,projection
1,8711,8769,projection
1,8712,8764,projection
1,8712,8769,projection
1,8713,476,projection
1,8713,477,selection
1,8713,8705,projection
1,8713,8706,selection
1,8713,8707,projection
1,8713,8710,projection
1,8713,8714,projection
1,8713,8715,projection
1,8713,8716,projection
1,8713,8717,projection
1,8713,8724,projection
1,8713,8735,projection
1,8713,8758,projection
1,8713,8759,projection
1,8713,8760,selection
1,8713,8761,projection
1,8713,8765,projection
1,8713,8767,projection
1,8713,8768,projection
1,8713,8770,projection
1,8714,476,projection
1,8714,477,selection
1,8714,8705,projection
1,8714,8706,selection
1,8714,8707,projection
1,8714,8710,projection
1,8714,8713,projection
1,8714,8715,projection
1,8714,8716,projection
1,8714,8717,projection
1,8714,8724,projection
1,8714,8735,projection
1,8714,8758,projection
1,8714,8759,projection
1,8714,8760,selection
1,8714,8761,projection
1,8714,8765,projection
1,8714,8767,projection
1,8714,8768,projection
1,8714,8770,projection
1,8715,476,projection
1,8715,477,selection
1,8715,8705,projection
1,8715,8706,selection
1,8715,8707,projection
1,8715,8710,projection
1,8715,8713,projection
1,8715,8714,projection
1,8715,8716,projection
1,8715,8717,projection
1,8715,8724,projection
1,8715,8735,projection
1,8715,8758,projection
1,8715,8759,projection
1,8715,8760,selection
1,8715,8761,projection
1,8715,8765,projection
1,8715,8767,projection
1,8715,8768,projection
1,8715,8770,projection
1,8716,476,projection
1,8716,477,selection
1,8716,8705,projection
1,8716,8706,selection
1,8716,8707,projection
1,8716,8710,projection
1,8716,8713,projection
1,8716,8714,projection
1,8716,8715,projection
1,8716,8717,projection
1,8716,8724,projection
1,8716,8735,projection
1,8716,8758,projection
1,8716,8759,projection
1,8716,8760,selection
1,8716,8761,projection
1,8716,8765,projection
1,8716,8767,projection
1,8716,8768,projection
1,8716,8770,projection
1,8717,476,projection
1,8717,477,selection
1,8717,8705,projection
1,8717,8706,selection
1,8717,8707,projection
1,8717,8710,projection
1,8717,8713,projection
1,8717,8714,projection
1,8717,8715,projection
1,8717,8716,projection
1,8717,8724,projection
1,8717,8735,projection
1,8717,8758,projection
1,8717,8759,projection
1,8717,8760,selection
1,8717,8761,projection
1,8717,8765,projection
1,8717,8767,projection
1,8717,8768,projection
1,8717,8770,projection
1,8718,8764,projection
1,8718,8769,projection
1,8719,8718,projection
1,8719,8764,projection
1,8719,8769,projection
1,8720,8764,projection
1,8720,8769,projection
1,8721,8764,projection
1,8721,8769,projection
1,8723,8764,projection
1,8723,8769,projection
1,8724,476,projection
1,8724,477,selection
1,8724,8705,projection
1,8724,8706,selection
1,8724,8707,projection
1,8724,8710,projection
1,8724,8713,projection
1,8724,8714,projection
1,8724,8715,projection
1,8724,8716,projection
1,8724,8717,projection
1,8724,8735,projection
1,8724,8758,projection
1,8724,8759,projection
1,8724,8760,selection
1,8724,8761,projection
1,8724,8765,projection
1,8724,8767,projection
1,8724,8768,projection
1,8724,8770,projection
1,8726,477,projection
1,8726,8706,projection
1,8726,8760,projection
1,8730,476,projection
1,8730,477,selection
1,8730,8566,selection
1,8730,8705,projection
1,8730,8706,selection
1,8730,8707,projection
1,8730,8710,projection
1,8730,8713,projection
1,8730,8714,projection
1,8730,8715,projection
1,8730,8716,projection
1,8730,8717,projection
1,8730,8724,projection
1,8730,8735,projection
1,8730,8745,projection
1,8730,8746,projection
1,8730,8758,projection
1,8730,8759,projection
1,8730,8760,selection
1,8730,8761,projection
1,8730,8762,projection
1,8730,8765,projection
1,8730,8767,projection
1,8730,8768,projection
1,8730,8770,projection
1,8730,8938,selection
1,8730,8939,selection
1,8730,8960,projection
1,8730,9067,projection
1,8731,476,projection
1,8731,477,selection
1,8731,8566,selection
1,8731,8705,projection
1,8731,8706,selection
1,8731,8707,projection
1,8731,8710,projection
1,8731,8713,projection
1,8731,8714,projection
1,8731,8715,projection
1,8731,8716,projection
1,8731,8717,projection
1,8731,8724,projection
1,8731,8735,projection
1,8731,8745,projection
1,8731,8746,projection
1,8731,8758,projection
1,8731,8759,projection
1,8731,8760,selection
1,8731,8761,projection
1,8731,8762,projection
1,8731,8765,projection
1,8731,8767,projection
1,8731,8768,projection
1,8731,8770,projection
1,8731,8938,selection
1,8731,8939,selection
1,8731,8960,projection
1,8731,9067,projection
1,8735,476,projection
1,8735,477,selection
1,8735,8705,projection
1,8735,8706,selection
1,8735,8707,projection
1,8735,8710,projection
1,8735,8713,projection
1,8735,8714,projection
1,8735,8715,projection
1,8735,8716,projection
1,8735,8717,projection
1,8735,8724,projection
1,8735,8758,projection
1,8735,8759,projection
1,8735,8760,selection
1,8735,8761,projection
1,8735,8765,projection
1,8735,8767,projection
1,8735,8768,projection
1,8735,8770,projection
1,8736,8762,projection
1,8737,8739,projection
1,8739,8737,projection
1,8740,8728,projection
1,8740,8737,projection
1,8740,8739,projection
1,8740,8741,projection
1,8740,8742,projection
1,8740,8743,projection
1,8741,8728,projection
1,8741,8737,projection
1,8741,8739,projection
1,8741,8740,projection
1,8741,8742,projection
1,8741,8743,projection
1,8742,8728,projection
1,8742,8737,projection
1,8742,8739,projection
1,8742,8740,projection
1,8742,8741,projection
1,8742,8743,projection
1,8743,8728,projection
1,8743,8737,projection
1,8743,8739,projection
1,8743,8740,projection
1,8743,8741,projection
1,8743,8742,projection
1,8744,476,projection
1,8744,477,selection
1,8744,8705,projection
1,8744,8706,selection
1,8744,8707,projection
1,8744,8710,projection
1,8744,8713,projection
1,8744,8714,projection
1,8744,8715,projection
1,8744,8716,projection
1,8744,8717,projection
1,8744,8724,projection
1,8744,8735,projection
1,8744,8745,projection
1,8744,8758,projection
1,8744,8759,projection
1,8744,8760,selection
1,8744,8761,projection
1,8744,8765,projection
1,8744,8767,projection
1,8744,8768,projection
1,8744,8770,projection
1,8744,8960,projection
1,8745,476,projection
1,8745,477,selection
1,8745,8705,projection
1,8745,8706,selection
1,8745,8707,projection
1,8745,8710,projection
1,8745,8713,projection
1,8745,8714,projection
1,8745,8715,projection
1,8745,8716,projection
1,8745,8717,projection
1,8745,8724,projection
1,8745,8735,projection
1,8745,8758,projection
1,8745,8759,projection
1,8745,8760,selection
1,8745,8761,projection
1,8745,8765,projection
1,8745,8767,projection
1,8745,8768,projection
1,8745,8770,projection
1,8745,8960,projection
1,8746,476,projection
1,8746,477,selection
1,8746,8566,selection
1,8746,8705,projection
1,8746,8706,selection
1,8746,8707,projection
1,8746,8710,projection
1,8746,8713,projection
1,8746,8714,projection
1,8746,8715,projection
1,8746,8716,projection
1,8746,8717,projection
1,8746,8724,projection
1,8746,8735,projection
1,8746,8745,projection
1,8746,8758,projection
1,8746,8759,projection
1,8746,8760,selection
1,8746,8761,projection
1,8746,8762,projection
1,8746,8765,projection
1,8746,8767,projection
1,8746,8768,projection
1,8746,8770,projection
1,8746,8938,selection
1,8746,8939,selection
1,8746,8960,projection
1,8746,9067,projection
1,8752,477,projection
1,8752,8706,projection
1,8752,8760,projection
1,8753,476,projection
1,8753,477,selection
1,8753,480,rollup
1,8753,8705,projection
1,8753,8706,selection
1,8753,8707,projection
1,8753,8710,projection
1,8753,8713,projection
1,8753,8714,projection
1,8753,8715,projection
1,8753,8716,projection
1,8753,8717,projection
1,8753,8724,projection
1,8753,8735,projection
1,8753,8758,projection
1,8753,8759,projection
1,8753,8760,selection
1,8753,8761,projection
1,8753,8762,projection
1,8753,8765,projection
1,8753,8767,projection
1,8753,8768,projection
1,8753,8770,projection
1,8755,8756,projection
1,8756,8755,projection
1,8757,476,projection
1,8757,477,selection
1,8757,8705,projection
1,8757,8706,selection
1,8757,8707,projection
1,8757,8710,projection
1,8757,8713,projection
1,8757,8714,projection
1,8757,8715,projection
1,8757,8716,projection
1,8757,8717,projection
1,8757,8724,projection
1,8757,8735,projection
1,8757,8758,projection
1,8757,8759,projection
1,8757,8760,selection
1,8757,8761,projection
1,8757,8765,projection
1,8757,8767,projection
1,8757,8768,projection
1,8757,8770,projection
1,8758,476,projection
1,8758,477,selection
1,8758,8705,projection
1,8758,8706,selection
1,8758,8707,projection
1,8758,8710,projection
1,8758,8713,projection
1,8758,8714,projection
1,8758,8715,projection
1,8758,8716,projection
1,8758,8717,projection
1,8758,8724,projection
1,8758,8735,projection
1,8758,8759,projection
1,8758,8760,selection
1,8758,8761,projection
1,8758,8765,projection
1,8758,8767,projection
1,8758,8768,projection
1,8758,8770,projection
1,8759,476,projection
1,8759,477,selection
1,8759,8705,projection
1,8759,8706,selection
1,8759,8707,projection
1,8759,8710,projection
1,8759,8713,projection
1,8759,8714,projection
1,8759,8715,projection
1,8759,8716,projection
1,8759,8717,projection
1,8759,8724,projection
1,8759,8735,projection
1,8759,8758,projection
1,8759,8760,selection
1,8759,8761,projection
1,8759,8765,projection
1,8759,8767,projection
1,8759,8768,projection
1,8759,8770,projection
1,8760,477,projection
1,8760,8706,projection
1,8761,476,projection
1,8761,477,selection
1,8761,8705,projection
1,8761,8706,selection
1,8761,8707,projection
1,8761,8710,projection
1,8761,8713,projection
1,8761,8714,projection
1,8761,8715,projection
1,8761,8716,projection
1,8761,8717,projection
1,8761,8724,projection
1,8761,8735,projection
1,8761,8758,projection
1,8761,8759,projection
1,8761,8760,selection
1,8761,8765,projection
1,8761,8767,projection
1,8761,8768,projection
1,8761,8770,projection
1,8763,8764,projection
1,8763,8769,projection
1,8764,8769,projection
1,8765,476,projection
1,8765,477,selection
1,8765,8705,projection
1,8765,8706,selection
1,8765,8707,projection
1,8765,8710,projection
1,8765,8713,projection
1,8765,8714,projection
1,8765,8715,projection
1,8765,8716,projection
1,8765,8717,projection
1,8765,8724,projection
1,8765,8735,projection
1,8765,8758,projection
1,8765,8759,projection
1,8765,8760,selection
1,8765,8761,projection
1,8765,8767,projection
1,8765,8768,projection
1,8765,8770,projection
1,8766,477,selection
1,8766,8706,selection
1,8766,8760,selection
1,8767,476,projection
1,8767,477,selection
1,8767,8705,projection
1,8767,8706,selection
1,8767,8707,projection
1,8767,8710,projection
1,8767,8713,projection
1,8767,8714,projection
1,8767,8715,projection
1,8767,8716,projection
1,8767,8717,projection
1,8767,8724,projection
1,8767,8735,projection
1,8767,8758,projection
1,8767,8759,projection
1,8767,8760,selection
1,8767,8761,projection
1,8767,8765,projection
1,8767,8768,projection
1,8767,8770,projection
1,8768,476,projection
1,8768,477,selection
1,8768,8705,projection
1,8768,8706,selection
1,8768,8707,projection
1,8768,8710,projection
1,8768,8713,projection
1,8768,8714,projection
1,8768,8715,projection
1,8768,8716,projection
1,8768,8717,projection
1,8768,8724,projection
1,8768,8735,projection
1,8768,8758,projection
1,8768,8759,projection
1,8768,8760,selection
1,8768,8761,projection
1,8768,8765,projection
1,8768,8767,projection
1,8768,8770,projection
1,8769,8764,projection
1,8770,476,projection
1,8770,477,selection
1,8770,8705,projection
1,8770,8706,selection
1,8770,8707,projection
1,8770,8710,projection
1,8770,8713,projection
1,8770,8714,projection
1,8770,8715,projection
1,8770,8716,projection
1,8770,8717,projection
1,8770,8724,projection
1,8770,8735,projection
1,8770,8758,projection
1,8770,8759,projection
1,8770,8760,selection
1,8770,8761,projection
1,8770,8765,projection
1,8770,8767,projection
1,8770,8768,projection
1,8772,8764,projection
1,8772,8769,projection
1,8773,8764,projection
1,8773,8769,projection
1,8783,8577,projection
1,8783,8608,projection
1,8783,8658,projection
1,8786,8764,projection
1,8786,8769,projection
1,8787,8764,projection
1,8787,8769,projection
1,8793,8807,projection
1,8796,8807,projection
1,8806,8807,projection
1,8806,8844,projection
1,8844,8806,projection
1,8844,8807,projection
1,8865,476,projection
1,8865,477,selection
1,8865,8566,selection
1,8865,8705,projection
1,8865,8706,selection
1,8865,8707,projection
1,8865,8710,projection
1,8865,8713,projection
1,8865,8714,projection
1,8865,8715,projection
1,8865,8716,projection
1,8865,8717,projection
1,8865,8724,projection
1,8865,8735,projection
1,8865,8745,projection
1,8865,8746,projection
1,8865,8758,projection
1,8865,8759,projection
1,8865,8760,selection
1,8865,8761,projection
1,8865,8762,projection
1,8865,8765,projection
1,8865,8767,projection
1,8865,8768,projection
1,8865,8770,projection
1,8865,8866,projection
1,8865,8938,selection
1,8865,8939,selection
1,8865,8960,projection
1,8865,9067,projection
1,8866,476,projection
1,8866,477,selection
1,8866,8566,selection
1,8866,8705,projection
1,8866,8706,selection
1,8866,8707,projection
1,8866,8710,projection
1,8866,8713,projection
1,8866,8714,projection
1,8866,8715,projection
1,8866,8716,projection
1,8866,8717,projection
1,8866,8724,projection
1,8866,8735,projection
1,8866,8745,projection
1,8866,8746,projection
1,8866,8758,projection
1,8866,8759,projection
1,8866,8760,selection
1,8866,8761,projection
1,8866,8762,projection
1,8866,8765,projection
1,8866,8767,projection
1,8866,8768,projection
1,8866,8770,projection
1,8866,8865,projection
1,8866,8938,selection
1,8866,8939,selection
1,8866,8960,projection
1,8866,9067,projection
1,8874,477,projection
1,8874,8534,projection
1,8874,8706,projection
1,8874,8760,projection
1,8874,8875,projection
1,8874,8878,projection
1,8874,8879,projection
1,8875,477,projection
1,8875,8534,projection
1,8875,8706,projection
1,8875,8760,projection
1,8875,8874,projection
1,8875,8878,projection
1,8875,8879,projection
1,8878,477,projection
1,8878,8534,projection
1,8878,8706,projection
1,8878,8760,projection
1,8878,8874,projection
1,8878,8875,projection
1,8878,8879,projection
1,8879,477,projection
1,8879,8534,projection
1,8879,8706,projection
1,8879,8760,projection
1,8879,8874,projection
1,8879,8875,projection
1,8879,8878,projection
1,8881,8923,projection
1,8881,8963,selection
1,8881,8964,selection
1,8881,8965,selection
1,8881,8966,selection
1,8881,8969,selection
1,8881,8970,selection
1,8881,8972,selection
1,8882,8923,projection
1,8882,8963,selection
1,8882,8964,selection
1,8882,8965,selection
1,8882,8966,selection
1,8882,8969,selection
1,8882,8970,selection
1,8882,8972,selection
1,8886,8923,projection
1,8886,8963,selection
1,8886,8964,selection
1,8886,8965,selection
1,8886,8966,selection
1,8886,8969,selection
1,8886,8970,selection
1,8886,8972,selection
1,8923,8963,selection
1,8923,8964,selection
1,8923,8965,selection
1,8923,8966,selection
1,8923,8969,selection
1,8923,8970,selection
1,8923,8972,selection
1,8924,476,projection
1,8924,477,selection
1,8924,8705,projection
1,8924,8706,selection
1,8924,8707,projection
1,8924,8710,projection
1,8924,8713,projection
1,8924,8714,projection
1,8924,8715,projection
1,8924,8716,projection
1,8924,8717,projection
1,8924,8724,projection
1,8924,8735,projection
1,8924,8758,projection
1,8924,8759,projection
1,8924,8760,selection
1,8924,8761,projection
1,8924,8765,projection
1,8924,8767,projection
1,8924,8768,projection
1,8924,8770,projection
1,8924,8807,selection
1,8924,8969,selection
1,8924,8970,selection
1,8924,8972,selection
1,8938,8939,projection
1,8939,8938,projection
1,8950,476,projection
1,8950,477,selection
1,8950,8534,selection
1,8950,8566,selection
1,8950,8705,projection
1,8950,8706,selection
1,8950,8707,projection
1,8950,8710,projection
1,8950,8713,projection
1,8950,8714,projection
1,8950,8715,projection
1,8950,8716,projection
1,8950,8717,projection
1,8950,8724,projection
1,8950,8735,projection
1,8950,8745,projection
1,8950,8746,projection
1,8950,8758,projection
1,8950,8759,projection
1,8950,8760,selection
1,8950,8761,projection
1,8950,8762,projection
1,8950,8765,projection
1,8950,8767,projection
1,8950,8768,projection
1,8950,8770,projection
1,8950,8874,selection
1,8950,8875,selection
1,8950,8878,selection
1,8950,8879,selection
1,8950,8938,selection
1,8950,8939,selection
1,8950,8951,projection
1,8950,8952,projection
1,8950,8960,projection
1,8950,9067,projection
1,8951,476,projection
1,8951,477,selection
1,8951,8534,selection
1,8951,8566,selection
1,8951,8705,projection
1,8951,8706,selection
1,8951,8707,projection
1,8951,8710,projection
1,8951,8713,projection
1,8951,8714,projection
1,8951,8715,projection
1,8951,8716,projection
1,8951,8717,projection
1,8951,8724,projection
1,8951,8735,projection
1,8951,8745,projection
1,8951,8746,projection
1,8951,8758,projection
1,8951,8759,projection
1,8951,8760,selection
1,8951,8761,projection
1,8951,8762,projection
1,8951,8765,projection
1,8951,8767,projection
1,8951,8768,projection
1,8951,8770,projection
1,8951,8874,selection
1,8951,8875,selection
1,8951,8878,selection
1,8951,8879,selection
1,8951,8938,selection
1,8951,8939,selection
1,8951,8950,projection
1,8951,8952,projection
1,8951,8960,projection
1,8951,9067,projection
1,8952,476,projection
1,8952,477,selection
1,8952,8534,selection
1,8952,8566,selection
1,8952,8705,projection
1,8952,8706,selection
1,8952,8707,projection
1,8952,8710,projection
1,8952,8713,projection
1,8952,8714,projection
1,8952,8715,projection
1,8952,8716,projection
1,8952,8717,projection
1,8952,8724,projection
1,8952,8735,projection
1,8952,8745,projection
1,8952,8746,projection
1,8952,8758,projection
1,8952,8759,projection
1,8952,8760,selection
1,8952,8761,projection
1,8952,8762,projection
1,8952,8765,projection
1,8952,8767,projection
1,8952,8768,projection
1,8952,8770,projection
1,8952,8874,selection
1,8952,8875,selection
1,8952,8878,selection
1,8952,8879,selection
1,8952,8938,selection
1,8952,8939,selection
1,8952,8950,projection
1,8952,8951,projection
1,8952,8960,projection
1,8952,9067,projection
1,8954,8762,projection
1,8954,8953,rollup
1,8955,8762,projection
1,8956,476,projection
1,8956,477,selection
1,8956,8705,projection
1,8956,8706,selection
1,8956,8707,projection
1,8956,8710,projection
1,8956,8713,projection
1,8956,8714,projection
1,8956,8715,projection
1,8956,8716,projection
1,8956,8717,projection
1,8956,8724,projection
1,8956,8735,projection
1,8956,8758,projection
1,8956,8759,projection
1,8956,8760,selection
1,8956,8761,projection
1,8956,8762,projection
1,8956,8765,projection
1,8956,8767,projection
1,8956,8768,projection
1,8956,8770,projection
1,8957,476,projection
1,8957,477,selection
1,8957,8705,projection
1,8957,8706,selection
1,8957,8707,projection
1,8957,8709,projection
1,8957,8710,projection
1,8957,8713,projection
1,8957,8714,projection
1,8957,8715,projection
1,8957,8716,projection
1,8957,8717,projection
1,8957,8724,projection
1,8957,8735,projection
1,8957,8758,projection
1,8957,8759,projection
1,8957,8760,selection
1,8957,8761,projection
1,8957,8765,projection
1,8957,8767,projection
1,8957,8768,projection
1,8957,8770,projection
1,8958,477,projection
1,8958,8706,projection
1,8958,8760,projection
1,8959,476,projection
1,8959,477,selection
1,8959,8705,projection
1,8959,8706,selection
1,8959,8707,projection
1,8959,8710,projection
1,8959,8713,projection
1,8959,8714,projection
1,8959,8715,projection
1,8959,8716,projection
1,8959,8717,projection
1,8959,8724,projection
1,8959,8735,projection
1,8959,8758,projection
1,8959,8759,projection
1,8959,8760,selection
1,8959,8761,projection
1,8959,8765,projection
1,8959,8767,projection
1,8959,8768,projection
1,8959,8770,projection
1,8960,476,projection
1,8960,477,selection
1,8960,8705,projection
1,8960,8706,selection
1,8960,8707,projection
1,8960,8710,projection
1,8960,8713,projection
1,8960,8714,projection
1,8960,8715,projection
1,8960,8716,projection
1,8960,8717,projection
1,8960,8724,projection
1,8960,8735,projection
1,8960,8745,projection
1,8960,8758,projection
1,8960,8759,projection
1,8960,8760,selection
1,8960,8761,projection
1,8960,8765,projection
1,8960,8767,projection
1,8960,8768,projection
1,8960,8770,projection
1,8963,8964,selection
1,8963,8965,selection
1,8963,8966,selection
1,8963,8969,selection
1,8963,8970,selection
1,8963,8972,selection
1,8964,8965,selection
1,8964,8966,selection
1,8964,8969,selection
1,8964,8970,selection
1,8964,8972,selection
1,8965,8966,selection
1,8965,8969,selection
1,8965,8970,selection
1,8965,8972,selection
1,8966,8969,selection
1,8966,8970,selection
1,8966,8972,selection
1,8969,8970,selection
1,8969,8972,selection
1,8970,8972,projection
1,8972,8970,projection
1,8994,476,projection
1,8994,477,selection
1,8994,8566,selection
1,8994,8705,projection
1,8994,8706,selection
1,8994,8707,projection
1,8994,8710,projection
1,8994,8713,projection
1,8994,8714,projection
1,8994,8715,projection
1,8994,8716,projection
1,8994,8717,projection
1,8994,8724,projection
1,8994,8735,projection
1,8994,8745,projection
1,8994,8758,projection
1,8994,8759,projection
1,8994,8760,selection
1,8994,8761,projection
1,8994,8762,projection
1,8994,8765,projection
1,8994,8767,projection
1,8994,8768,projection
1,8994,8770,projection
1,8994,8938,selection
1,8994,8939,selection
1,8994,8960,projection
1,8994,9067,projection
1,9014,477,projection
1,9014,8706,projection
1,9014,8760,projection
1,9014,9016,projection
1,9016,477,projection
1,9016,8706,projection
1,9016,8760,projection
1,9016,9014,projection
1,9018,8640,projection
1,9018,8641,projection
1,9018,9019,projection
1,9018,9020,projection
1,9018,9021,projection
1,9018,9022,projection
1,9018,9023,projection
1,9019,8640,projection
1,9019,8641,projection
1,9019,9018,projection
1,9019,9020,projection
1,9019,9021,projection
1,9019,9022,projection
1,9019,9023,projection
1,9020,8640,projection
1,9020,8641,projection
1,9020,9018,projection
1,9020,9019,projection
1,9020,9021,projection
1,9020,9022,projection
1,9020,9023,projection
1,9021,8640,projection
1,9021,8641,projection
1,9021,9018,projection
1,9021,9019,projection
1,9021,9020,projection
1,9021,9022,projection
1,9021,9023,projection
1,9022,8640,projection
1,9022,8641,projection
1,9022,9018,projection
1,9022,9019,projection
1,9022,9020,projection
1,9022,9021,projection
1,9022,9023,projection
1,9023,8640,projection
1,9023,8641,projection
1,9023,9018,projection
1,9023,9019,projection
1,9023,9020,projection
1,9023,9021,projection
1,9023,9022,projection
1,9024,476,projection
1,9024,477,selection
1,9024,8566,selection
1,9024,8705,projection
1,9024,8706,selection
1,9024,8707,projection
1,9024,8710,projection
1,9024,8713,projection
1,9024,8714,projection
1,9024,8715,projection
1,9024,8716,projection
1,9024,8717,projection
1,9024,8724,projection
1,9024,8735,projection
1,9024,8745,projection
1,9024,8746,projection
1,9024,8758,projection
1,9024,8759,projection
1,9024,8760,selection
1,9024,8761,projection
1,9024,8762,projection
1,9024,8765,projection
1,9024,8767,projection
1,9024,8768,projection
1,9024,8770,projection
1,9024,8938,selection
1,9024,8939,selection
1,9024,8960,projection
1,9024,9054,projection
1,9024,9055,projection
1,9024,9056,projection
1,9024,9057,projection
1,9024,9058,projection
1,9024,9059,projection
1,9024,9060,projection
1,9024,9061,projection
1,9024,9062,projection
1,9024,9067,projection
1,9025,477,projection
1,9025,8640,projection
1,9025,8641,projection
1,9025,8690,projection
1,9025,8691,projection
1,9025,8706,projection
1,9025,8760,projection
1,9025,9018,projection
1,9025,9019,projection
1,9025,9020,projection
1,9025,9021,projection
1,9025,9022,projection
1,9025,9023,projection
1,9026,477,projection
1,9026,8640,projection
1,9026,8641,projection
1,9026,8706,projection
1,9026,8760,projection
1,9026,9018,projection
1,9026,9019,projection
1,9026,9020,projection
1,9026,9021,projection
1,9026,9022,projection
1,9026,9023,projection
1,9030,9065,projection
1,9030,9067,projection
1,9031,476,projection
1,9031,477,selection
1,9031,8705,projection
1,9031,8706,selection
1,9031,8707,projection
1,9031,8710,projection
1,9031,8713,projection
1,9031,8714,projection
1,9031,8715,projection
1,9031,8716,projection
1,9031,8717,projection
1,9031,8724,projection
1,9031,8735,projection
1,9031,8758,projection
1,9031,8759,projection
1,9031,8760,selection
1,9031,8761,projection
1,9031,8765,projection
1,9031,8767,projection
1,9031,8768,projection
1,9031,8770,projection
1,9031,9030,rollup
1,9031,9065,rollup
1,9031,9066,projection
1,9031,9067,projection
1,9054,476,projection
1,9054,477,selection
1,9054,8566,selection
1,9054,8705,projection
1,9054,8706,selection
1,9054,8707,projection
1,9054,8710,projection
1,9054,8713,projection
1,9054,8714,projection
1,9054,8715,projection
1,9054,8716,projection
1,9054,8717,projection
1,9054,8724,projection
1,9054,8735,projection
1,9054,8745,projection
1,9054,8746,projection
1,9054,8758,projection
1,9054,8759,projection
1,9054,8760,selection
1,9054,8761,projection
1,9054,8762,projection
1,9054,8765,projection
1,9054,8767,projection
1,9054,8768,projection
1,9054,8770,projection
1,9054,8938,selection
1,9054,8939,selection
1,9054,8960,projection
1,9054,9024,projection
1,9054,9055,projection
1,9054,9056,projection
1,9054,9057,projection
1,9054,9058,projection
1,9054,9059,projection
1,9054,9060,projection
1,9054,9061,projection
1,9054,9062,projection
1,9054,9067,projection
1,9055,476,projection
1,9055,477,selection
1,9055,8566,selection
1,9055,8705,projection
1,9055,8706,selection
1,9055,8707,projection
1,9055,8710,projection
1,9055,8713,projection
1,9055,8714,projection
1,9055,8715,projection
1,9055,8716,projection
1,9055,8717,projection
1,9055,8724,projection
1,9055,8735,projection
1,9055,8745,projection
1,9055,8746,projection
1,9055,8758,projection
1,9055,8759,projection
1,9055,8760,selection
1,9055,8761,projection
1,9055,8762,projection
1,9055,8765,projection
1,9055,8767,projection
1,9055,8768,projection
1,9055,8770,projection
1,9055,8938,selection
1,9055,8939,selection
1,9055,8960,projection
1,9055,9024,projection
1,9055,9054,projection
1,9055,9056,projection
1,9055,9057,projection
1,9055,9058,projection
1,9055,9059,projection
1,9055,9060,projection
1,9055,9061,projection
1,9055,9062,projection
1,9055,9067,projection
1,9056,476,projection
1,9056,477,selection
1,9056,8566,selection
1,9056,8705,projection
1,9056,8706,selection
1,9056,8707,projection
1,9056,8710,projection
1,9056,8713,projection
1,9056,8714,projection
1,9056,8715,projection
1,9056,8716,projection
1,9056,8717,projection
1,9056,8724,projection
1,9056,8735,projection
1,9056,8745,projection
1,9056,8746,projection
1,9056,8758,projection
1,9056,8759,projection
1,9056,8760,selection
1,9056,8761,projection
1,9056,8762,projection
1,9056,8765,projection
1,9056,8767,projection
1,9056,8768,projection
1,9056,8770,projection
1,9056,8938,selection
1,9056,8939,selection
1,9056,8960,projection
1,9056,9024,projection
1,9056,9054,projection
1,9056,9055,projection
1,9056,9057,projection
1,9056,9058,projection
1,9056,9059,projection
1,9056,9060,projection
1,9056,9061,projection
1,9056,9062,projection
1,9056,9067,projection
1,9057,476,projection
1,9057,477,selection
1,9057,8566,selection
1,9057,8705,projection
1,9057,8706,selection
1,9057,8707,projection
1,9057,8710,projection
1,9057,8713,projection
1,9057,8714,projection
1,9057,8715,projection
1,9057,8716,projection
1,9057,8717,projection
1,9057,8724,projection
1,9057,8735,projection
1,9057,8745,projection
1,9057,8746,projection
1,9057,8758,projection
1,9057,8759,projection
1,9057,8760,selection
1,9057,8761,projection
1,9057,8762,projection
1,9057,8765,projection
1,9057,8767,projection
1,9057,8768,projection
1,9057,8770,projection
1,9057,8938,selection
1,9057,8939,selection
1,9057,8960,projection
1,9057,9024,projection
1,9057,9054,projection
1,9057,9055,projection
1,9057,9056,projection
1,9057,9058,projection
1,9057,9059,projection
1,9057,9060,projection
1,9057,9061,projection
1,9057,9062,projection
1,9057,9067,projection
1,9058,476,projection
1,9058,477,selection
1,9058,8566,selection
1,9058,8705,projection
1,9058,8706,selection
1,9058,8707,projection
1,9058,8710,projection
1,9058,8713,projection
1,9058,8714,projection
1,9058,8715,projection
1,9058,8716,projection
1,9058,8717,projection
1,9058,8724,projection
1,9058,8735,projection
1,9058,8745,projection
1,9058,8746,projection
1,9058,8758,projection
1,9058,8759,projection
1,9058,8760,selection
1,9058,8761,projection
1,9058,8762,projection
1,9058,8765,projection
1,9058,8767,projection
1,9058,8768,projection
1,9058,8770,projection
1,9058,8938,selection
1,9058,8939,selection
1,9058,8960,projection
1,9058,9024,projection
1,9058,9054,projection
1,9058,9055,projection
1,9058,9056,projection
1,9058,9057,projection
1,9058,9059,projection
1,9058,9060,projection
1,9058,9061,projection
1,9058,9062,projection
1,9058,9067,projection
1,9059,476,projection
1,9059,477,selection
1,9059,8566,selection
1,9059,8705,projection
1,9059,8706,selection
1,9059,8707,projection
1,9059,8710,projection
1,9059,8713,projection
1,9059,8714,projection
1,9059,8715,projection
1,9059,8716,projection
1,9059,8717,projection
1,9059,8724,projection
1,9059,8735,projection
1,9059,8745,projection
1,9059,8746,projection
1,9059,8758,projection
1,9059,8759,projection
1,9059,8760,selection
1,9059,8761,projection
1,9059,8762,projection
1,9059,8765,projection
1,9059,8767,projection
1,9059,8768,projection
1,9059,8770,projection
1,9059,8938,selection
1,9059,8939,selection
1,9059,8960,projection
1,9059,9024,projection
1,9059,9054,projection
1,9059,9055,projection
1,9059,9056,projection
1,9059,9057,projection
1,9059,9058,projection
1,9059,9060,projection
1,9059,9061,projection
1,9059,9062,projection
1,9059,9067,projection
1,9060,476,projection
1,9060,477,selection
1,9060,8566,selection
1,9060,8705,projection
1,9060,8706,selection
1,9060,8707,projection
1,9060,8710,projection
1,9060,8713,projection
1,9060,8714,projection
1,9060,8715,projection
1,9060,8716,projection
1,9060,8717,projection
1,9060,8724,projection
1,9060,8735,projection
1,9060,8745,projection
1,9060,8746,projection
1,9060,8758,projection
1,9060,8759,projection
1,9060,8760,selection
1,9060,8761,projection
1,9060,8762,projection
1,9060,8765,projection
1,9060,8767,projection
1,9060,8768,projection
1,9060,8770,projection
1,9060,8938,selection
1,9060,8939,selection
1,9060,8960,projection
1,9060,9024,projection
1,9060,9054,projection
1,9060,9055,projection
1,9060,9056,projection
1,9060,9057,projection
1,9060,9058,projection
1,9060,9059,projection
1,9060,9061,projection
1,9060,9062,projection
1,9060,9067,projection
1,9061,476,projection
1,9061,477,selection
1,9061,8566,selection
1,9061,8705,projection
1,9061,8706,selection
1,9061,8707,projection
1,9061,8710,projection
1,9061,8713,projection
1,9061,8714,projection
1,9061,8715,projection
1,9061,8716,projection
1,9061,8717,projection
1,9061,8724,projection
1,9061,8735,projection
1,9061,8745,projection
1,9061,8746,projection
1,9061,8758,projection
1,9061,8759,projection
1,9061,8760,selection
1,9061,8761,projection
1,9061,8762,projection
1,9061,8765,projection
1,9061,8767,projection
1,9061,8768,projection
1,9061,8770,projection
1,9061,8938,selection
1,9061,8939,selection
1,9061,8960,projection
1,9061,9024,projection
1,9061,9054,projection
1,9061,9055,projection
1,9061,9056,projection
1,9061,9057,projection
1,9061,9058,projection
1,9061,9059,projection
1,9061,9060,projection
1,9061,9062,projection
1,9061,9067,projection
1,9062,476,projection
1,9062,477,selection
1,9062,8566,selection
1,9062,8705,projection
1,9062,8706,selection
1,9062,8707,projection
1,9062,8710,projection
1,9062,8713,projection
1,9062,8714,projection
1,9062,8715,projection
1,9062,8716,projection
1,9062,8717,projection
1,9062,8724,projection
1,9062,8735,projection
1,9062,8745,projection
1,9062,8746,projection
1,9062,8758,projection
1,9062,8759,projection
1,9062,8760,selection
1,9062,8761,projection
1,9062,8762,projection
1,9062,8765,projection
1,9062,8767,projection
1,9062,8768,projection
1,9062,8770,projection
1,9062,8938,selection
1,9062,8939,selection
1,9062,8960,projection
1,9062,9024,projection
1,9062,9054,projection
1,9062,9055,projection
1,9062,9056,projection
1,9062,9057,projection
1,9062,9058,projection
1,9062,9059,projection
1,9062,9060,projection
1,9062,9061,projection
1,9062,9067,projection
1,9065,9030,projection
1,9065,9067,projection
1,9066,476,projection
1,9066,477,selection
1,9066,8705,projection
1,9066,8706,selection
1,9066,8707,projection
1,9066,8710,projection
1,9066,8713,projection
1,9066,8714,projection
1,9066,8715,projection
1,9066,8716,projection
1,9066,8717,projection
1,9066,8724,projection
1,9066,8735,projection
1,9066,8758,projection
1,9066,8759,projection
1,9066,8760,selection
1,9066,8761,projection
1,9066,8765,projection
1,9066,8767,projection
1,9066,8768,projection
1,9066,8770,projection
1,9066,9030,rollup
1,9066,9031,projection
1,9066,9065,rollup
1,9066,9067,projection
1,9068,476,projection
1,9068,477,selection
1,9068,8705,projection
1,9068,8706,selection
1,9068,8707,projection
1,9068,8710,projection
1,9068,8713,projection
1,9068,8714,projection
1,9068,8715,projection
1,9068,8716,projection
1,9068,8717,projection
1,9068,8724,projection
1,9068,8735,projection
1,9068,8758,projection
1,9068,8759,projection
1,9068,8760,selection
1,9068,8761,projection
1,9068,8765,projection
1,9068,8767,projection
1,9068,8768,projection
1,9068,8770,projection
1,9069,474,rollup
1,9069,475,projection
1,9069,476,projection
1,9069,477,selection
1,9069,480,rollup
1,9069,481,rollup
1,9069,8705,projection
1,9069,8706,selection
1,9069,8707,projection
1,9069,8710,projection
1,9069,8713,projection
1,9069,8714,projection
1,9069,8715,projection
1,9069,8716,projection
1,9069,8717,projection
1,9069,8724,projection
1,9069,8735,projection
1,9069,8748,selection
1,9069,8758,projection
1,9069,8759,projection
1,9069,8760,selection
1,9069,8761,projection
1,9069,8765,projection
1,9069,8767,projection
1,9069,8768,projection
1,9069,8770,projection
1,9069,9067,projection
2,4456,4237,projection
2,4456,4464,projection
2,4464,4237,projection
2,4464,4456,projection
2,4776,4783,projection
2,4777,4783,projection
2,4778,4783,projection
2,4780,4781,projection
2,4781,4780,projection
2,4782,4780,projection
2,4782,4781,projection
2,4782,4783,projection
2,4786,4783,selection
2,7809,7810,projection
2,7809,7811,projection
2,7810,7809,projection
2,7810,7811,projection
2,7811,7809,projection
2,7811,7810,projection
3,4930,4931,projection
3,4930,4932,selection
3,4930,4933,selection
3,4930,4934,selection
3,4930,4935,selection
3,4930,4936,selection
3,4930,4937,selection
3,4930,4938,selection
3,4930,4939,selection
3,4930,4940,selection
3,4930,4941,selection
3,4930,4942,selection
3,4930,5068,projection
3,4930,5069,selection
3,4930,5070,selection
3,4931,4930,projection
3,4931,4932,selection
3,4931,4933,selection
3,4931,4934,selection
3,4931,4935,selection
3,4931,4936,selection
3,4931,4937,selection
3,4931,4938,selection
3,4931,4939,selection
3,4931,4940,selection
3,4931,4941,selection
3,4931,4942,selection
3,4931,5068,projection
3,4931,5069,selection
3,4931,5070,selection
3,4932,4935,selection
3,4933,4934,selection
3,4933,4935,selection
3,4933,4936,selection
3,4933,4937,selection
3,4933,4938,selection
3,4933,4939,selection
3,4933,4940,selection
3,4933,4941,selection
3,4933,4942,selection
3,4933,5069,selection
3,4933,5070,selection
3,4934,4935,selection
3,4934,4936,selection
3,4934,4937,selection
3,4934,4938,selection
3,4934,4939,selection
3,4934,4940,selection
3,4934,4941,selection
3,4934,4942,selection
3,4934,5069,selection
3,4934,5070,selection
3,4936,4937,selection
3,4936,4938,selection
3,4936,4939,selection
3,4936,4940,selection
3,4936,4941,selection
3,4936,4942,selection
3,4937,4938,projection
3,4937,4939,selection
3,4937,4940,selection
3,4938,4937,projection
3,4938,4939,selection
3,4938,4940,selection
3,4940,4939,selection
3,4941,4942,selection
3,4943,4945,projection
3,4943,4948,projection
3,4943,5039,selection
3,4943,5045,selection
3,4943,5077,selection
3,4945,4943,projection
3,4945,4948,projection
3,4945,5039,selection
3,4945,5045,selection
3,4945,5077,selection
3,4948,4943,projection
3,4948,4945,projection
3,4948,5039,selection
3,4948,5045,selection
3,4948,5077,selection
3,4949,4950,projection
3,4949,4951,projection
3,4949,4953,selection
3,4949,5032,selection
3,4949,5038,selection
3,4949,5039,selection
3,4949,5040,selection
3,4950,4949,projection
3,4950,4951,projection
3,4950,4953,selection
3,4950,5032,selection
3,4950,5038,selection
3,4950,5039,selection
3,4950,5040,selection
3,4951,4949,projection
3,4951,4950,projection
3,4951,4953,selection
3,4951,5032,selection
3,4951,5038,selection
3,4951,5039,selection
3,4951,5040,selection
3,4952,5034,selection
3,4952,5035,selection
3,5005,5004,projection
3,5005,5007,selection
3,5005,5008,selection
3,5007,5008,selection
3,5027,4949,selection
3,5027,4950,selection
3,5027,4951,selection
3,5027,4953,selection
3,5027,5030,projection
3,5027,5032,selection
3,5027,5037,selection
3,5027,5038,selection
3,5027,5039,selection
3,5027,5040,selection
3,5027,5043,selection
3,5027,5044,selection
3,5027,5045,selection
3,5027,5077,selection
3,5028,5045,selection
3,5028,5077,selection
3,5029,5045,selection
3,5029,5077,selection
3,5030,4949,selection
3,5030,4950,selection
3,5030,4951,selection
3,5030,4953,selection
3,5030,5027,projection
3,5030,5032,selection
3,5030,5037,selection
3,5030,5038,selection
3,5030,5039,selection
3,5030,5040,selection
3,5030,5043,selection
3,5030,5044,selection
3,5030,5045,selection
3,5030,5077,selection
3,5031,4949,selection
3,5031,4950,selection
3,5031,4951,selection
3,5031,4952,selection
3,5031,4953,selection
3,5031,5032,selection
3,5031,5034,selection
3,5031,5035,selection
3,5031,5037,selection
3,5031,5038,selection
3,5031,5039,selection
3,5031,5040,selection
3,5032,5038,projection
3,5032,5039,projection
3,5032,5040,projection
3,5035,5034,selection
3,5037,5032,selection
3,5037,5038,selection
3,5037,5039,selection
3,5037,5040,selection
3,5038,5032,projection
3,5038,5039,projection
3,5038,5040,projection
3,5040,5032,projection
3,5040,5038,projection
3,5040,5039,projection
3,5043,5044,selection
3,5043,5045,selection
3,5044,5045,projection
3,5046,4930,projection
3,5046,4931,projection
3,5046,4932,selection
3,5046,4933,selection
3,5046,4934,selection
3,5046,4935,selection
3,5046,4936,selection
3,5046,4937,selection
3,5046,4938,selection
3,5046,4939,selection
3,5046,4940,selection
3,5046,4941,selection
3,5046,4942,selection
3,5046,5047,selection
3,5046,5058,selection
3,5046,5068,projection
3,5046,5069,selection
3,5046,5070,selection
3,5059,5045,selection
3,5059,5077,selection
3,5060,5045,selection
3,5060,5077,selection
3,5068,4930,projection
3,5068,4931,projection
3,5068,4932,selection
3,5068,4933,selection
3,5068,4934,selection
3,5068,4935,selection
3,5068,4936,selection
3,5068,4937,selection
3,5068,4938,selection
3,5068,4939,selection
3,5068,4940,selection
3,5068,4941,selection
3,5068,4942,selection
3,5068,5069,selection
3,5068,5070,selection
3,5069,4936,selection
3,5069,4937,selection
3,5069,4938,selection
3,5069,4939,selection
3,5069,4940,selection
3,5069,4941,selection
3,5069,4942,selection
3,5069,5070,selection
3,5071,5004,projection
3,5071,5006,selection
3,5071,5072,projection
3,5072,5004,projection
3,5072,5006,selection
3,5072,5071,projection
3,5074,4949,selection
3,5074,4950,selection
3,5074,4951,selection
3,5074,4952,selection
3,5074,4953,selection
3,5074,5027,selection
3,5074,5030,selection
3,5074,5031,selection
3,5074,5032,selection
3,5074,5034,selection
3,5074,5035,selection
3,5074,5037,selection
3,5074,5038,selection
3,5074,5039,selection
3,5074,5040,selection
3,5074,5043,selection
3,5074,5044,selection
3,5074,5045,selection
3,5074,5075,selection
3,5074,5077,selection
3,5074,5079,selection
3,5074,5080,selection
3,5075,5034,selection
3,5075,5035,selection
3,5079,5032,selection
3,5079,5037,selection
3,5079,5038,selection
3,5079,5039,selection
3,5079,5040,selection
3,5079,5077,projection
3,5112,5113,selection
3,5112,5114,selection
3,5112,5116,projection
3,5112,5117,projection
3,5112,5118,selection
3,5113,5114,selection
3,5115,5116,projection
3,5117,5112,projection
3,5117,5113,selection
3,5117,5114,selection
3,5117,5116,projection
3,5117,5118,selection
3,5118,5114,selection
3,5120,5119,projection
3,5121,5119,projection
3,5121,5120,projection
3,5122,5119,projection
3,5122,5120,projection
3,5122,5121,projection
3,5122,5123,projection
3,5122,5127,projection
3,5123,5119,projection
3,5123,5120,projection
3,5123,5121,projection
3,5123,5122,projection
3,5123,5127,projection
3,5127,5119,projection
3,5127,5120,projection
3,5127,5121,projection
3,5127,5122,projection
3,5127,5123,projection
3,5790,5119,projection
3,5790,5120,projection
3,5790,5121,projection
4,2404,2405,projection
4,2405,2404,projection
4,9259,9256,projection
4,9259,9260,projection
4,9259,9261,projection
4,9259,9480,projection
4,9260,9256,projection
4,9260,9259,projection
4,9260,9261,projection
4,9260,9480,projection
4,9261,9256,projection
4,9261,9259,projection
4,9261,9260,projection
4,9261,9480,projection
4,9284,9285,projection
4,9284,9315,selection
4,9284,9316,selection
4,9284,9320,projection
4,9284,9321,projection
4,9284,9322,projection
4,9285,9284,projection
4,9285,9315,selection
4,9285,9316,selection
4,9285,9320,projection
4,9285,9321,projection
4,9285,9322,projection
4,9286,9302,selection
4,9286,9304,selection
4,9286,9305,projection
4,9286,9317,projection
4,9286,9318,selection
4,9287,9288,projection
4,9287,9405,projection
4,9288,9287,projection
4,9288,9405,projection
4,9289,9290,projection
4,9289,9291,projection
4,9290,9289,projection
4,9290,9291,projection
4,9291,9289,projection
4,9291,9290,projection
4,9292,9289,selection
4,9292,9290,selection
4,9292,9291,selection
4,9292,9293,projection
4,9292,9294,projection
4,9292,9295,projection
4,9292,9296,projection
4,9292,9297,projection
4,9293,9289,selection
4,9293,9290,selection
4,9293,9291,selection
4,9293,9292,projection
4,9293,9294,projection
4,9293,9295,projection
4,9293,9296,projection
4,9293,9297,projection
4,9294,9289,selection
4,9294,9290,selection
4,9294,9291,selection
4,9294,9292,projection
4,9294,9293,projection
4,9294,9295,projection
4,9294,9296,projection
4,9294,9297,projection
4,9295,9289,selection
4,9295,9290,selection
4,9295,9291,selection
4,9295,9292,projection
4,9295,9293,projection
4,9295,9294,projection
4,9295,9296,projection
4,9295,9297,projection
4,9296,9289,selection
4,9296,9290,selection
4,9296,9291,selection
4,9296,9292,projection
4,9296,9293,projection
4,9296,9294,projection
4,9296,9295,projection
4,9296,9297,projection
4,9297,9289,selection
4,9297,9290,selection
4,9297,9291,selection
4,9297,9292,projection
4,9297,9293,projection
4,9297,9294,projection
4,9297,9295,projection
4,9297,9296,projection
4,9302,9304,projection
4,9302,9318,projection
4,9304,9302,projection
4,9304,9318,projection
4,9305,9286,projection
4,9305,9302,selection
4,9305,9304,selection
4,9305,9317,projection
4,9305,9318,selection
4,9306,9307,projection
4,9306,9308,projection
4,9306,9313,selection
4,9306,9314,selection
4,9307,9306,projection
4,9307,9308,projection
4,9307,9313,selection
4,9307,9314,selection
4,9308,9306,projection
4,9308,9307,projection
4,9308,9313,selection
4,9308,9314,selection
4,9317,9286,projection
4,9317,9302,selection
4,9317,9304,selection
4,9317,9305,projection
4,9317,9318,selection
4,9318,9302,projection
4,9318,9304,projection
4,9320,9315,selection
4,9320,9321,projection
4,9320,9322,projection
4,9321,9315,selection
4,9321,9320,projection
4,9321,9322,projection
4,9322,9315,selection
4,9322,9320,projection
4,9322,9321,projection
4,9325,9314,projection
4,9325,9315,projection
4,9325,9316,projection
4,9326,9284,projection
4,9326,9285,projection
4,9326,9306,projection
4,9326,9307,projection
4,9326,9308,projection
4,9326,9313,selection
4,9326,9314,selection
4,9326,9315,selection
4,9326,9316,selection
4,9326,9320,projection
4,9326,9321,projection
4,9326,9322,projection
4,9326,9325,selection
4,9404,9406,projection
4,9405,9287,projection
4,9405,9288,projection
4,9406,9404,projection
4,9407,9289,selection
4,9407,9290,selection
4,9407,9291,selection
4,9407,9292,selection
4,9407,9293,selection
4,9407,9294,selection
4,9407,9295,selection
4,9407,9296,selection
4,9407,9297,selection
4,9407,9404,projection
4,9407,9406,projection
4,9480,9256,projection
4,9480,9259,projection
4,9480,9260,projection
4,9480,9261,projection
4,9513,9284,projection
4,9513,9285,projection
4,9513,9306,projection
4,9513,9307,projection
4,9513,9308,projection
4,9513,9313,selection
4,9513,9314,selection
4,9513,9315,selection
4,9513,9316,selection
4,9513,9320,projection
4,9513,9321,projection
4,9513,9322,projection
4,9513,9325,selection
4,9513,9326,projection
4,9516,2404,selection
4,9516,2405,selection
5,4108,4174,selection
5,4109,4175,selection
5,4130,4190,selection
6,8330,8329,projection
6,8331,8329,projection
6,8331,8330,projection
6,8399,8403,selection
6,8399,8404,selection
6,8399,8405,selection
6,8399,8406,selection
6,8399,8407,selection
6,8399,8408,selection
6,8399,8421,projection
6,8400,8401,projection
6,8400,8402,projection
6,8401,8400,projection
6,8401,8402,projection
6,8402,8400,projection
6,8402,8401,projection
6,8404,8403,selection
6,8405,8403,selection
6,8406,8403,selection
6,8406,8407,projection
6,8407,8403,selection
6,8407,8406,projection
6,8408,8403,selection
6,8421,8399,projection
6,8421,8403,selection
6,8421,8404,selection
6,8421,8405,selection
6,8421,8406,selection
6,8421,8407,selection
6,8421,8408,selection
6,8422,8423,selection
6,8422,8437,selection
6,8422,8439,selection
6,8422,8445,projection
6,8422,8446,selection
6,8422,8447,selection
6,8422,8448,projection
6,8422,8454,selection
6,8422,8456,selection
6,8422,8457,selection
6,8422,8458,selection
6,8422,8459,selection
6,8422,8460,selection
6,8423,8437,selection
6,8423,8439,selection
6,8423,8447,selection
6,8423,8454,selection
6,8423,8456,selection
6,8423,8457,selection
6,8423,8458,selection
6,8423,8459,selection
6,8423,8460,selection
6,8426,8425,projection
6,8437,8447,projection
6,8437,8454,projection
6,8437,8458,projection
6,8437,8459,projection
6,8439,8456,projection
6,8439,8457,projection
6,8439,8460,projection
6,8445,8422,projection
6,8445,8423,selection
6,8445,8437,selection
6,8445,8439,selection
6,8445,8446,selection
6,8445,8447,selection
6,8445,8448,projection
6,8445,8454,selection
6,8445,8456,selection
6,8445,8457,selection
6,8445,8458,selection
6,8445,8459,selection
6,8445,8460,selection
6,8446,8437,selection
6,8446,8447,selection
6,8446,8454,selection
6,8446,8458,selection
6,8446,8459,selection
6,8447,8437,projection
6,8447,8454,projection
6,8447,8458,projection
6,8447,8459,projection
6,8448,8422,projection
6,8448,8423,selection
6,8448,8437,selection
6,8448,8439,selection
6,8448,8445,projection
6,8448,8446,selection
6,8448,8447,selection
6,8448,8454,selection
6,8448,8456,selection
6,8448,8457,selection
6,8448,8458,selection
6,8448,8459,selection
6,8448,8460,selection
6,8454,8437,projection
6,8454,8447,projection
6,8454,8458,projection
6,8454,8459,projection
6,8456,8439,projection
6,8456,8457,projection
6,8456,8460,projection
6,8457,8439,projection
6,8457,8456,projection
6,8457,8460,projection
6,8458,8437,projection
6,8458,8447,projection
6,8458,8454,projection
6,8458,8459,projection
6,8459,8437,projection
6,8459,8447,projection
6,8459,8454,projection
6,8459,8458,projection
6,8460,8439,projection
6,8460,8456,projection
6,8460,8457,projection
6,8470,8469,projection
6,8471,8465,projection
6,8472,8467,projection
6,8473,8466,projection
6,8473,8474,projection
6,8473,8475,projection
6,8474,8466,projection
6,8474,8473,projection
6,8474,8475,projection
6,8475,8466,projection
6,8475,8473,projection
6,8475,8474,projection
6,8476,8468,projection
7,8128,8129,projection
7,8128,8166,selection
7,8128,8167,selection
7,8128,8168,selection
7,8128,8169,selection
7,8129,8166,selection
7,8129,8167,selection
7,8129,8168,selection
7,8129,8169,selection
7,8130,8131,projection
7,8130,8170,selection
7,8130,8171,selection
7,8130,8172,selection
7,8130,8173,selection
7,8131,8170,selection
7,8131,8171,selection
7,8131,8172,selection
7,8131,8173,selection
7,8132,8133,projection
7,8132,8174,selection
7,8132,8175,selection
7,8132,8176,selection
7,8132,8177,selection
7,8133,8174,selection
7,8133,8175,selection
7,8133,8176,selection
7,8133,8177,selection
7,8134,8135,projection
7,8134,8157,projection
7,8134,8162,selection
7,8134,8163,selection
7,8134,8164,selection
7,8134,8165,selection
7,8135,8162,selection
7,8135,8163,selection
7,8135,8164,selection
7,8135,8165,selection
7,8136,8137,projection
7,8142,8154,projection
7,8143,8178,selection
7,8143,8179,selection
7,8157,8135,projection
7,8157,8162,selection
7,8157,8163,selection
7,8157,8164,selection
7,8157,8165,selection
7,8162,8163,selection
7,8165,8164,selection
7,8166,8167,selection
7,8169,8168,selection
7,8170,8171,selection
7,8173,8172,selection
7,8174,8175,selection
7,8177,8176,selection
7,8178,8179,selection
7,8180,8181,projection
7,8181,8180,projection
7,8185,8197,selection
7,8186,8185,projection
7,8186,8197,selection
7,8186,8203,selection
7,8190,8200,selection
7,8190,8201,selection
7,8191,8190,projection
7,8191,8200,selection
7,8191,8201,selection
7,8200,8201,selection
7,8202,8197,projection
7,8203,8197,projection
7,8204,8162,selection
7,8204,8163,selection
7,8204,8164,selection
7,8204,8165,selection
7,8205,8162,selection
7,8205,8163,selection
7,8205,8164,selection
7,8205,8165,selection
8,7957,7960,projection
8,7960,7957,projection
8,7968,7969,projection
8,7968,8280,selection
8,7969,7968,projection
8,7969,8280,selection
8,7987,8321,selection
8,7988,7957,projection
8,7988,7960,projection
8,7988,8321,selection
8,7989,7957,projection
8,7989,7960,projection
8,7989,7994,selection
8,7989,8322,selection
8,7994,8322,projection
8,7998,7994,projection
8,7998,8322,projection
8,8022,8021,projection
8,8030,8031,projection
8,8031,8030,projection
8,8032,8030,projection
8,8032,8031,projection
8,8034,8321,selection
8,8036,8321,projection
8,8038,8037,projection
8,8039,8037,projection
8,8123,8278,projection
8,8123,8279,selection
8,8124,8141,projection
8,8125,8140,projection
8,8278,8279,selection
8,8286,8287,selection
8,8286,8289,selection
8,8286,8290,selection
8,8286,8308,selection
8,8286,8311,selection
8,8289,8290,projection
8,8289,8308,projection
8,8289,8311,projection
8,8290,8289,projection
8,8290,8308,projection
8,8290,8311,projection
8,8292,8291,projection
8,8294,8293,projection
8,8295,8293,projection
8,8303,8302,projection
8,8304,8302,projection
8,8308,8311,projection
8,8310,8309,projection
8,8311,8308,projection
8,8322,7994,projection
8,8323,7994,projection
8,8323,8322,projection
9,2952,2955,projection
9,2952,2956,selection
9,2955,2952,projection
9,2955,2956,selection
10,531,532,projection
10,531,534,projection
10,532,531,projection
10,532,534,projection
10,534,531,projection
10,534,532,projection
10,544,2654,projection
10,2598,2649,projection
10,2598,2653,projection
10,2599,2652,projection
10,2649,2598,projection
10,2649,2653,projection
10,2652,2599,projection
10,2653,2598,projection
10,2653,2649,projection
10,2654,544,projection
11,6234,6235,projection
11,6234,6247,selection
11,6235,6234,projection
11,6235,6247,selection
11,6237,6234,projection
11,6237,6235,projection
11,6237,6239,projection
11,6237,6243,projection
11,6237,6244,selection
11,6237,6245,selection
11,6237,6246,selection
11,6237,6247,selection
11,6239,6234,projection
11,6239,6235,projection
11,6239,6237,projection
11,6239,6243,projection
11,6239,6244,selection
11,6239,6245,selection
11,6239,6246,selection
11,6239,6247,selection
11,6243,6234,projection
11,6243,6235,projection
11,6243,6237,projection
11,6243,6239,projection
11,6243,6244,selection
11,6243,6245,selection
11,6243,6246,selection
11,6243,6247,selection
11,6244,6245,selection
11,6244,6246,selection
11,6244,6247,selection
11,6245,6246,selection
11,6245,6247,selection
11,6246,6247,projection
11,6248,6279,selection
11,6249,6250,projection
11,6249,6251,selection
11,6249,6252,selection
11,6249,6253,selection
11,6249,6255,selection
11,6249,6256,selection
11,6249,6257,selection
11,6249,6258,selection
11,6249,6261,selection
11,6249,6263,selection
11,6249,6279,selection
11,6250,6251,selection
11,6250,6252,selection
11,6250,6253,selection
11,6250,6255,selection
11,6250,6256,selection
11,6250,6257,selection
11,6250,6258,selection
11,6250,6261,selection
11,6250,6263,selection
11,6250,6279,selection
11,6251,6252,selection
11,6251,6253,selection
11,6251,6255,selection
11,6251,6256,selection
11,6251,6257,selection
11,6251,6258,selection
11,6251,6261,selection
11,6251,6263,selection
11,6251,6279,projection
11,6252,6253,selection
11,6252,6255,selection
11,6252,6256,selection
11,6252,6257,selection
11,6253,6255,selection
11,6253,6256,selection
11,6253,6257,selection
11,6256,6257,selection
11,6261,6263,selection
11,6272,6271,selection
11,6272,6279,projection
11,6273,6271,selection
11,6273,6272,projection
11,6273,6279,projection
11,6274,6271,selection
11,6274,6272,projection
11,6274,6279,projection
11,6275,6271,selection
11,6275,6272,projection
11,6275,6279,projection
11,6276,6271,selection
12,6971,6972,selection
12,6978,6981,rollup
12,6978,6982,rollup
12,6981,6982,projection
12,6981,7024,selection
12,6981,7025,selection
12,6982,6981,projection
12,6982,7024,selection
12,6982,7025,selection
12,6988,6974,projection
12,6988,7030,projection
12,6989,6974,projection
12,6989,7030,projection
12,7021,7022,projection
12,7022,7021,projection
12,7024,7025,projection
12,7025,7024,projection
12,7028,7033,projection
12,7029,6974,projection
12,7029,7018,projection
12,7029,7020,projection
12,7029,7030,projection
12,7030,6974,projection
12,7033,7028,projection
12,7044,7045,projection
12,7044,7046,projection
12,7045,7044,projection
12,7045,7046,projection
12,7046,7044,projection
12,7046,7045,projection
14,2614,2615,selection
14,2614,2617,selection
14,2614,11083,selection
14,2615,2617,selection
14,2615,11083,selection
14,2616,2618,selection
14,2637,2616,selection
14,2637,2618,selection
14,11069,11070,projection
14,11069,11071,projection
14,11069,11072,projection
14,11069,11075,selection
14,11070,11069,projection
14,11070,11071,projection
14,11070,11072,projection
14,11070,11075,selection
14,11071,11072,projection
14,11071,11075,selection
14,11072,11071,projection
14,11072,11075,selection
15,9111,9112,projection
15,9111,9113,projection
15,9112,9111,projection
15,9112,9113,projection
15,9113,9111,projection
15,9113,9112,projection
15,9137,9249,selection
15,9140,9139,projection
15,9141,9139,projection
15,9141,9140,projection
15,9141,9142,projection
15,9141,9143,projection
15,9142,9139,projection
15,9142,9140,projection
15,9142,9141,projection
15,9142,9143,projection
15,9143,9139,projection
15,9143,9140,projection
15,9143,9141,projection
15,9143,9142,projection
15,9144,9139,projection
15,9144,9140,projection
15,9144,9141,projection
15,9144,9142,projection
15,9144,9143,projection
15,9145,9139,projection
15,9221,9139,projection
