family,seed,mechanism,revenue_train_norm,revenue_naive_norm,revenue_strategic_norm,generalization_gap,leakage,mono_violation_rate,sep_violation_rate,sep_mean_gain,sep_max_gain,served_naive,served_strategic,plans_verified,plans_failed
answer_cells,0,uniform,0.5188267346326785,0.9004923785003959,0.9004923785003959,-0.735632183908046,0.0,0.0,0.0,0.0,0.0,0.18875,0.18875,0,0
answer_cells,0,size_proportional,0.5710210007721562,0.9722302424762579,0.9722302424762579,-0.7026173138318403,0.0,0.0,0.0,0.0,0.0,0.95875,0.95875,0,0
answer_cells,0,compute_metered,0.2804039159159993,0.3426089262682246,0.3409593479849813,-0.22184073338997212,0.004814755707654618,0.46995603321934537,0.32432432432432434,0.1531774300705188,0.9873218090283621,0.84125,0.9,72,0
answer_cells,0,qirana_weighted_coverage,0.02327412970113337,0.018062136229644688,0.017757877062146758,0.2239393497594403,0.01684513745381677,0.014655593551538837,0.009009009009009009,0.009009009009009009,1.0,0.96125,0.96125,2,0
answer_cells,0,qirana_uniform_gain,0.02327412970113337,0.018062136229644688,0.017757877062146758,0.2239393497594403,0.01684513745381677,0.014655593551538837,0.009009009009009009,0.009009009009009009,1.0,0.96125,0.96125,2,0
answer_cells,0,qirana_shannon,0.02353739972148257,0.01826673590751595,0.017959045384807113,0.2239271914627039,0.01684430783182432,0.014655593551538837,0.009009009009009009,0.009009009009009009,1.0,0.96125,0.96125,2,0
answer_cells,0,querymarket_viewcover,0.026073775452503077,0.016015582546494867,0.016015582546494867,0.3857589755012877,0.0,0.05862237420615535,0.0,0.0,0.0,0.76875,0.76875,0,0
answer_cells,0,monopoly_per_asset,1.0,1.041740123840856,1.0439655379949666,-0.0417401238408559,-0.002136246942189028,0.2169027845627748,0.3333333333333333,0.20425058029497262,0.9897470174455593,0.4525,0.55875,74,0
answer_cells,0,monotone_constrained,0.9674858600128194,1.0257868528355576,1.0257868528355576,-0.06026030480896716,0.0,0.0,0.0,0.0,0.0,0.32375,0.32375,0,0
answer_cells,1,uniform,0.4172566047194759,0.1925799714089888,0.1925799714089888,0.5384615384615385,0.0,0.0,0.0,0.0,0.0,0.0225,0.0225,0,0
answer_cells,1,size_proportional,0.4996377211702839,0.28956801264688586,0.28956801264688586,0.42044405300576404,0.0,0.0,0.0,0.0,0.0,0.99625,0.99625,0,0
answer_cells,1,compute_metered,0.5059344409841466,0.18310210189955003,0.18185363890503292,0.6380912484562649,0.006818397940631014,0.46995603321934537,0.32432432432432434,0.1531774300705188,0.9873218090283621,0.66375,0.75625,72,0
answer_cells,1,qirana_weighted_coverage,0.04863568054777791,0.031623083400908476,0.03146235392204997,0.34979662986635673,0.00508266309204654,0.014655593551538837,0.009009009009009009,0.009009009009009009,1.0,0.87375,0.87375,2,0
answer_cells,1,qirana_uniform_gain,0.04863568054777791,0.031623083400908476,0.03146235392204997,0.34979662986635673,0.00508266309204654,0.014655593551538837,0.009009009009009009,0.009009009009009009,1.0,0.87375,0.87375,2,0
answer_cells,1,qirana_shannon,0.049184707230770223,0.03198044972983584,0.031817907296218695,0.3497887548707681,0.005082556217635019,0.014655593551538837,0.009009009009009009,0.009009009009009009,1.0,0.87375,0.87375,2,0
answer_cells,1,querymarket_viewcover,0.03262441798460378,0.04077037026975699,0.04077037026975699,-0.24968881556745237,0.0,0.05862237420615535,0.0,0.0,0.0,0.59875,0.59875,0,0
answer_cells,1,monopoly_per_asset,1.0,0.2896983145295648,0.31120146107156366,0.7103016854704352,-0.07422599809362852,0.22032242305813385,0.32432432432432434,0.19865701984764067,0.986070581785773,0.38625,0.61625,72,0
answer_cells,1,monotone_constrained,0.9243959433699834,0.2790226775464387,0.2790226775464387,0.6981567481470852,0.0,0.0,0.0,0.0,0.0,0.22,0.22,0,0
answer_cells,2,uniform,0.40210375944275095,0.7824721805372454,0.7824721805372454,-0.9459459459459467,0.0,0.0,0.0,0.0,0.0,0.09,0.09,0,0
answer_cells,2,size_proportional,0.45189443685077285,0.8585698971113624,0.8585698971113624,-0.8999346464512556,0.0,0.0,0.0,0.0,0.0,0.97375,0.97375,0,0
answer_cells,2,compute_metered,0.3069023402641634,0.7479909291130142,0.7441251540032572,-1.4372278441056783,0.0051682112166001395,0.46995603321934537,0.32432432432432434,0.1531774300705188,0.9873218090283621,0.84375,0.90875,72,0
answer_cells,2,qirana_weighted_coverage,0.03348481132646613,0.037124756721360765,0.03683262088247162,-0.10870437224227847,0.007869030390738128,0.014655593551538837,0.009009009009009009,0.009009009009009009,1.0,0.97375,0.97375,2,0
answer_cells,2,qirana_uniform_gain,0.03348481132646613,0.037124756721360765,0.03683262088247162,-0.10870437224227847,0.007869030390738128,0.014655593551538837,0.009009009009009009,0.009009009009009009,1.0,0.97375,0.97375,2,0
answer_cells,2,qirana_shannon,0.03386347195646286,0.03735649740467507,0.03706106803614969,-0.10315024557148389,0.007908379774609151,0.014655593551538837,0.009009009009009009,0.009009009009009009,1.0,0.97125,0.97125,2,0
answer_cells,2,querymarket_viewcover,0.08482817600246795,0.017009303673422023,0.017009303673422023,0.7994852126382257,0.0,0.05862237420615535,0.0,0.0,0.0,0.7625,0.7625,0,0
answer_cells,2,monopoly_per_asset,1.0,0.40507585265970847,0.4131529364223468,0.5949241473402915,-0.019939682184471397,0.2169027845627748,0.33783783783783783,0.1867477482344589,0.9728833925224779,0.41875,0.60875,75,0
answer_cells,2,monotone_constrained,0.9617780476318601,0.3984739167568482,0.3984739167568482,0.5856903599141285,0.0,0.0,0.0,0.0,0.0,0.34125,0.34125,0,0
answer_cells,3,uniform,0.41487875797875096,0.5393423853723762,0.5393423853723762,-0.30000000000000004,0.0,0.0,0.0,0.0,0.0,0.04875,0.04875,0,0
answer_cells,3,size_proportional,0.4997204267200969,0.6366393986738415,0.6366393986738415,-0.2739911451136967,0.0,0.0,0.0,0.0,0.0,0.99,0.99,0,0
answer_cells,3,compute_metered,0.22689466185284093,0.6228620238038362,0.6222898298290408,-1.7451594441116085,0.000918652852362094,0.46995603321934537,0.32432432432432434,0.1531774300705188,0.9873218090283621,0.7325,0.875,72,0
answer_cells,3,qirana_weighted_coverage,0.02879725773563229,0.03522651635838961,0.03485866817563518,-0.22325940482874795,0.0104423661713238,0.014655593551538837,0.009009009009009009,0.009009009009009009,1.0,0.93375,0.93375,2,0
answer_cells,3,qirana_uniform_gain,0.02879725773563229,0.03522651635838961,0.03485866817563518,-0.22325940482874795,0.0104423661713238,0.014655593551538837,0.009009009009009009,0.009009009009009009,1.0,0.93375,0.93375,2,0
answer_cells,3,qirana_shannon,0.02912317050398754,0.03544713024312299,0.03507513290168207,-0.21714530491347328,0.010494427585236893,0.014655593551538837,0.009009009009009009,0.009009009009009009,1.0,0.9325,0.9325,2,0
answer_cells,3,querymarket_viewcover,0.07140817389455492,0.027014087642423742,0.027014087642423742,0.6216947420849304,0.0,0.05862237420615535,0.0,0.0,0.0,0.78625,0.78625,0,0
answer_cells,3,monopoly_per_asset,1.0,0.32115362469810615,0.31999682672932594,0.6788463753018938,0.0036020081351024512,0.20859794821690278,0.3333333333333333,0.20373466813981259,0.9461046513768827,0.41,0.6275,74,0
answer_cells,3,monotone_constrained,0.9348609439231583,0.28750649346567725,0.28750649346567725,0.6924606859078402,0.0,0.0,0.0,0.0,0.0,0.33,0.33,0,0
answer_cells,4,uniform,0.6331993832726022,0.3229316854690271,0.3229316854690271,0.49,0.0,0.0,0.0,0.0,0.0,0.06375,0.06375,0,0
answer_cells,4,size_proportional,0.6107013587731788,0.3432248922860606,0.3432248922860606,0.4379824322389658,0.0,0.0,0.0,0.0,0.0,0.9725,0.9725,0,0
answer_cells,4,compute_metered,0.3161919467707073,0.2798868469233702,0.27519768182235566,0.1148198118836482,0.01675378872769373,0.46995603321934537,0.32432432432432434,0.1531774300705188,0.9873218090283621,0.8,0.85125,72,0
answer_cells,4,qirana_weighted_coverage,0.015013573051255067,0.0238210763334981,0.023663248777256056,-0.5866360560657322,0.006625542609092918,0.014655593551538837,0.009009009009009009,0.009009009009009009,1.0,0.97,0.97,2,0
answer_cells,4,qirana_uniform_gain,0.01501357305125507,0.023821076333498104,0.023663248777256056,-0.586636056065732,0.006625542609093044,0.014655593551538837,0.009009009009009009,0.009009009009009009,1.0,0.97,0.97,2,0
answer_cells,4,qirana_shannon,0.015183413250558792,0.024068100344952006,0.023908493446141536,-0.5851574311900014,0.0066314705574154875,0.014655593551538837,0.009009009009009009,0.009009009009009009,1.0,0.96875,0.96875,2,0
answer_cells,4,querymarket_viewcover,0.029743735670110724,0.057302387020739885,0.057302387020739885,-0.9265363186481874,0.0,0.05862237420615535,0.0,0.0,0.0,0.6375,0.6375,0,0
answer_cells,4,monopoly_per_asset,1.0,0.2909984231805419,0.2809566253794356,0.7090015768194581,0.03450808321004598,0.22227650219833903,0.35135135135135137,0.23299002789626894,0.9638220051885928,0.41625,0.7525,78,0
answer_cells,4,monotone_constrained,0.97290148531723,0.2811881388988608,0.2811881388988608,0.7109798441646176,0.0,0.0,0.0,0.0,0.0,0.24375,0.24375,0,0
support_rows,0,uniform,0.6209719727861625,0.7651787342388732,0.7651787342388732,-0.23222748815165883,0.0,0.0,0.0,0.0,0.0,0.65,0.65,0,0
support_rows,0,size_proportional,0.2270658798631353,0.10081341731664228,0.10081341731664228,0.556016882072252,0.0,0.0,0.0,0.0,0.0,0.815,0.815,0,0
support_rows,0,compute_metered,0.251453745935602,0.34438573169211545,0.302348320341096,-0.36957884803320296,0.12206490421212152,0.46995603321934537,0.32432432432432434,0.1531774300705188,0.9873218090283621,0.8175,0.82125,72,0
support_rows,0,qirana_weighted_coverage,0.2551195785410133,0.13946028624749526,0.13736729266344172,0.453353258714813,0.015007810756527374,0.014655593551538837,0.009009009009009009,0.009009009009009009,1.0,0.99125,0.99125,2,0
support_rows,0,qirana_uniform_gain,0.2551195785410133,0.13946028624749526,0.13736729266344172,0.453353258714813,0.015007810756527374,0.014655593551538837,0.009009009009009009,0.009009009009009009,1.0,0.99125,0.99125,2,0
support_rows,0,qirana_shannon,0.25633083780497024,0.13945008975036616,0.1373334919327899,0.45597614807287845,0.015178174652775416,0.014655593551538837,0.009009009009009009,0.009009009009009009,1.0,0.99,0.99,2,0
support_rows,0,querymarket_viewcover,0.13873499606148162,0.1222723579911543,0.1222723579911543,0.11866247549415554,0.0,0.05862237420615535,0.0,0.0,0.0,0.93125,0.93125,0,0
support_rows,0,monopoly_per_asset,1.0,0.725496512137622,0.7089975980161509,0.274503487862378,0.022741548505668573,0.39228138739618956,0.35135135135135137,0.19464866736259337,0.9584748729497014,0.4775,0.61125,78,0
support_rows,0,monotone_constrained,0.7074473284038688,0.5427758885398533,0.5427758885398533,0.2327684807794025,0.0,0.0,0.0,0.0,0.0,0.295,0.295,0,0
support_rows,1,uniform,0.6136582906028755,0.5606805964501091,0.5606805964501091,0.08633093525179869,0.0,0.0,0.0,0.0,0.0,0.47625,0.47625,0,0
support_rows,1,size_proportional,0.19553406437079837,0.16780999988383677,0.16780999988383677,0.1417863663611444,0.0,0.0,0.0,0.0,0.0,0.8925,0.8925,0,0
support_rows,1,compute_metered,0.23571737471197243,0.21373290048799568,0.18075754706554886,0.09326624416566653,0.15428300157419553,0.46995603321934537,0.32432432432432434,0.1531774300705188,0.9873218090283621,0.91,0.9125,72,0
support_rows,1,qirana_weighted_coverage,0.2765591195363595,0.3502637649440792,0.3496508505026918,-0.26650593020140745,0.001749865394969642,0.014655593551538837,0.009009009009009009,0.009009009009009009,1.0,0.98,0.98,2,0
support_rows,1,qirana_uniform_gain,0.2765591195363595,0.3502637649440792,0.3496508505026918,-0.26650593020140745,0.001749865394969642,0.014655593551538837,0.009009009009009009,0.009009009009009009,1.0,0.98,0.98,2,0
support_rows,1,qirana_shannon,0.27802052280211587,0.3514958611390311,0.350876033304027,-0.2642802682203864,0.0017634000952259133,0.014655593551538837,0.009009009009009009,0.009009009009009009,1.0,0.97875,0.97875,2,0
support_rows,1,querymarket_viewcover,0.169765069192395,0.17611127895573167,0.17611127895573167,-0.03738230599219716,0.0,0.05862237420615535,0.0,0.0,0.0,0.5475,0.5475,0,0
support_rows,1,monopoly_per_asset,1.0,0.6747524113978525,0.725221587787228,0.32524758860214753,-0.07479658543912564,0.4386907669760625,0.35585585585585583,0.1983818280147327,0.9538818835717966,0.47125,0.6225,79,0
support_rows,1,monotone_constrained,0.5832549482836842,0.5223299945549226,0.5223299945549226,0.10445681413941277,0.0,0.0,0.0,0.0,0.0,0.21375,0.21375,0,0
support_rows,2,uniform,0.5850575521335428,0.5608482741142239,0.5608482741142239,0.04137931034482745,0.0,0.0,0.0,0.0,0.0,0.52125,0.52125,0,0
support_rows,2,size_proportional,0.1651273413875664,0.1930514090409318,0.1930514090409318,-0.16910626319493316,0.0,0.0,0.0,0.0,0.0,0.78125,0.78125,0,0
support_rows,2,compute_metered,0.21126699868628,0.19370668790333928,0.15694331524548025,0.08311904316403351,0.18978886612425147,0.46995603321934537,0.32432432432432434,0.1531774300705188,0.9873218090283621,0.82875,0.83375,72,0
support_rows,2,qirana_weighted_coverage,0.2499821475507907,0.2000251291813484,0.1988427949598736,0.1998423441789665,0.005910928423412651,0.014655593551538837,0.009009009009009009,0.009009009009009009,1.0,0.9825,0.9825,2,0
support_rows,2,qirana_uniform_gain,0.2499821475507907,0.2000251291813484,0.1988427949598736,0.1998423441789665,0.005910928423412651,0.014655593551538837,0.009009009009009009,0.009009009009009009,1.0,0.9825,0.9825,2,0
support_rows,2,qirana_shannon,0.2511308488510184,0.20128823719208472,0.20009257337430578,0.19847267624417764,0.005940058070248592,0.014655593551538837,0.009009009009009009,0.009009009009009009,1.0,0.98125,0.98125,2,0
support_rows,2,querymarket_viewcover,0.2777232656247406,0.107208959211751,0.107208959211751,0.6139719912532944,0.0,0.05862237420615535,0.0,0.0,0.0,0.86125,0.86125,0,0
support_rows,2,monopoly_per_asset,1.0,0.5761446185869987,0.5717581070474328,0.4238553814130013,0.0076135598564192435,0.4049829018075232,0.34234234234234234,0.17141531205786548,0.9451070984928958,0.46625,0.55625,76,0
support_rows,2,monotone_constrained,0.6148197516547901,0.4366920451061948,0.4366920451061948,0.28972346133832516,0.0,0.0,0.0,0.0,0.0,0.23,0.23,0,0
support_rows,3,uniform,0.6823486792986504,0.6633945493181322,0.6633945493181322,0.02777777777777779,0.0,0.0,0.0,0.0,0.0,0.56875,0.56875,0,0
support_rows,3,size_proportional,0.14958189084844287,0.18104192361076007,0.18104192361076007,-0.21031979595840689,0.0,0.0,0.0,0.0,0.0,0.82875,0.82875,0,0
support_rows,3,compute_metered,0.2394404402674707,0.21692520853775618,0.17869358102533775,0.09403270268198427,0.17624335949763154,0.46995603321934537,0.32432432432432434,0.1531774300705188,0.9873218090283621,0.8025,0.80375,72,0
support_rows,3,qirana_weighted_coverage,0.11830968138161561,0.21315006735015857,0.21172483819928128,-0.8016282764098492,0.006686505749660134,0.014655593551538837,0.009009009009009009,0.009009009009009009,1.0,0.98125,0.98125,2,0
support_rows,3,qirana_uniform_gain,0.11830968138161561,0.21315006735015857,0.21172483819928128,-0.8016282764098492,0.006686505749660134,0.014655593551538837,0.009009009009009009,0.009009009009009009,1.0,0.98125,0.98125,2,0
support_rows,3,qirana_shannon,0.1196483676469637,0.21356782037284386,0.21212651529121893,-0.7849622570948926,0.006748699682886313,0.014655593551538837,0.009009009009009009,0.009009009009009009,1.0,0.97875,0.97875,2,0
support_rows,3,querymarket_viewcover,0.3074900616500626,0.1495652118513657,0.1495652118513657,0.5135933465661807,0.0,0.05862237420615535,0.0,0.0,0.0,0.8775,0.8775,0,0
support_rows,3,monopoly_per_asset,1.0,0.5401224724233807,0.5559988956893479,0.45987752757661926,-0.029394117217034162,0.47337567171470446,0.36036036036036034,0.2136658159345224,0.9886605671770355,0.41625,0.6725,80,0
support_rows,3,monotone_constrained,0.5779362194857286,0.40999722868427235,0.40999722868427235,0.2905839522411232,0.0,0.0,0.0,0.0,0.0,0.2775,0.2775,0,0
support_rows,4,uniform,0.5706387586386542,0.537351497718066,0.537351497718066,0.05833333333333346,0.0,0.0,0.0,0.0,0.0,0.42375,0.42375,0,0
support_rows,4,size_proportional,0.17019113916347103,0.15624248735512558,0.15624248735512558,0.08195874283999927,0.0,0.0,0.0,0.0,0.0,0.8325,0.8325,0,0
support_rows,4,compute_metered,0.2026555079186345,0.19058432689292398,0.1303303744880625,0.05956502810946074,0.31615376451555727,0.46995603321934537,0.32432432432432434,0.1531774300705188,0.9873218090283621,0.85375,0.86,72,0
support_rows,4,qirana_weighted_coverage,0.14830835206893717,0.20961830013989544,0.20853128862936487,-0.4133951137320979,0.005185670858914035,0.014655593551538837,0.009009009009009009,0.009009009009009009,1.0,0.98,0.98,2,0
support_rows,4,qirana_uniform_gain,0.14830835206893717,0.20961830013989544,0.20853128862936487,-0.4133951137320979,0.005185670858914035,0.014655593551538837,0.009009009009009009,0.009009009009009009,1.0,0.98,0.98,2,0
support_rows,4,qirana_shannon,0.14948958222110853,0.21039707777909336,0.20929781133730044,-0.40743638889763667,0.005224722954313544,0.014655593551538837,0.009009009009009009,0.009009009009009009,1.0,0.9775,0.9775,2,0
support_rows,4,querymarket_viewcover,0.1511982869539627,0.29011273318621905,0.29011273318621905,-0.9187567467252682,0.0,0.05862237420615535,0.0,0.0,0.0,0.84875,0.84875,0,0
support_rows,4,monopoly_per_asset,1.0,0.513196922097617,0.4736063563696184,0.486803077902383,0.07714497890240261,0.5119687347337567,0.38288288288288286,0.2413218757309438,0.966386351546722,0.41125,0.72,85,0
support_rows,4,monotone_constrained,0.6162183184973197,0.36808914033822787,0.36808914033822787,0.40266439784550334,0.0,0.0,0.0,0.0,0.0,0.17375,0.17375,0,0
rows_x_log_support,0,uniform,0.5014653080216646,0.8876512348889234,0.8876512348889234,-0.7701149425287352,0.0,0.0,0.0,0.0,0.0,0.1925,0.1925,0,0
rows_x_log_support,0,size_proportional,0.5839586045676328,0.9982849250017216,0.9982849250017216,-0.7095131695864967,0.0,0.0,0.0,0.0,0.0,0.9575,0.9575,0,0
rows_x_log_support,0,compute_metered,0.2897086426607836,0.35467778198645955,0.35325403028006325,-0.22425682136707104,0.004014211711887421,0.46995603321934537,0.32432432432432434,0.1531774300705188,0.9873218090283621,0.825,0.89,72,0
rows_x_log_support,0,qirana_weighted_coverage,0.02396436100300523,0.018597797582591752,0.018284515125974732,0.2239393497594403,0.01684513745381677,0.014655593551538837,0.009009009009009009,0.009009009009009009,1.0,0.96125,0.96125,2,0
rows_x_log_support,0,qirana_uniform_gain,0.02396436100300523,0.018597797582591752,0.018284515125974732,0.2239393497594403,0.01684513745381677,0.014655593551538837,0.009009009009009009,0.009009009009009009,1.0,0.96125,0.96125,2,0
rows_x_log_support,0,qirana_shannon,0.024132974579796816,0.01880846498904548,0.01849164941492591,0.22063213024758277,0.01684430783182432,0.014655593551538837,0.009009009009009009,0.009009009009009009,1.0,0.96125,0.96125,2,0
rows_x_log_support,0,querymarket_viewcover,0.02593708735775828,0.01598618585497157,0.01598618585497157,0.38365531817550835,0.0,0.05862237420615535,0.0,0.0,0.0,0.77,0.77,0,0
rows_x_log_support,0,monopoly_per_asset,1.0,1.0684142450436505,1.0706324680006511,-0.06841424504365046,-0.0020761824987741867,0.2154372252076209,0.3333333333333333,0.2023142363637203,0.989216503656384,0.45375,0.55875,74,0
rows_x_log_support,0,monotone_constrained,0.9688519069809594,1.0530431800686986,1.0530431800686986,-0.08689797943432631,0.0,0.0,0.0,0.0,0.0,0.325,0.325,0,0
rows_x_log_support,1,uniform,0.41798365849854713,0.19799225928878542,0.19799225928878542,0.5263157894736843,0.0,0.0,0.0,0.0,0.0,0.0225,0.0225,0,0
rows_x_log_support,1,size_proportional,0.5136795925175184,0.29270020898828436,0.29270020898828436,0.43018914270318764,0.0,0.0,0.0,0.0,0.0,0.99375,0.99375,0,0
rows_x_log_support,1,compute_metered,0.5232311924645469,0.18848783199822408,0.18757500774723895,0.6397618591689835,0.004842881587145354,0.46995603321934537,0.32432432432432434,0.1531774300705188,0.9873218090283621,0.64,0.7375,72,0
rows_x_log_support,1,qirana_weighted_coverage,0.04993898645771204,0.03203787273457014,0.03187262609744233,0.3584596923748228,0.005157852972850494,0.014655593551538837,0.009009009009009009,0.009009009009009009,1.0,0.87,0.87,2,0
rows_x_log_support,1,qirana_uniform_gain,0.04993898645771204,0.03203787273457014,0.03187262609744233,0.3584596923748228,0.005157852972850494,0.014655593551538837,0.009009009009009009,0.009009009009009009,1.0,0.87,0.87,2,0
rows_x_log_support,1,qirana_shannon,0.05045864318407692,0.032399939237838515,0.03223282869447984,0.35789119180947637,0.005157742492415509,0.014655593551538837,0.009009009009009009,0.009009009009009009,1.0,0.87,0.87,2,0
rows_x_log_support,1,querymarket_viewcover,0.031011228040225533,0.03998261944387601,0.03998261944387601,-0.2892949415615993,0.0,0.05862237420615535,0.0,0.0,0.0,0.615,0.615,0,0
rows_x_log_support,1,monopoly_per_asset,1.0,0.2871203034378324,0.3080885293606021,0.7128796965621675,-0.07302940848037158,0.22032242305813385,0.31981981981981983,0.1922021939853595,0.9860746913960929,0.3875,0.61375,71,0
rows_x_log_support,1,monotone_constrained,0.9250070843446903,0.2764471740426822,0.2764471740426822,0.7011404791147867,0.0,0.0,0.0,0.0,0.0,0.21875,0.21875,0,0
rows_x_log_support,2,uniform,0.3882584245418847,0.8129160763845711,0.8129160763845711,-1.09375,0.0,0.0,0.0,0.0,0.0,0.08375,0.08375,0,0
rows_x_log_support,2,size_proportional,0.4647317673540422,0.8938708913270258,0.8938708913270258,-0.9234125018315276,0.0,0.0,0.0,0.0,0.0,0.97375,0.97375,0,0
rows_x_log_support,2,compute_metered,0.3152774546733232,0.7687295885256467,0.7649749489676272,-1.438263748742107,0.004884213661165992,0.46995603321934537,0.32432432432432434,0.1531774300705188,0.9873218090283621,0.82875,0.89625,72,0
rows_x_log_support,2,qirana_weighted_coverage,0.03428582403643182,0.037638952418299704,0.03733851764052164,-0.09779926474291178,0.007982017523739539,0.014655593551538837,0.009009009009009009,0.009009009009009009,1.0,0.9675,0.9675,2,0
rows_x_log_support,2,qirana_uniform_gain,0.03428582403643182,0.037638952418299704,0.03733851764052164,-0.09779926474291178,0.007982017523739539,0.014655593551538837,0.009009009009009009,0.009009009009009009,1.0,0.9675,0.9675,2,0
rows_x_log_support,2,qirana_shannon,0.03467354803919332,0.03806499791675476,0.03776117604738214,-0.09781086936150585,0.007981659950095116,0.014655593551538837,0.009009009009009009,0.009009009009009009,1.0,0.9675,0.9675,2,0
rows_x_log_support,2,querymarket_viewcover,0.08261147868645281,0.01773481340976574,0.01773481340976574,0.785322648961687,0.0,0.05862237420615535,0.0,0.0,0.0,0.7625,0.7625,0,0
rows_x_log_support,2,monopoly_per_asset,1.0,0.40624093890341234,0.41311946746518013,0.5937590610965877,-0.016932140272064675,0.2164142647777235,0.33783783783783783,0.1819430461814687,0.9715375746939982,0.4275,0.60125,75,0
rows_x_log_support,2,monotone_constrained,0.9620093795723812,0.3983007162794823,0.3983007162794823,0.5859700282168462,0.0,0.0,0.0,0.0,0.0,0.33875,0.33875,0,0
rows_x_log_support,3,uniform,0.42229057244266927,0.5679080112160035,0.5679080112160035,-0.3448275862068966,0.0,0.0,0.0,0.0,0.0,0.04875,0.04875,0,0
rows_x_log_support,3,size_proportional,0.512357750022988,0.6527392366596636,0.6527392366596636,-0.2739911451136967,0.0,0.0,0.0,0.0,0.0,0.99,0.99,0,0
rows_x_log_support,3,compute_metered,0.23159593311991145,0.6377114701325124,0.6376329381830887,-1.7535521092347075,0.00012314652174479714,0.46995603321934537,0.32432432432432434,0.1531774300705188,0.9873218090283621,0.7125,0.85875,72,0
rows_x_log_support,3,qirana_weighted_coverage,0.02910690970556785,0.035841742152036275,0.03546459153503405,-0.231382600028478,0.01052266419981494,0.014655593551538837,0.009009009009009009,0.009009009009009009,1.0,0.92875,0.92875,2,0
rows_x_log_support,3,qirana_uniform_gain,0.02910690970556785,0.035841742152036275,0.03546459153503405,-0.23138260002847777,0.01052266419981494,0.014655593551538837,0.009009009009009009,0.009009009009009009,1.0,0.92875,0.92875,2,0
rows_x_log_support,3,qirana_shannon,0.02943634162858773,0.03624713685484095,0.035865732151963044,-0.2313736982736596,0.01052234013421037,0.014655593551538837,0.009009009009009009,0.009009009009009009,1.0,0.92875,0.92875,2,0
rows_x_log_support,3,querymarket_viewcover,0.0693459544167337,0.02646391535711464,0.02646391535711464,0.6183783815551798,0.0,0.05862237420615535,0.0,0.0,0.0,0.79,0.79,0,0
rows_x_log_support,3,monopoly_per_asset,1.0,0.3122848145262244,0.311278399017547,0.6877151854737755,0.0032227487916896575,0.2066438690766976,0.3333333333333333,0.2082203768328137,0.9565090519607568,0.41,0.625,74,0
rows_x_log_support,3,monotone_constrained,0.9370503925145497,0.27940758782018216,0.27940758782018216,0.7018222391749932,0.0,0.0,0.0,0.0,0.0,0.32875,0.32875,0,0
rows_x_log_support,4,uniform,0.6340975902254268,0.3233897710149677,0.3233897710149677,0.49,0.0,0.0,0.0,0.0,0.0,0.06375,0.06375,0,0
rows_x_log_support,4,size_proportional,0.6156126847827915,0.34598514378446465,0.34598514378446465,0.43798243223896594,0.0,0.0,0.0,0.0,0.0,0.9725,0.9725,0,0
rows_x_log_support,4,compute_metered,0.3162399630640576,0.2794857236255248,0.2749001291669338,0.11622262753391432,0.016407258299658688,0.46995603321934537,0.32432432432432434,0.1531774300705188,0.9873218090283621,0.78125,0.83625,72,0
rows_x_log_support,4,qirana_weighted_coverage,0.015013069929400262,0.02381126664625475,0.02365321520822742,-0.5860358180058083,0.006637674525063002,0.014655593551538837,0.009009009009009009,0.009009009009009009,1.0,0.9675,0.9675,2,0
rows_x_log_support,4,qirana_uniform_gain,0.015013069929400262,0.02381126664625475,0.02365321520822742,-0.5860358180058083,0.006637674525063002,0.014655593551538837,0.009009009009009009,0.009009009009009009,1.0,0.9675,0.9675,2,0
rows_x_log_support,4,qirana_shannon,0.015182903226288588,0.024080193440540527,0.02392036013590905,-0.5860071740987347,0.0066375423862828,0.014655593551538837,0.009009009009009009,0.009009009009009009,1.0,0.9675,0.9675,2,0
rows_x_log_support,4,querymarket_viewcover,0.027585127663333348,0.05204476525637923,0.05204476525637923,-0.8866965522714647,0.0,0.05862237420615535,0.0,0.0,0.0,0.63875,0.63875,0,0
rows_x_log_support,4,monopoly_per_asset,1.0,0.2879365777670679,0.277752907103428,0.7120634222329321,0.03536775613092872,0.22227650219833903,0.35585585585585583,0.23176522694895174,0.961583148611705,0.41875,0.75375,79,0
rows_x_log_support,4,monotone_constrained,0.9747378454049273,0.27882307577271176,0.27882307577271176,0.7139507026559715,0.0,0.0,0.0,0.0,0.0,0.24875,0.24875,0,0
flat,0,uniform,0.6895372174983648,0.7071050446957754,0.7071050446957754,-0.02547770700636942,0.0,0.0,0.0,0.0,0.0,0.805,0.805,0,0
flat,0,size_proportional,0.07963133537993339,0.13523259685140482,0.13523259685140482,-0.6982334429805706,0.0,0.0,0.0,0.0,0.0,0.96125,0.96125,0,0
flat,0,compute_metered,0.040070546530352864,0.05088974951369306,0.04996729822649001,-0.2700038786629677,0.018126465467369655,0.46995603321934537,0.32432432432432434,0.1531774300705188,0.9873218090283621,0.99625,0.99625,72,0
flat,0,qirana_weighted_coverage,0.0053718187990943675,0.0028772410880631687,0.0028352090552246226,0.4643823264201984,0.014608450092321059,0.014655593551538837,0.009009009009009009,0.009009009009009009,1.0,1.0,1.0,2,0
flat,0,qirana_uniform_gain,0.0053718187990943675,0.0028772410880631687,0.0028352090552246226,0.4643823264201984,0.014608450092321059,0.014655593551538837,0.009009009009009009,0.009009009009009009,1.0,1.0,1.0,2,0
flat,0,qirana_shannon,0.005420124111457405,0.0029098141095784836,0.002867308050481036,0.4631462214255331,0.01460782630667948,0.014655593551538837,0.009009009009009009,0.009009009009009009,1.0,1.0,1.0,2,0
flat,0,querymarket_viewcover,0.15833978555358527,0.140391601893569,0.140391601893569,0.11335233022620372,0.0,0.05862237420615535,0.0,0.0,0.0,0.9675,0.9675,0,0
flat,0,monopoly_per_asset,1.0,0.6298051066651447,0.6239549055759791,0.37019489333485533,0.009288907040056898,0.4211040547142159,0.35585585585585583,0.18251680298491882,0.8905246394183418,0.47,0.605,79,0
flat,0,monotone_constrained,0.6351403983091717,0.35296900158403827,0.35296900158403827,0.4442661771732852,0.0,0.0,0.0,0.0,0.0,0.1975,0.1975,0,0
flat,1,uniform,0.6876913237640637,0.6898270111049459,0.6898270111049459,-0.0031055900621117516,0.0,0.0,0.0,0.0,0.0,0.8075,0.8075,0,0
flat,1,size_proportional,0.043892127366892957,0.02431357110642181,0.02431357110642181,0.44606077296765745,0.0,0.0,0.0,0.0,0.0,0.9975,0.9975,0,0
flat,1,compute_metered,0.045279668139148195,0.017585981459413952,0.01680763361758973,0.6116141707273391,0.04425956228945997,0.46995603321934537,0.32432432432432434,0.1531774300705188,0.9873218090283621,0.99875,0.99875,72,0
flat,1,qirana_weighted_coverage,0.006554466087016537,0.008107223540348981,0.008093394911629736,-0.23690067699156092,0.001705716963448946,0.014655593551538837,0.009009009009009009,0.009009009009009009,1.0,1.0,1.0,2,0
flat,1,qirana_uniform_gain,0.006554466087016537,0.008107223540348981,0.008093394911629736,-0.23690067699156092,0.001705716963448946,0.014655593551538837,0.009009009009009009,0.009009009009009009,1.0,1.0,1.0,2,0
flat,1,qirana_shannon,0.00660434622475265,0.00815054509862004,0.008136560489315154,-0.23411838526459117,0.0017157882246738908,0.014655593551538837,0.009009009009009009,0.009009009009009009,1.0,1.0,1.0,2,0
flat,1,querymarket_viewcover,0.19070527211086005,0.3147206972033787,0.3147206972033787,-0.6502988811993957,0.0,0.05862237420615535,0.0,0.0,0.0,0.91375,0.91375,0,0
flat,1,monopoly_per_asset,1.0,0.6134585101071037,0.6766729653750706,0.3865414898928963,-0.10304601570680023,0.44894968246213973,0.36936936936936937,0.19911722531470735,0.9149952834725463,0.4925,0.6425,82,0
flat,1,monotone_constrained,0.5700224046228445,0.4730800790898021,0.4730800790898021,0.17006757058467614,0.0,0.0,0.0,0.0,0.0,0.26125,0.26125,0,0
flat,2,uniform,0.6800646679028172,0.6591396011981151,0.6591396011981151,0.03076923076923077,0.0,0.0,0.0,0.0,0.0,0.7875,0.7875,0,0
flat,2,size_proportional,0.04107062784000956,0.07878430681343587,0.07878430681343587,-0.9182639992828885,0.0,0.0,0.0,0.0,0.0,0.9775,0.9775,0,0
flat,2,compute_metered,0.028764665706088235,0.06719307418649356,0.06628429926022662,-1.3359588069981188,0.013524830308323967,0.46995603321934537,0.32432432432432434,0.1531774300705188,0.9873218090283621,0.98125,0.98125,72,0
flat,2,qirana_weighted_coverage,0.005634908741327411,0.004529992560769605,0.004504085618926584,0.19608413042329442,0.005718981101068252,0.014655593551538837,0.009009009009009009,0.009009009009009009,1.0,1.0,1.0,2,0
flat,2,qirana_uniform_gain,0.005634908741327411,0.004529992560769605,0.004504085618926584,0.19608413042329442,0.005718981101068252,0.014655593551538837,0.009009009009009009,0.009009009009009009,1.0,1.0,1.0,2,0
flat,2,qirana_shannon,0.005674949530244371,0.004569417955459092,0.0045432189396238205,0.1948090584583002,0.005733556459630059,0.014655593551538837,0.009009009009009009,0.009009009009009009,1.0,1.0,1.0,2,0
flat,2,querymarket_viewcover,0.3342694212435924,0.16396007652474975,0.16396007652474975,0.509497231560206,0.0,0.05862237420615535,0.0,0.0,0.0,0.9575,0.9575,0,0
flat,2,monopoly_per_asset,1.0,0.5530299030840902,0.5653272127370872,0.44697009691590983,-0.022236247234405364,0.4338055691255496,0.36036036036036034,0.1750928244695657,0.8911943880018779,0.40375,0.55125,80,0
flat,2,monotone_constrained,0.5902033443057151,0.3981765421135216,0.3981765421135216,0.32535702151617585,0.0,0.0,0.0,0.0,0.0,0.22375,0.22375,0,0
flat,3,uniform,0.6744648481192791,0.6713423256742824,0.6713423256742824,0.00462962962962965,0.0,0.0,0.0,0.0,0.0,0.80625,0.80625,0,0
flat,3,size_proportional,0.03710986238722727,0.050573825160856706,0.050573825160856706,-0.3628136001459157,0.0,0.0,0.0,0.0,0.0,0.99625,0.99625,0,0
flat,3,compute_metered,0.018114679223971534,0.046653512649378615,0.04591547978579023,-1.575453424957205,0.015819448990583428,0.46995603321934537,0.32432432432432434,0.1531774300705188,0.9873218090283621,0.99625,0.99625,72,0
flat,3,qirana_weighted_coverage,0.0023887348546302914,0.0041827670093572775,0.004155809128564649,-0.7510386308674895,0.006444987428733283,0.014655593551538837,0.009009009009009009,0.009009009009009009,1.0,0.9975,0.9975,2,0
flat,3,qirana_uniform_gain,0.0023887348546302914,0.0041827670093572775,0.004155809128564649,-0.7510386308674895,0.006444987428733283,0.014655593551538837,0.009009009009009009,0.009009009009009009,1.0,0.9975,0.9975,2,0
flat,3,qirana_shannon,0.0024157578187503715,0.0042182867639354495,0.004191024810619145,-0.7461546563957699,0.006462802280153727,0.014655593551538837,0.009009009009009009,0.009009009009009009,1.0,0.9975,0.9975,2,0
flat,3,querymarket_viewcover,0.288416155743808,0.1712076432623229,0.1712076432623229,0.4063867787822474,0.0,0.05862237420615535,0.0,0.0,0.0,0.94625,0.94625,0,0
flat,3,monopoly_per_asset,1.0,0.5306970236278262,0.5708766202683174,0.4693029763721738,-0.07571098923039911,0.48412310698583294,0.36486486486486486,0.2016263244404517,0.9626672824884839,0.385,0.655,81,0
flat,3,monotone_constrained,0.5678059959392228,0.39826707156217106,0.39826707156217106,0.29858600576524896,0.0,0.0,0.0,0.0,0.0,0.25625,0.25625,0,0
flat,4,uniform,0.6631533440458203,0.6642009796604266,0.6642009796604266,-0.0015797788309637184,0.0,0.0,0.0,0.0,0.0,0.7925,0.7925,0,0
flat,4,size_proportional,0.10205354916925038,0.06036844490722537,0.06036844490722537,0.40846305298890184,0.0,0.0,0.0,0.0,0.0,0.97875,0.97875,0,0
flat,4,compute_metered,0.053215029291886935,0.05028205000694812,0.04876108531021844,0.05511561910172569,0.030248661232378283,0.46995603321934537,0.32432432432432434,0.1531774300705188,0.9873218090283621,0.99375,0.99375,72,0
flat,4,qirana_weighted_coverage,0.0036909513178894878,0.005212385990873381,0.0051864448215349,-0.41220664862463163,0.004976831989016691,0.014655593551538837,0.009009009009009009,0.009009009009009009,1.0,1.0,1.0,2,0
flat,4,qirana_uniform_gain,0.0036909513178894878,0.005212385990873381,0.0051864448215349,-0.41220664862463163,0.004976831989016691,0.014655593551538837,0.009009009009009009,0.009009009009009009,1.0,1.0,1.0,2,0
flat,4,qirana_shannon,0.0037208487264780467,0.005259420131423109,0.0052331865022127435,-0.41350012269953007,0.0049879318546221406,0.014655593551538837,0.009009009009009009,0.009009009009009009,1.0,1.0,1.0,2,0
flat,4,querymarket_viewcover,0.19491238028895566,0.35050726998733206,0.35050726998733206,-0.7982812044453438,0.0,0.05862237420615535,0.0,0.0,0.0,0.8925,0.8925,0,0
flat,4,monopoly_per_asset,1.0,0.5244815244407002,0.5229634641084941,0.4755184755592998,0.0028944019216401965,0.542256961406937,0.3783783783783784,0.2317012668155084,0.9623736199823769,0.41625,0.73,84,0
flat,4,monotone_constrained,0.3815544376675579,0.2216195558506764,0.2216195558506764,0.41916661432262037,0.0,0.0,0.0,0.0,0.0,0.13625,0.13625,0,0
