market,assets,pairs,falsified,zero_priced,family,seed,mechanism,revenue_norm,welfare_norm,served,mono_violation_rate,status
"('t', ('446', 'underway_geomics.csv'))",222,2047.0,36.0,63.0,support_rows,0.0,uniform,1.1909308536391976,3.2583205379099085,0.175,0.0,ok
"('t', ('446', 'underway_geomics.csv'))",222,2047.0,36.0,63.0,support_rows,0.0,qirana_weighted_coverage,0.8752689211797873,3.493747427430049,0.4975,0.017586712261846604,ok
"('t', ('446', 'underway_geomics.csv'))",222,2047.0,36.0,63.0,support_rows,0.0,querymarket_viewcover,1.1148120841561813,3.596317982156172,0.785,0.0009770395701025891,ok
"('t', ('446', 'underway_geomics.csv'))",222,2047.0,36.0,63.0,support_rows,0.0,monopoly_per_asset,0.575719146581752,3.1752272794338494,0.4475,0.19052271617000488,ok
"('t', ('446', 'underway_geomics.csv'))",222,2047.0,36.0,63.0,support_rows,0.0,chawla_ubp,1.194400076188989,3.2583205379099094,0.175,0.0,ok
"('t', ('446', 'underway_geomics.csv'))",222,2047.0,36.0,63.0,support_rows,0.0,chawla_lpip,0.8376056739959011,3.5495778983434807,0.865,0.0009770395701025891,ok
"('t', ('446', 'underway_geomics.csv'))",222,2047.0,36.0,63.0,support_rows,1.0,uniform,0.17531986366389185,0.3202491939088137,0.0275,0.0,ok
"('t', ('446', 'underway_geomics.csv'))",222,2047.0,36.0,63.0,support_rows,1.0,qirana_weighted_coverage,0.21873589582719855,0.4839607347854577,0.315,0.017586712261846604,ok
"('t', ('446', 'underway_geomics.csv'))",222,2047.0,36.0,63.0,support_rows,1.0,querymarket_viewcover,0.18727970243659514,0.6629668231769223,0.7725,0.0009770395701025891,ok
"('t', ('446', 'underway_geomics.csv'))",222,2047.0,36.0,63.0,support_rows,1.0,monopoly_per_asset,0.23306294093874033,0.49737566969896596,0.3875,0.22081094284318514,ok
"('t', ('446', 'underway_geomics.csv'))",222,2047.0,36.0,63.0,support_rows,1.0,chawla_ubp,0.14961459147156606,0.19680234817209893,0.0125,0.0,ok
"('t', ('446', 'underway_geomics.csv'))",222,2047.0,36.0,63.0,support_rows,1.0,chawla_lpip,0.1727358326739562,0.4598703842654519,0.8925,0.0,ok
"('t', ('446', 'underway_geomics.csv'))",222,2047.0,36.0,63.0,support_rows,2.0,uniform,0.0986274311961621,0.2224901693506859,0.0225,0.0,ok
"('t', ('446', 'underway_geomics.csv'))",222,2047.0,36.0,63.0,support_rows,2.0,qirana_weighted_coverage,0.14702231289090614,0.38521075651758524,0.3125,0.017586712261846604,ok
"('t', ('446', 'underway_geomics.csv'))",222,2047.0,36.0,63.0,support_rows,2.0,querymarket_viewcover,0.13811991325718678,0.660429266616119,0.78,0.0009770395701025891,ok
"('t', ('446', 'underway_geomics.csv'))",222,2047.0,36.0,63.0,support_rows,2.0,monopoly_per_asset,0.17434376373222119,0.6147690761653357,0.62,0.19149975574010747,ok
"('t', ('446', 'underway_geomics.csv'))",222,2047.0,36.0,63.0,support_rows,2.0,chawla_ubp,0.07923443277556699,0.20041717857231928,0.0175,0.0,ok
"('t', ('446', 'underway_geomics.csv'))",222,2047.0,36.0,63.0,support_rows,2.0,chawla_lpip,0.1037235511854732,0.32931827107142214,0.53,0.008793356130923302,ok
"('t', ('446', 'underway_geomics.csv'))",222,2047.0,36.0,63.0,answer_cells,0.0,uniform,1.1909308536391976,3.2583205379099085,0.175,0.0,ok
"('t', ('446', 'underway_geomics.csv'))",222,2047.0,36.0,63.0,answer_cells,0.0,qirana_weighted_coverage,0.8752689211797873,3.493747427430049,0.4975,0.017586712261846604,ok
"('t', ('446', 'underway_geomics.csv'))",222,2047.0,36.0,63.0,answer_cells,0.0,querymarket_viewcover,1.1148120841561813,3.596317982156172,0.785,0.0009770395701025891,ok
"('t', ('446', 'underway_geomics.csv'))",222,2047.0,36.0,63.0,answer_cells,0.0,monopoly_per_asset,0.575719146581752,3.1752272794338494,0.4475,0.19052271617000488,ok
"('t', ('446', 'underway_geomics.csv'))",222,2047.0,36.0,63.0,answer_cells,0.0,chawla_ubp,1.194400076188989,3.2583205379099094,0.175,0.0,ok
"('t', ('446', 'underway_geomics.csv'))",222,2047.0,36.0,63.0,answer_cells,0.0,chawla_lpip,0.8376056739959011,3.5495778983434807,0.865,0.0009770395701025891,ok
"('t', ('446', 'underway_geomics.csv'))",222,2047.0,36.0,63.0,answer_cells,1.0,uniform,0.17531986366389185,0.3202491939088137,0.0275,0.0,ok
"('t', ('446', 'underway_geomics.csv'))",222,2047.0,36.0,63.0,answer_cells,1.0,qirana_weighted_coverage,0.21873589582719855,0.4839607347854577,0.315,0.017586712261846604,ok
"('t', ('446', 'underway_geomics.csv'))",222,2047.0,36.0,63.0,answer_cells,1.0,querymarket_viewcover,0.18727970243659514,0.6629668231769223,0.7725,0.0009770395701025891,ok
"('t', ('446', 'underway_geomics.csv'))",222,2047.0,36.0,63.0,answer_cells,1.0,monopoly_per_asset,0.23306294093874033,0.49737566969896596,0.3875,0.22081094284318514,ok
"('t', ('446', 'underway_geomics.csv'))",222,2047.0,36.0,63.0,answer_cells,1.0,chawla_ubp,0.14961459147156606,0.19680234817209893,0.0125,0.0,ok
"('t', ('446', 'underway_geomics.csv'))",222,2047.0,36.0,63.0,answer_cells,1.0,chawla_lpip,0.1727358326739562,0.4598703842654519,0.8925,0.0,ok
"('t', ('446', 'underway_geomics.csv'))",222,2047.0,36.0,63.0,answer_cells,2.0,uniform,0.0986274311961621,0.2224901693506859,0.0225,0.0,ok
"('t', ('446', 'underway_geomics.csv'))",222,2047.0,36.0,63.0,answer_cells,2.0,qirana_weighted_coverage,0.14702231289090614,0.38521075651758524,0.3125,0.017586712261846604,ok
"('t', ('446', 'underway_geomics.csv'))",222,2047.0,36.0,63.0,answer_cells,2.0,querymarket_viewcover,0.13811991325718678,0.660429266616119,0.78,0.0009770395701025891,ok
"('t', ('446', 'underway_geomics.csv'))",222,2047.0,36.0,63.0,answer_cells,2.0,monopoly_per_asset,0.17434376373222119,0.6147690761653357,0.62,0.19149975574010747,ok
"('t', ('446', 'underway_geomics.csv'))",222,2047.0,36.0,63.0,answer_cells,2.0,chawla_ubp,0.07923443277556699,0.20041717857231928,0.0175,0.0,ok
"('t', ('446', 'underway_geomics.csv'))",222,2047.0,36.0,63.0,answer_cells,2.0,chawla_lpip,0.1037235511854732,0.32931827107142214,0.53,0.008793356130923302,ok
"('t', ('412', 'proteins_sig_axis_1_loadings.txt'))",81,19.0,0.0,70.0,support_rows,0.0,uniform,0.6627878932858648,1.3797941632099808,0.455,0.0,ok
"('t', ('412', 'proteins_sig_axis_1_loadings.txt'))",81,19.0,0.0,70.0,support_rows,0.0,qirana_weighted_coverage,0.010212489997894496,1.6145348408955307,0.965,0.0,ok
"('t', ('412', 'proteins_sig_axis_1_loadings.txt'))",81,19.0,0.0,70.0,support_rows,0.0,querymarket_viewcover,0.45552595858869205,1.5990803363654467,0.7225,0.0,ok
"('t', ('412', 'proteins_sig_axis_1_loadings.txt'))",81,19.0,0.0,70.0,support_rows,0.0,monopoly_per_asset,0.5947525725108261,1.0579290522576545,0.59,0.3157894736842105,ok
"('t', ('412', 'proteins_sig_axis_1_loadings.txt'))",81,19.0,0.0,70.0,support_rows,0.0,chawla_ubp,0.6926171795093661,1.298073243212442,0.4025,0.0,ok
"('t', ('412', 'proteins_sig_axis_1_loadings.txt'))",81,19.0,0.0,70.0,support_rows,0.0,chawla_lpip,0.00982397786687117,1.6169889132261974,0.98,0.0,ok
"('t', ('412', 'proteins_sig_axis_1_loadings.txt'))",81,19.0,0.0,70.0,support_rows,1.0,uniform,0.5040538359030596,0.9478013323070277,0.395,0.0,ok
"('t', ('412', 'proteins_sig_axis_1_loadings.txt'))",81,19.0,0.0,70.0,support_rows,1.0,qirana_weighted_coverage,0.021764910905413146,1.1451469082297088,0.7125,0.0,ok
"('t', ('412', 'proteins_sig_axis_1_loadings.txt'))",81,19.0,0.0,70.0,support_rows,1.0,querymarket_viewcover,0.3547886516292139,1.162440520582312,0.96,0.0,ok
"('t', ('412', 'proteins_sig_axis_1_loadings.txt'))",81,19.0,0.0,70.0,support_rows,1.0,monopoly_per_asset,0.3752267499110813,0.670206189967044,0.4725,0.47368421052631576,ok
"('t', ('412', 'proteins_sig_axis_1_loadings.txt'))",81,19.0,0.0,70.0,support_rows,1.0,chawla_ubp,0.4795477978504519,0.7910607132899192,0.2875,0.0,ok
"('t', ('412', 'proteins_sig_axis_1_loadings.txt'))",81,19.0,0.0,70.0,support_rows,1.0,chawla_lpip,0.023020420662925038,1.146900917551533,0.7225,0.0,ok
"('t', ('412', 'proteins_sig_axis_1_loadings.txt'))",81,19.0,0.0,70.0,support_rows,2.0,uniform,0.7976423496478628,1.5975557716981839,0.6125,0.0,ok
"('t', ('412', 'proteins_sig_axis_1_loadings.txt'))",81,19.0,0.0,70.0,support_rows,2.0,qirana_weighted_coverage,0.006088775623091422,1.8326732344912402,0.97,0.0,ok
"('t', ('412', 'proteins_sig_axis_1_loadings.txt'))",81,19.0,0.0,70.0,support_rows,2.0,querymarket_viewcover,0.5216058653417776,1.8084650096206167,0.89,0.0,ok
"('t', ('412', 'proteins_sig_axis_1_loadings.txt'))",81,19.0,0.0,70.0,support_rows,2.0,monopoly_per_asset,0.5732645005095811,1.0292093485919407,0.4275,0.47368421052631576,ok
"('t', ('412', 'proteins_sig_axis_1_loadings.txt'))",81,19.0,0.0,70.0,support_rows,2.0,chawla_ubp,0.7970261244739146,1.5260289669863198,0.56,0.0,ok
"('t', ('412', 'proteins_sig_axis_1_loadings.txt'))",81,19.0,0.0,70.0,support_rows,2.0,chawla_lpip,0.006253621653433195,1.8326732344912402,0.97,0.0,ok
"('t', ('412', 'proteins_sig_axis_1_loadings.txt'))",81,19.0,0.0,70.0,answer_cells,0.0,uniform,0.6627878932858648,1.3797941632099808,0.455,0.0,ok
"('t', ('412', 'proteins_sig_axis_1_loadings.txt'))",81,19.0,0.0,70.0,answer_cells,0.0,qirana_weighted_coverage,0.010212489997894496,1.6145348408955307,0.965,0.0,ok
"('t', ('412', 'proteins_sig_axis_1_loadings.txt'))",81,19.0,0.0,70.0,answer_cells,0.0,querymarket_viewcover,0.45552595858869205,1.5990803363654467,0.7225,0.0,ok
"('t', ('412', 'proteins_sig_axis_1_loadings.txt'))",81,19.0,0.0,70.0,answer_cells,0.0,monopoly_per_asset,0.5947525725108261,1.0579290522576545,0.59,0.3157894736842105,ok
"('t', ('412', 'proteins_sig_axis_1_loadings.txt'))",81,19.0,0.0,70.0,answer_cells,0.0,chawla_ubp,0.6926171795093661,1.298073243212442,0.4025,0.0,ok
"('t', ('412', 'proteins_sig_axis_1_loadings.txt'))",81,19.0,0.0,70.0,answer_cells,0.0,chawla_lpip,0.00982397786687117,1.6169889132261974,0.98,0.0,ok
"('t', ('412', 'proteins_sig_axis_1_loadings.txt'))",81,19.0,0.0,70.0,answer_cells,1.0,uniform,0.5040538359030596,0.9478013323070277,0.395,0.0,ok
"('t', ('412', 'proteins_sig_axis_1_loadings.txt'))",81,19.0,0.0,70.0,answer_cells,1.0,qirana_weighted_coverage,0.021764910905413146,1.1451469082297088,0.7125,0.0,ok
"('t', ('412', 'proteins_sig_axis_1_loadings.txt'))",81,19.0,0.0,70.0,answer_cells,1.0,querymarket_viewcover,0.3547886516292139,1.162440520582312,0.96,0.0,ok
"('t', ('412', 'proteins_sig_axis_1_loadings.txt'))",81,19.0,0.0,70.0,answer_cells,1.0,monopoly_per_asset,0.3752267499110813,0.670206189967044,0.4725,0.47368421052631576,ok
"('t', ('412', 'proteins_sig_axis_1_loadings.txt'))",81,19.0,0.0,70.0,answer_cells,1.0,chawla_ubp,0.4795477978504519,0.7910607132899192,0.2875,0.0,ok
"('t', ('412', 'proteins_sig_axis_1_loadings.txt'))",81,19.0,0.0,70.0,answer_cells,1.0,chawla_lpip,0.023020420662925038,1.146900917551533,0.7225,0.0,ok
"('t', ('412', 'proteins_sig_axis_1_loadings.txt'))",81,19.0,0.0,70.0,answer_cells,2.0,uniform,0.7976423496478628,1.5975557716981839,0.6125,0.0,ok
"('t', ('412', 'proteins_sig_axis_1_loadings.txt'))",81,19.0,0.0,70.0,answer_cells,2.0,qirana_weighted_coverage,0.006088775623091422,1.8326732344912402,0.97,0.0,ok
"('t', ('412', 'proteins_sig_axis_1_loadings.txt'))",81,19.0,0.0,70.0,answer_cells,2.0,querymarket_viewcover,0.5216058653417776,1.8084650096206167,0.89,0.0,ok
"('t', ('412', 'proteins_sig_axis_1_loadings.txt'))",81,19.0,0.0,70.0,answer_cells,2.0,monopoly_per_asset,0.5732645005095811,1.0292093485919407,0.4275,0.47368421052631576,ok
"('t', ('412', 'proteins_sig_axis_1_loadings.txt'))",81,19.0,0.0,70.0,answer_cells,2.0,chawla_ubp,0.7970261244739146,1.5260289669863198,0.56,0.0,ok
"('t', ('412', 'proteins_sig_axis_1_loadings.txt'))",81,19.0,0.0,70.0,answer_cells,2.0,chawla_lpip,0.006253621653433195,1.8326732344912402,0.97,0.0,ok
"('t', ('1123', 'table_table s14.csv'))",81,284.0,0.0,81.0,support_rows,0.0,uniform,0.4628049403302421,0.8922850152573674,0.2275,0.0,ok
"('t', ('1123', 'table_table s14.csv'))",81,284.0,0.0,81.0,support_rows,0.0,qirana_weighted_coverage,0.0,1.3172483829437767,1.0,0.0,ok
"('t', ('1123', 'table_table s14.csv'))",81,284.0,0.0,81.0,support_rows,0.0,querymarket_viewcover,0.40025950138941135,1.1597784165914853,0.6575,0.0,ok
"('t', ('1123', 'table_table s14.csv'))",81,284.0,0.0,81.0,support_rows,0.0,monopoly_per_asset,0.4163557475287269,0.8752865556544525,0.585,0.2007042253521127,ok
"('t', ('1123', 'table_table s14.csv'))",81,284.0,0.0,81.0,support_rows,0.0,chawla_ubp,0.3876513305233659,0.7551720780850546,0.165,0.0,ok
"('t', ('1123', 'table_table s14.csv'))",81,284.0,0.0,81.0,support_rows,0.0,chawla_lpip,0.0,1.3172483829437767,1.0,0.0,ok
"('t', ('1123', 'table_table s14.csv'))",81,284.0,0.0,81.0,support_rows,1.0,uniform,1.058665663911666,2.4965534981042845,0.4525,0.0,ok
"('t', ('1123', 'table_table s14.csv'))",81,284.0,0.0,81.0,support_rows,1.0,qirana_weighted_coverage,0.0,2.861695206094459,1.0,0.0,ok
"('t', ('1123', 'table_table s14.csv'))",81,284.0,0.0,81.0,support_rows,1.0,querymarket_viewcover,0.9329713867310152,2.704053991078549,0.7225,0.0,ok
"('t', ('1123', 'table_table s14.csv'))",81,284.0,0.0,81.0,support_rows,1.0,monopoly_per_asset,1.0097079933662338,2.221121238747149,0.5175,0.22887323943661972,ok
"('t', ('1123', 'table_table s14.csv'))",81,284.0,0.0,81.0,support_rows,1.0,chawla_ubp,1.095754156705752,1.9020019386732157,0.265,0.0,ok
"('t', ('1123', 'table_table s14.csv'))",81,284.0,0.0,81.0,support_rows,1.0,chawla_lpip,0.0,2.861695206094459,1.0,0.0,ok
"('t', ('1123', 'table_table s14.csv'))",81,284.0,0.0,81.0,support_rows,2.0,uniform,1.1407269770701316,2.5935519243900034,0.405,0.0,ok
"('t', ('1123', 'table_table s14.csv'))",81,284.0,0.0,81.0,support_rows,2.0,qirana_weighted_coverage,0.0,3.0811760971633055,1.0,0.0,ok
"('t', ('1123', 'table_table s14.csv'))",81,284.0,0.0,81.0,support_rows,2.0,querymarket_viewcover,0.9818802304591003,2.760010523748146,0.5975,0.0,ok
"('t', ('1123', 'table_table s14.csv'))",81,284.0,0.0,81.0,support_rows,2.0,monopoly_per_asset,1.1114733392430334,1.9400539621080264,0.3825,0.2746478873239437,ok
"('t', ('1123', 'table_table s14.csv'))",81,284.0,0.0,81.0,support_rows,2.0,chawla_ubp,1.2124392345595352,2.1805903149992543,0.29,0.0,ok
"('t', ('1123', 'table_table s14.csv'))",81,284.0,0.0,81.0,support_rows,2.0,chawla_lpip,0.0,3.0811760971633055,1.0,0.0,ok
"('t', ('1123', 'table_table s14.csv'))",81,284.0,0.0,81.0,answer_cells,0.0,uniform,0.4628049403302421,0.8922850152573674,0.2275,0.0,ok
"('t', ('1123', 'table_table s14.csv'))",81,284.0,0.0,81.0,answer_cells,0.0,qirana_weighted_coverage,0.0,1.3172483829437767,1.0,0.0,ok
"('t', ('1123', 'table_table s14.csv'))",81,284.0,0.0,81.0,answer_cells,0.0,querymarket_viewcover,0.40025950138941135,1.1597784165914853,0.6575,0.0,ok
"('t', ('1123', 'table_table s14.csv'))",81,284.0,0.0,81.0,answer_cells,0.0,monopoly_per_asset,0.4163557475287269,0.8752865556544525,0.585,0.2007042253521127,ok
"('t', ('1123', 'table_table s14.csv'))",81,284.0,0.0,81.0,answer_cells,0.0,chawla_ubp,0.3876513305233659,0.7551720780850546,0.165,0.0,ok
"('t', ('1123', 'table_table s14.csv'))",81,284.0,0.0,81.0,answer_cells,0.0,chawla_lpip,0.0,1.3172483829437767,1.0,0.0,ok
"('t', ('1123', 'table_table s14.csv'))",81,284.0,0.0,81.0,answer_cells,1.0,uniform,1.058665663911666,2.4965534981042845,0.4525,0.0,ok
"('t', ('1123', 'table_table s14.csv'))",81,284.0,0.0,81.0,answer_cells,1.0,qirana_weighted_coverage,0.0,2.861695206094459,1.0,0.0,ok
"('t', ('1123', 'table_table s14.csv'))",81,284.0,0.0,81.0,answer_cells,1.0,querymarket_viewcover,0.9329713867310152,2.704053991078549,0.7225,0.0,ok
"('t', ('1123', 'table_table s14.csv'))",81,284.0,0.0,81.0,answer_cells,1.0,monopoly_per_asset,1.0097079933662338,2.221121238747149,0.5175,0.22887323943661972,ok
"('t', ('1123', 'table_table s14.csv'))",81,284.0,0.0,81.0,answer_cells,1.0,chawla_ubp,1.095754156705752,1.9020019386732157,0.265,0.0,ok
"('t', ('1123', 'table_table s14.csv'))",81,284.0,0.0,81.0,answer_cells,1.0,chawla_lpip,0.0,2.861695206094459,1.0,0.0,ok
"('t', ('1123', 'table_table s14.csv'))",81,284.0,0.0,81.0,answer_cells,2.0,uniform,1.1407269770701316,2.5935519243900034,0.405,0.0,ok
"('t', ('1123', 'table_table s14.csv'))",81,284.0,0.0,81.0,answer_cells,2.0,qirana_weighted_coverage,0.0,3.0811760971633055,1.0,0.0,ok
"('t', ('1123', 'table_table s14.csv'))",81,284.0,0.0,81.0,answer_cells,2.0,querymarket_viewcover,0.9818802304591003,2.760010523748146,0.5975,0.0,ok
"('t', ('1123', 'table_table s14.csv'))",81,284.0,0.0,81.0,answer_cells,2.0,monopoly_per_asset,1.1114733392430334,1.9400539621080264,0.3825,0.2746478873239437,ok
"('t', ('1123', 'table_table s14.csv'))",81,284.0,0.0,81.0,answer_cells,2.0,chawla_ubp,1.2124392345595352,2.1805903149992543,0.29,0.0,ok
"('t', ('1123', 'table_table s14.csv'))",81,284.0,0.0,81.0,answer_cells,2.0,chawla_lpip,0.0,3.0811760971633055,1.0,0.0,ok
"('t', ('1059', 'table_sfl.csvf3e8d'))",47,177.0,0.0,47.0,support_rows,0.0,uniform,0.7573360997562452,1.5436984781100145,0.4075,0.0,ok
"('t', ('1059', 'table_sfl.csvf3e8d'))",47,177.0,0.0,47.0,support_rows,0.0,qirana_weighted_coverage,0.0,2.011856554292368,1.0,0.0,ok
"('t', ('1059', 'table_sfl.csvf3e8d'))",47,177.0,0.0,47.0,support_rows,0.0,querymarket_viewcover,0.5541817993534295,1.758186541574504,0.6,0.0,ok
"('t', ('1059', 'table_sfl.csvf3e8d'))",47,177.0,0.0,47.0,support_rows,0.0,monopoly_per_asset,0.7231579291935263,1.3775300569019422,0.435,0.3389830508474576,ok
"('t', ('1059', 'table_sfl.csvf3e8d'))",47,177.0,0.0,47.0,support_rows,0.0,chawla_ubp,0.7580877656645171,1.5436984781100145,0.4075,0.0,ok
"('t', ('1059', 'table_sfl.csvf3e8d'))",47,177.0,0.0,47.0,support_rows,0.0,chawla_lpip,0.0,2.011856554292368,1.0,0.0,ok
"('t', ('1059', 'table_sfl.csvf3e8d'))",47,177.0,0.0,47.0,support_rows,1.0,uniform,0.8455073200925094,1.6319375837125747,0.4325,0.0,ok
"('t', ('1059', 'table_sfl.csvf3e8d'))",47,177.0,0.0,47.0,support_rows,1.0,qirana_weighted_coverage,0.0,2.1178365493663014,1.0,0.0,ok
"('t', ('1059', 'table_sfl.csvf3e8d'))",47,177.0,0.0,47.0,support_rows,1.0,querymarket_viewcover,0.7100483350701613,1.9562657682812208,0.7075,0.0,ok
"('t', ('1059', 'table_sfl.csvf3e8d'))",47,177.0,0.0,47.0,support_rows,1.0,monopoly_per_asset,0.7841753761301624,1.5359197006223178,0.485,0.3163841807909605,ok
"('t', ('1059', 'table_sfl.csvf3e8d'))",47,177.0,0.0,47.0,support_rows,1.0,chawla_ubp,0.8277694414839181,1.571842663485766,0.4025,0.0,ok
"('t', ('1059', 'table_sfl.csvf3e8d'))",47,177.0,0.0,47.0,support_rows,1.0,chawla_lpip,0.0,2.1178365493663014,1.0,0.0,ok
"('t', ('1059', 'table_sfl.csvf3e8d'))",47,177.0,0.0,47.0,support_rows,2.0,uniform,0.9256579602027558,2.1085362690066316,0.475,0.0,ok
"('t', ('1059', 'table_sfl.csvf3e8d'))",47,177.0,0.0,47.0,support_rows,2.0,qirana_weighted_coverage,0.0,2.5151697196215954,1.0,0.0,ok
"('t', ('1059', 'table_sfl.csvf3e8d'))",47,177.0,0.0,47.0,support_rows,2.0,querymarket_viewcover,0.9258493676117932,2.1781521766885668,0.56,0.0,ok
"('t', ('1059', 'table_sfl.csvf3e8d'))",47,177.0,0.0,47.0,support_rows,2.0,monopoly_per_asset,0.9510481448833039,1.8759512559842075,0.58,0.2994350282485876,ok
"('t', ('1059', 'table_sfl.csvf3e8d'))",47,177.0,0.0,47.0,support_rows,2.0,chawla_ubp,0.9268178284147708,2.108536269006632,0.475,0.0,ok
"('t', ('1059', 'table_sfl.csvf3e8d'))",47,177.0,0.0,47.0,support_rows,2.0,chawla_lpip,0.0,2.5151697196215954,1.0,0.0,ok
"('t', ('1059', 'table_sfl.csvf3e8d'))",47,177.0,0.0,47.0,answer_cells,0.0,uniform,0.7573360997562452,1.5436984781100145,0.4075,0.0,ok
"('t', ('1059', 'table_sfl.csvf3e8d'))",47,177.0,0.0,47.0,answer_cells,0.0,qirana_weighted_coverage,0.0,2.011856554292368,1.0,0.0,ok
"('t', ('1059', 'table_sfl.csvf3e8d'))",47,177.0,0.0,47.0,answer_cells,0.0,querymarket_viewcover,0.5541817993534295,1.758186541574504,0.6,0.0,ok
"('t', ('1059', 'table_sfl.csvf3e8d'))",47,177.0,0.0,47.0,answer_cells,0.0,monopoly_per_asset,0.7231579291935263,1.3775300569019422,0.435,0.3389830508474576,ok
"('t', ('1059', 'table_sfl.csvf3e8d'))",47,177.0,0.0,47.0,answer_cells,0.0,chawla_ubp,0.7580877656645171,1.5436984781100145,0.4075,0.0,ok
"('t', ('1059', 'table_sfl.csvf3e8d'))",47,177.0,0.0,47.0,answer_cells,0.0,chawla_lpip,0.0,2.011856554292368,1.0,0.0,ok
"('t', ('1059', 'table_sfl.csvf3e8d'))",47,177.0,0.0,47.0,answer_cells,1.0,uniform,0.8455073200925094,1.6319375837125747,0.4325,0.0,ok
"('t', ('1059', 'table_sfl.csvf3e8d'))",47,177.0,0.0,47.0,answer_cells,1.0,qirana_weighted_coverage,0.0,2.1178365493663014,1.0,0.0,ok
"('t', ('1059', 'table_sfl.csvf3e8d'))",47,177.0,0.0,47.0,answer_cells,1.0,querymarket_viewcover,0.7100483350701613,1.9562657682812208,0.7075,0.0,ok
"('t', ('1059', 'table_sfl.csvf3e8d'))",47,177.0,0.0,47.0,answer_cells,1.0,monopoly_per_asset,0.7841753761301624,1.5359197006223178,0.485,0.3163841807909605,ok
"('t', ('1059', 'table_sfl.csvf3e8d'))",47,177.0,0.0,47.0,answer_cells,1.0,chawla_ubp,0.8277694414839181,1.571842663485766,0.4025,0.0,ok
"('t', ('1059', 'table_sfl.csvf3e8d'))",47,177.0,0.0,47.0,answer_cells,1.0,chawla_lpip,0.0,2.1178365493663014,1.0,0.0,ok
"('t', ('1059', 'table_sfl.csvf3e8d'))",47,177.0,0.0,47.0,answer_cells,2.0,uniform,0.9256579602027558,2.1085362690066316,0.475,0.0,ok
"('t', ('1059', 'table_sfl.csvf3e8d'))",47,177.0,0.0,47.0,answer_cells,2.0,qirana_weighted_coverage,0.0,2.5151697196215954,1.0,0.0,ok
"('t', ('1059', 'table_sfl.csvf3e8d'))",47,177.0,0.0,47.0,answer_cells,2.0,querymarket_viewcover,0.9258493676117932,2.1781521766885668,0.56,0.0,ok
"('t', ('1059', 'table_sfl.csvf3e8d'))",47,177.0,0.0,47.0,answer_cells,2.0,monopoly_per_asset,0.9510481448833039,1.8759512559842075,0.58,0.2994350282485876,ok
"('t', ('1059', 'table_sfl.csvf3e8d'))",47,177.0,0.0,47.0,answer_cells,2.0,chawla_ubp,0.9268178284147708,2.108536269006632,0.475,0.0,ok
"('t', ('1059', 'table_sfl.csvf3e8d'))",47,177.0,0.0,47.0,answer_cells,2.0,chawla_lpip,0.0,2.5151697196215954,1.0,0.0,ok
"('t', ('412', 'interact-2015_june_9_bactdetection28.prot.xls'))",64,3.0,0.0,63.0,support_rows,0.0,uniform,0.7882169645064863,1.553484222020908,0.68,0.0,ok
"('t', ('412', 'interact-2015_june_9_bactdetection28.prot.xls'))",64,3.0,0.0,63.0,support_rows,0.0,qirana_weighted_coverage,0.029278133301828504,1.7942394647764932,0.9975,0.0,ok
"('t', ('412', 'interact-2015_june_9_bactdetection28.prot.xls'))",64,3.0,0.0,63.0,support_rows,0.0,querymarket_viewcover,0.48590135494310505,1.7873077721878632,0.98,0.0,ok
"('t', ('412', 'interact-2015_june_9_bactdetection28.prot.xls'))",64,3.0,0.0,63.0,support_rows,0.0,monopoly_per_asset,0.5468133044987414,0.9426220849546245,0.395,0.6666666666666666,ok
"('t', ('412', 'interact-2015_june_9_bactdetection28.prot.xls'))",64,3.0,0.0,63.0,support_rows,0.0,chawla_ubp,0.7898541557669125,1.553484222020908,0.68,0.0,ok
"('t', ('412', 'interact-2015_june_9_bactdetection28.prot.xls'))",64,3.0,0.0,63.0,support_rows,0.0,chawla_lpip,0.03685366823612435,1.7942394647764932,0.9975,0.0,ok
"('t', ('412', 'interact-2015_june_9_bactdetection28.prot.xls'))",64,3.0,0.0,63.0,support_rows,1.0,uniform,0.6819163060297153,1.1376047367163153,0.47,0.0,ok
"('t', ('412', 'interact-2015_june_9_bactdetection28.prot.xls'))",64,3.0,0.0,63.0,support_rows,1.0,qirana_weighted_coverage,0.0,1.6467088713095692,0.9975,0.0,ok
"('t', ('412', 'interact-2015_june_9_bactdetection28.prot.xls'))",64,3.0,0.0,63.0,support_rows,1.0,querymarket_viewcover,0.4291045084311362,1.640738199447241,0.9825,0.0,ok
"('t', ('412', 'interact-2015_june_9_bactdetection28.prot.xls'))",64,3.0,0.0,63.0,support_rows,1.0,monopoly_per_asset,0.6370944784208135,1.0447793924258255,0.44,0.3333333333333333,ok
"('t', ('412', 'interact-2015_june_9_bactdetection28.prot.xls'))",64,3.0,0.0,63.0,support_rows,1.0,chawla_ubp,0.6876474034610274,1.1556333498374847,0.4825,0.0,ok
"('t', ('412', 'interact-2015_june_9_bactdetection28.prot.xls'))",64,3.0,0.0,63.0,support_rows,1.0,chawla_lpip,0.0,1.6467088713095692,0.9975,0.0,ok
"('t', ('412', 'interact-2015_june_9_bactdetection28.prot.xls'))",64,3.0,0.0,63.0,support_rows,2.0,uniform,0.7212526320952954,1.3950288176492986,0.6375,0.0,ok
"('t', ('412', 'interact-2015_june_9_bactdetection28.prot.xls'))",64,3.0,0.0,63.0,support_rows,2.0,qirana_weighted_coverage,0.019933415355803532,1.6575975321515293,1.0,0.0,ok
"('t', ('412', 'interact-2015_june_9_bactdetection28.prot.xls'))",64,3.0,0.0,63.0,support_rows,2.0,querymarket_viewcover,0.43913423620000847,1.6461622896276715,0.9675,0.0,ok
"('t', ('412', 'interact-2015_june_9_bactdetection28.prot.xls'))",64,3.0,0.0,63.0,support_rows,2.0,monopoly_per_asset,0.6559642575150743,1.1344780938861816,0.48,0.3333333333333333,ok
"('t', ('412', 'interact-2015_june_9_bactdetection28.prot.xls'))",64,3.0,0.0,63.0,support_rows,2.0,chawla_ubp,0.7207682368411005,1.3807764522084773,0.625,0.0,ok
"('t', ('412', 'interact-2015_june_9_bactdetection28.prot.xls'))",64,3.0,0.0,63.0,support_rows,2.0,chawla_lpip,0.024522353874674992,1.6575975321515293,1.0,0.0,ok
"('t', ('412', 'interact-2015_june_9_bactdetection28.prot.xls'))",64,3.0,0.0,63.0,answer_cells,0.0,uniform,0.7882169645064863,1.553484222020908,0.68,0.0,ok
"('t', ('412', 'interact-2015_june_9_bactdetection28.prot.xls'))",64,3.0,0.0,63.0,answer_cells,0.0,qirana_weighted_coverage,0.029278133301828504,1.7942394647764932,0.9975,0.0,ok
"('t', ('412', 'interact-2015_june_9_bactdetection28.prot.xls'))",64,3.0,0.0,63.0,answer_cells,0.0,querymarket_viewcover,0.48590135494310505,1.7873077721878632,0.98,0.0,ok
"('t', ('412', 'interact-2015_june_9_bactdetection28.prot.xls'))",64,3.0,0.0,63.0,answer_cells,0.0,monopoly_per_asset,0.5468133044987414,0.9426220849546245,0.395,0.6666666666666666,ok
"('t', ('412', 'interact-2015_june_9_bactdetection28.prot.xls'))",64,3.0,0.0,63.0,answer_cells,0.0,chawla_ubp,0.7898541557669125,1.553484222020908,0.68,0.0,ok
"('t', ('412', 'interact-2015_june_9_bactdetection28.prot.xls'))",64,3.0,0.0,63.0,answer_cells,0.0,chawla_lpip,0.03685366823612435,1.7942394647764932,0.9975,0.0,ok
"('t', ('412', 'interact-2015_june_9_bactdetection28.prot.xls'))",64,3.0,0.0,63.0,answer_cells,1.0,uniform,0.6819163060297153,1.1376047367163153,0.47,0.0,ok
"('t', ('412', 'interact-2015_june_9_bactdetection28.prot.xls'))",64,3.0,0.0,63.0,answer_cells,1.0,qirana_weighted_coverage,0.0,1.6467088713095692,0.9975,0.0,ok
"('t', ('412', 'interact-2015_june_9_bactdetection28.prot.xls'))",64,3.0,0.0,63.0,answer_cells,1.0,querymarket_viewcover,0.4291045084311362,1.640738199447241,0.9825,0.0,ok
"('t', ('412', 'interact-2015_june_9_bactdetection28.prot.xls'))",64,3.0,0.0,63.0,answer_cells,1.0,monopoly_per_asset,0.6370944784208135,1.0447793924258255,0.44,0.3333333333333333,ok
"('t', ('412', 'interact-2015_june_9_bactdetection28.prot.xls'))",64,3.0,0.0,63.0,answer_cells,1.0,chawla_ubp,0.6876474034610274,1.1556333498374847,0.4825,0.0,ok
"('t', ('412', 'interact-2015_june_9_bactdetection28.prot.xls'))",64,3.0,0.0,63.0,answer_cells,1.0,chawla_lpip,0.0,1.6467088713095692,0.9975,0.0,ok
"('t', ('412', 'interact-2015_june_9_bactdetection28.prot.xls'))",64,3.0,0.0,63.0,answer_cells,2.0,uniform,0.7212526320952954,1.3950288176492986,0.6375,0.0,ok
"('t', ('412', 'interact-2015_june_9_bactdetection28.prot.xls'))",64,3.0,0.0,63.0,answer_cells,2.0,qirana_weighted_coverage,0.019933415355803532,1.6575975321515293,1.0,0.0,ok
"('t', ('412', 'interact-2015_june_9_bactdetection28.prot.xls'))",64,3.0,0.0,63.0,answer_cells,2.0,querymarket_viewcover,0.43913423620000847,1.6461622896276715,0.9675,0.0,ok
"('t', ('412', 'interact-2015_june_9_bactdetection28.prot.xls'))",64,3.0,0.0,63.0,answer_cells,2.0,monopoly_per_asset,0.6559642575150743,1.1344780938861816,0.48,0.3333333333333333,ok
"('t', ('412', 'interact-2015_june_9_bactdetection28.prot.xls'))",64,3.0,0.0,63.0,answer_cells,2.0,chawla_ubp,0.7207682368411005,1.3807764522084773,0.625,0.0,ok
"('t', ('412', 'interact-2015_june_9_bactdetection28.prot.xls'))",64,3.0,0.0,63.0,answer_cells,2.0,chawla_lpip,0.024522353874674992,1.6575975321515293,1.0,0.0,ok
"('t', ('826', 'table_pmureate.seastar_fornormalizing.txt'))",60,129.0,0.0,35.0,support_rows,0.0,uniform,0.4960631462338094,1.0062722614499504,0.2225,0.0,ok
"('t', ('826', 'table_pmureate.seastar_fornormalizing.txt'))",60,129.0,0.0,35.0,support_rows,0.0,qirana_weighted_coverage,0.27335534094029,1.3458697140563733,0.885,0.0,ok
"('t', ('826', 'table_pmureate.seastar_fornormalizing.txt'))",60,129.0,0.0,35.0,support_rows,0.0,querymarket_viewcover,0.32817547012626613,1.273635708810692,0.535,0.0,ok
"('t', ('826', 'table_pmureate.seastar_fornormalizing.txt'))",60,129.0,0.0,35.0,support_rows,0.0,monopoly_per_asset,0.5190836444965796,0.9307288469397825,0.365,0.3023255813953488,ok
"('t', ('826', 'table_pmureate.seastar_fornormalizing.txt'))",60,129.0,0.0,35.0,support_rows,0.0,chawla_ubp,0.4864583482132609,0.9951095137228334,0.2175,0.0,ok
"('t', ('826', 'table_pmureate.seastar_fornormalizing.txt'))",60,129.0,0.0,35.0,support_rows,0.0,chawla_lpip,0.43232298827194654,1.1363539055999121,0.765,0.0,ok
"('t', ('826', 'table_pmureate.seastar_fornormalizing.txt'))",60,129.0,0.0,35.0,support_rows,1.0,uniform,0.6693088319468893,1.490992761682239,0.34,0.0,ok
"('t', ('826', 'table_pmureate.seastar_fornormalizing.txt'))",60,129.0,0.0,35.0,support_rows,1.0,qirana_weighted_coverage,0.25328864339710205,2.043159290863927,0.9675,0.0,ok
"('t', ('826', 'table_pmureate.seastar_fornormalizing.txt'))",60,129.0,0.0,35.0,support_rows,1.0,querymarket_viewcover,0.33580098499723676,1.7466569465205428,0.58,0.0,ok
"('t', ('826', 'table_pmureate.seastar_fornormalizing.txt'))",60,129.0,0.0,35.0,support_rows,1.0,monopoly_per_asset,0.4795837298639188,1.3339617699095057,0.505,0.3178294573643411,ok
"('t', ('826', 'table_pmureate.seastar_fornormalizing.txt'))",60,129.0,0.0,35.0,support_rows,1.0,chawla_ubp,0.6693122019971264,1.4909927616822394,0.34,0.0,ok
"('t', ('826', 'table_pmureate.seastar_fornormalizing.txt'))",60,129.0,0.0,35.0,support_rows,1.0,chawla_lpip,0.4289657219325243,1.944106276013657,0.92,0.0,ok
"('t', ('826', 'table_pmureate.seastar_fornormalizing.txt'))",60,129.0,0.0,35.0,support_rows,2.0,uniform,0.6563222076063673,1.996433223597657,0.5275,0.0,ok
"('t', ('826', 'table_pmureate.seastar_fornormalizing.txt'))",60,129.0,0.0,35.0,support_rows,2.0,qirana_weighted_coverage,0.4463007367781588,2.12484345727808,0.91,0.0,ok
"('t', ('826', 'table_pmureate.seastar_fornormalizing.txt'))",60,129.0,0.0,35.0,support_rows,2.0,querymarket_viewcover,0.2906787890427849,2.065484938487548,0.6375,0.0,ok
"('t', ('826', 'table_pmureate.seastar_fornormalizing.txt'))",60,129.0,0.0,35.0,support_rows,2.0,monopoly_per_asset,0.6575294605329568,1.7096310902186562,0.5175,0.40310077519379844,ok
"('t', ('826', 'table_pmureate.seastar_fornormalizing.txt'))",60,129.0,0.0,35.0,support_rows,2.0,chawla_ubp,0.6705264262165781,1.947802909164377,0.49,0.0,ok
"('t', ('826', 'table_pmureate.seastar_fornormalizing.txt'))",60,129.0,0.0,35.0,support_rows,2.0,chawla_lpip,0.615634918392175,1.8818433895812232,0.79,0.0,ok
"('t', ('826', 'table_pmureate.seastar_fornormalizing.txt'))",60,129.0,0.0,35.0,answer_cells,0.0,uniform,0.4960631462338094,1.0062722614499504,0.2225,0.0,ok
"('t', ('826', 'table_pmureate.seastar_fornormalizing.txt'))",60,129.0,0.0,35.0,answer_cells,0.0,qirana_weighted_coverage,0.27335534094029,1.3458697140563733,0.885,0.0,ok
"('t', ('826', 'table_pmureate.seastar_fornormalizing.txt'))",60,129.0,0.0,35.0,answer_cells,0.0,querymarket_viewcover,0.32817547012626613,1.273635708810692,0.535,0.0,ok
"('t', ('826', 'table_pmureate.seastar_fornormalizing.txt'))",60,129.0,0.0,35.0,answer_cells,0.0,monopoly_per_asset,0.5190836444965796,0.9307288469397825,0.365,0.3023255813953488,ok
"('t', ('826', 'table_pmureate.seastar_fornormalizing.txt'))",60,129.0,0.0,35.0,answer_cells,0.0,chawla_ubp,0.4864583482132609,0.9951095137228334,0.2175,0.0,ok
"('t', ('826', 'table_pmureate.seastar_fornormalizing.txt'))",60,129.0,0.0,35.0,answer_cells,0.0,chawla_lpip,0.43232298827194654,1.1363539055999121,0.765,0.0,ok
"('t', ('826', 'table_pmureate.seastar_fornormalizing.txt'))",60,129.0,0.0,35.0,answer_cells,1.0,uniform,0.6693088319468893,1.490992761682239,0.34,0.0,ok
"('t', ('826', 'table_pmureate.seastar_fornormalizing.txt'))",60,129.0,0.0,35.0,answer_cells,1.0,qirana_weighted_coverage,0.25328864339710205,2.043159290863927,0.9675,0.0,ok
"('t', ('826', 'table_pmureate.seastar_fornormalizing.txt'))",60,129.0,0.0,35.0,answer_cells,1.0,querymarket_viewcover,0.33580098499723676,1.7466569465205428,0.58,0.0,ok
"('t', ('826', 'table_pmureate.seastar_fornormalizing.txt'))",60,129.0,0.0,35.0,answer_cells,1.0,monopoly_per_asset,0.4795837298639188,1.3339617699095057,0.505,0.3178294573643411,ok
"('t', ('826', 'table_pmureate.seastar_fornormalizing.txt'))",60,129.0,0.0,35.0,answer_cells,1.0,chawla_ubp,0.6693122019971264,1.4909927616822394,0.34,0.0,ok
"('t', ('826', 'table_pmureate.seastar_fornormalizing.txt'))",60,129.0,0.0,35.0,answer_cells,1.0,chawla_lpip,0.4289657219325243,1.944106276013657,0.92,0.0,ok
"('t', ('826', 'table_pmureate.seastar_fornormalizing.txt'))",60,129.0,0.0,35.0,answer_cells,2.0,uniform,0.6563222076063673,1.996433223597657,0.5275,0.0,ok
"('t', ('826', 'table_pmureate.seastar_fornormalizing.txt'))",60,129.0,0.0,35.0,answer_cells,2.0,qirana_weighted_coverage,0.4463007367781588,2.12484345727808,0.91,0.0,ok
"('t', ('826', 'table_pmureate.seastar_fornormalizing.txt'))",60,129.0,0.0,35.0,answer_cells,2.0,querymarket_viewcover,0.2906787890427849,2.065484938487548,0.6375,0.0,ok
"('t', ('826', 'table_pmureate.seastar_fornormalizing.txt'))",60,129.0,0.0,35.0,answer_cells,2.0,monopoly_per_asset,0.6575294605329568,1.7096310902186562,0.5175,0.40310077519379844,ok
"('t', ('826', 'table_pmureate.seastar_fornormalizing.txt'))",60,129.0,0.0,35.0,answer_cells,2.0,chawla_ubp,0.6705264262165781,1.947802909164377,0.49,0.0,ok
"('t', ('826', 'table_pmureate.seastar_fornormalizing.txt'))",60,129.0,0.0,35.0,answer_cells,2.0,chawla_lpip,0.615634918392175,1.8818433895812232,0.79,0.0,ok
"('t', ('826', 'psemu1_genecatalog_proteins_20111011_kog.tab.txt'))",55,77.0,9.0,4.0,support_rows,0.0,uniform,0.5037075353683635,0.9331866689195273,0.255,0.0,ok
"('t', ('826', 'psemu1_genecatalog_proteins_20111011_kog.tab.txt'))",55,77.0,9.0,4.0,support_rows,0.0,qirana_weighted_coverage,0.4508680289623412,1.385433183955768,0.7575,0.11688311688311688,ok
"('t', ('826', 'psemu1_genecatalog_proteins_20111011_kog.tab.txt'))",55,77.0,9.0,4.0,support_rows,0.0,querymarket_viewcover,0.49427347307523756,1.448244893732772,0.8475,0.0,ok
"('t', ('826', 'psemu1_genecatalog_proteins_20111011_kog.tab.txt'))",55,77.0,9.0,4.0,support_rows,0.0,monopoly_per_asset,0.4997053704699574,0.8685213566083686,0.4025,0.38961038961038963,ok
"('t', ('826', 'psemu1_genecatalog_proteins_20111011_kog.tab.txt'))",55,77.0,9.0,4.0,support_rows,0.0,chawla_ubp,0.501527312975431,0.9282255099006428,0.2525,0.0,ok
"('t', ('826', 'psemu1_genecatalog_proteins_20111011_kog.tab.txt'))",55,77.0,9.0,4.0,support_rows,0.0,chawla_lpip,0.4230051646262175,1.0113008973990465,0.4775,0.11688311688311688,ok
"('t', ('826', 'psemu1_genecatalog_proteins_20111011_kog.tab.txt'))",55,77.0,9.0,4.0,support_rows,1.0,uniform,0.7211730321055627,1.5945695436069303,0.4525,0.0,ok
"('t', ('826', 'psemu1_genecatalog_proteins_20111011_kog.tab.txt'))",55,77.0,9.0,4.0,support_rows,1.0,qirana_weighted_coverage,0.67536943669081,1.8160821761669832,0.78,0.11688311688311688,ok
"('t', ('826', 'psemu1_genecatalog_proteins_20111011_kog.tab.txt'))",55,77.0,9.0,4.0,support_rows,1.0,querymarket_viewcover,0.5554345100491125,1.846239103452584,0.8125,0.0,ok
"('t', ('826', 'psemu1_genecatalog_proteins_20111011_kog.tab.txt'))",55,77.0,9.0,4.0,support_rows,1.0,monopoly_per_asset,0.7468429809601899,1.340501701219207,0.495,0.2597402597402597,ok
"('t', ('826', 'psemu1_genecatalog_proteins_20111011_kog.tab.txt'))",55,77.0,9.0,4.0,support_rows,1.0,chawla_ubp,0.7247297860542111,1.5945695436069298,0.4525,0.0,ok
"('t', ('826', 'psemu1_genecatalog_proteins_20111011_kog.tab.txt'))",55,77.0,9.0,4.0,support_rows,1.0,chawla_lpip,0.6782369804628031,1.73944694001568,0.6425,0.11688311688311688,ok
"('t', ('826', 'psemu1_genecatalog_proteins_20111011_kog.tab.txt'))",55,77.0,9.0,4.0,support_rows,2.0,uniform,0.4250015639162477,1.0463928065224193,0.33,0.0,ok
"('t', ('826', 'psemu1_genecatalog_proteins_20111011_kog.tab.txt'))",55,77.0,9.0,4.0,support_rows,2.0,qirana_weighted_coverage,0.40569080114740974,1.2980208660579784,0.775,0.11688311688311688,ok
"('t', ('826', 'psemu1_genecatalog_proteins_20111011_kog.tab.txt'))",55,77.0,9.0,4.0,support_rows,2.0,querymarket_viewcover,0.37541640877507365,1.3407376532358775,0.8825,0.0,ok
"('t', ('826', 'psemu1_genecatalog_proteins_20111011_kog.tab.txt'))",55,77.0,9.0,4.0,support_rows,2.0,monopoly_per_asset,0.5235055925215334,0.94133268393119,0.515,0.18181818181818182,ok
"('t', ('826', 'psemu1_genecatalog_proteins_20111011_kog.tab.txt'))",55,77.0,9.0,4.0,support_rows,2.0,chawla_ubp,0.4255698857987078,1.036627163820356,0.3225,0.0,ok
"('t', ('826', 'psemu1_genecatalog_proteins_20111011_kog.tab.txt'))",55,77.0,9.0,4.0,support_rows,2.0,chawla_lpip,0.4356378772512915,1.0492021360293593,0.485,0.11688311688311688,ok
"('t', ('826', 'psemu1_genecatalog_proteins_20111011_kog.tab.txt'))",55,77.0,9.0,4.0,answer_cells,0.0,uniform,0.5037075353683635,0.9331866689195273,0.255,0.0,ok
"('t', ('826', 'psemu1_genecatalog_proteins_20111011_kog.tab.txt'))",55,77.0,9.0,4.0,answer_cells,0.0,qirana_weighted_coverage,0.4508680289623412,1.385433183955768,0.7575,0.11688311688311688,ok
"('t', ('826', 'psemu1_genecatalog_proteins_20111011_kog.tab.txt'))",55,77.0,9.0,4.0,answer_cells,0.0,querymarket_viewcover,0.49427347307523756,1.448244893732772,0.8475,0.0,ok
"('t', ('826', 'psemu1_genecatalog_proteins_20111011_kog.tab.txt'))",55,77.0,9.0,4.0,answer_cells,0.0,monopoly_per_asset,0.4997053704699574,0.8685213566083686,0.4025,0.38961038961038963,ok
"('t', ('826', 'psemu1_genecatalog_proteins_20111011_kog.tab.txt'))",55,77.0,9.0,4.0,answer_cells,0.0,chawla_ubp,0.501527312975431,0.9282255099006428,0.2525,0.0,ok
"('t', ('826', 'psemu1_genecatalog_proteins_20111011_kog.tab.txt'))",55,77.0,9.0,4.0,answer_cells,0.0,chawla_lpip,0.4230051646262175,1.0113008973990465,0.4775,0.11688311688311688,ok
"('t', ('826', 'psemu1_genecatalog_proteins_20111011_kog.tab.txt'))",55,77.0,9.0,4.0,answer_cells,1.0,uniform,0.7211730321055627,1.5945695436069303,0.4525,0.0,ok
"('t', ('826', 'psemu1_genecatalog_proteins_20111011_kog.tab.txt'))",55,77.0,9.0,4.0,answer_cells,1.0,qirana_weighted_coverage,0.67536943669081,1.8160821761669832,0.78,0.11688311688311688,ok
"('t', ('826', 'psemu1_genecatalog_proteins_20111011_kog.tab.txt'))",55,77.0,9.0,4.0,answer_cells,1.0,querymarket_viewcover,0.5554345100491125,1.846239103452584,0.8125,0.0,ok
"('t', ('826', 'psemu1_genecatalog_proteins_20111011_kog.tab.txt'))",55,77.0,9.0,4.0,answer_cells,1.0,monopoly_per_asset,0.7468429809601899,1.340501701219207,0.495,0.2597402597402597,ok
"('t', ('826', 'psemu1_genecatalog_proteins_20111011_kog.tab.txt'))",55,77.0,9.0,4.0,answer_cells,1.0,chawla_ubp,0.7247297860542111,1.5945695436069298,0.4525,0.0,ok
"('t', ('826', 'psemu1_genecatalog_proteins_20111011_kog.tab.txt'))",55,77.0,9.0,4.0,answer_cells,1.0,chawla_lpip,0.6782369804628031,1.73944694001568,0.6425,0.11688311688311688,ok
"('t', ('826', 'psemu1_genecatalog_proteins_20111011_kog.tab.txt'))",55,77.0,9.0,4.0,answer_cells,2.0,uniform,0.4250015639162477,1.0463928065224193,0.33,0.0,ok
"('t', ('826', 'psemu1_genecatalog_proteins_20111011_kog.tab.txt'))",55,77.0,9.0,4.0,answer_cells,2.0,qirana_weighted_coverage,0.40569080114740974,1.2980208660579784,0.775,0.11688311688311688,ok
"('t', ('826', 'psemu1_genecatalog_proteins_20111011_kog.tab.txt'))",55,77.0,9.0,4.0,answer_cells,2.0,querymarket_viewcover,0.37541640877507365,1.3407376532358775,0.8825,0.0,ok
"('t', ('826', 'psemu1_genecatalog_proteins_20111011_kog.tab.txt'))",55,77.0,9.0,4.0,answer_cells,2.0,monopoly_per_asset,0.5235055925215334,0.94133268393119,0.515,0.18181818181818182,ok
"('t', ('826', 'psemu1_genecatalog_proteins_20111011_kog.tab.txt'))",55,77.0,9.0,4.0,answer_cells,2.0,chawla_ubp,0.4255698857987078,1.036627163820356,0.3225,0.0,ok
"('t', ('826', 'psemu1_genecatalog_proteins_20111011_kog.tab.txt'))",55,77.0,9.0,4.0,answer_cells,2.0,chawla_lpip,0.4356378772512915,1.0492021360293593,0.485,0.11688311688311688,ok
"('t', ('826', 'ox_psemu_nonull_nona_evalueless05_dupsremoved.txt'))",48,53.0,2.0,2.0,support_rows,0.0,uniform,0.44478401117835115,0.8690930157873238,0.115,0.0,ok
"('t', ('826', 'ox_psemu_nonull_nona_evalueless05_dupsremoved.txt'))",48,53.0,2.0,2.0,support_rows,0.0,qirana_weighted_coverage,0.26344171131157446,1.0787967418817974,0.205,0.03773584905660377,ok
"('t', ('826', 'ox_psemu_nonull_nona_evalueless05_dupsremoved.txt'))",48,53.0,2.0,2.0,support_rows,0.0,querymarket_viewcover,0.2986659483949898,1.1563291066717483,0.685,0.0,ok
"('t', ('826', 'ox_psemu_nonull_nona_evalueless05_dupsremoved.txt'))",48,53.0,2.0,2.0,support_rows,0.0,monopoly_per_asset,0.3617741772193709,0.6610810218865236,0.4425,0.3018867924528302,ok
"('t', ('826', 'ox_psemu_nonull_nona_evalueless05_dupsremoved.txt'))",48,53.0,2.0,2.0,support_rows,0.0,chawla_ubp,0.34832706671995495,0.6092253607433544,0.0625,0.0,ok
"('t', ('826', 'ox_psemu_nonull_nona_evalueless05_dupsremoved.txt'))",48,53.0,2.0,2.0,support_rows,0.0,chawla_lpip,0.3392480174724113,0.8436397346079112,0.88,0.0,ok
"('t', ('826', 'ox_psemu_nonull_nona_evalueless05_dupsremoved.txt'))",48,53.0,2.0,2.0,support_rows,1.0,uniform,0.1706216676210915,0.30950448097850747,0.065,0.0,ok
"('t', ('826', 'ox_psemu_nonull_nona_evalueless05_dupsremoved.txt'))",48,53.0,2.0,2.0,support_rows,1.0,qirana_weighted_coverage,0.10650182618335759,0.4394617254052793,0.1575,0.03773584905660377,ok
"('t', ('826', 'ox_psemu_nonull_nona_evalueless05_dupsremoved.txt'))",48,53.0,2.0,2.0,support_rows,1.0,querymarket_viewcover,0.12578715847601402,0.47959697517937794,0.5925,0.0,ok
"('t', ('826', 'ox_psemu_nonull_nona_evalueless05_dupsremoved.txt'))",48,53.0,2.0,2.0,support_rows,1.0,monopoly_per_asset,0.22140015673002145,0.3558023846901132,0.47,0.33962264150943394,ok
"('t', ('826', 'ox_psemu_nonull_nona_evalueless05_dupsremoved.txt'))",48,53.0,2.0,2.0,support_rows,1.0,chawla_ubp,0.1799997993003781,0.3024242260381259,0.0625,0.0,ok
"('t', ('826', 'ox_psemu_nonull_nona_evalueless05_dupsremoved.txt'))",48,53.0,2.0,2.0,support_rows,1.0,chawla_lpip,0.16663201142516912,0.4505932015759026,0.9425,0.0,ok
"('t', ('826', 'ox_psemu_nonull_nona_evalueless05_dupsremoved.txt'))",48,53.0,2.0,2.0,support_rows,2.0,uniform,0.38850706326041917,0.7355874473186793,0.075,0.0,ok
"('t', ('826', 'ox_psemu_nonull_nona_evalueless05_dupsremoved.txt'))",48,53.0,2.0,2.0,support_rows,2.0,qirana_weighted_coverage,0.2290273863140331,0.9153631231049187,0.14,0.03773584905660377,ok
"('t', ('826', 'ox_psemu_nonull_nona_evalueless05_dupsremoved.txt'))",48,53.0,2.0,2.0,support_rows,2.0,querymarket_viewcover,0.25063203996814604,1.0636326853240758,0.9375,0.0,ok
"('t', ('826', 'ox_psemu_nonull_nona_evalueless05_dupsremoved.txt'))",48,53.0,2.0,2.0,support_rows,2.0,monopoly_per_asset,0.42335586399318925,0.828682017878396,0.525,0.37735849056603776,ok
"('t', ('826', 'ox_psemu_nonull_nona_evalueless05_dupsremoved.txt'))",48,53.0,2.0,2.0,support_rows,2.0,chawla_ubp,0.383204137532679,0.7091286575017406,0.07,0.0,ok
"('t', ('826', 'ox_psemu_nonull_nona_evalueless05_dupsremoved.txt'))",48,53.0,2.0,2.0,support_rows,2.0,chawla_lpip,0.3856260298286009,0.9215346831309735,0.95,0.0,ok
"('t', ('826', 'ox_psemu_nonull_nona_evalueless05_dupsremoved.txt'))",48,53.0,2.0,2.0,answer_cells,0.0,uniform,0.44478401117835115,0.8690930157873238,0.115,0.0,ok
"('t', ('826', 'ox_psemu_nonull_nona_evalueless05_dupsremoved.txt'))",48,53.0,2.0,2.0,answer_cells,0.0,qirana_weighted_coverage,0.26344171131157446,1.0787967418817974,0.205,0.03773584905660377,ok
"('t', ('826', 'ox_psemu_nonull_nona_evalueless05_dupsremoved.txt'))",48,53.0,2.0,2.0,answer_cells,0.0,querymarket_viewcover,0.2986659483949898,1.1563291066717483,0.685,0.0,ok
"('t', ('826', 'ox_psemu_nonull_nona_evalueless05_dupsremoved.txt'))",48,53.0,2.0,2.0,answer_cells,0.0,monopoly_per_asset,0.3617741772193709,0.6610810218865236,0.4425,0.3018867924528302,ok
"('t', ('826', 'ox_psemu_nonull_nona_evalueless05_dupsremoved.txt'))",48,53.0,2.0,2.0,answer_cells,0.0,chawla_ubp,0.34832706671995495,0.6092253607433544,0.0625,0.0,ok
"('t', ('826', 'ox_psemu_nonull_nona_evalueless05_dupsremoved.txt'))",48,53.0,2.0,2.0,answer_cells,0.0,chawla_lpip,0.3392480174724113,0.8436397346079112,0.88,0.0,ok
"('t', ('826', 'ox_psemu_nonull_nona_evalueless05_dupsremoved.txt'))",48,53.0,2.0,2.0,answer_cells,1.0,uniform,0.1706216676210915,0.30950448097850747,0.065,0.0,ok
"('t', ('826', 'ox_psemu_nonull_nona_evalueless05_dupsremoved.txt'))",48,53.0,2.0,2.0,answer_cells,1.0,qirana_weighted_coverage,0.10650182618335759,0.4394617254052793,0.1575,0.03773584905660377,ok
"('t', ('826', 'ox_psemu_nonull_nona_evalueless05_dupsremoved.txt'))",48,53.0,2.0,2.0,answer_cells,1.0,querymarket_viewcover,0.12578715847601402,0.47959697517937794,0.5925,0.0,ok
"('t', ('826', 'ox_psemu_nonull_nona_evalueless05_dupsremoved.txt'))",48,53.0,2.0,2.0,answer_cells,1.0,monopoly_per_asset,0.22140015673002145,0.3558023846901132,0.47,0.33962264150943394,ok
"('t', ('826', 'ox_psemu_nonull_nona_evalueless05_dupsremoved.txt'))",48,53.0,2.0,2.0,answer_cells,1.0,chawla_ubp,0.1799997993003781,0.3024242260381259,0.0625,0.0,ok
"('t', ('826', 'ox_psemu_nonull_nona_evalueless05_dupsremoved.txt'))",48,53.0,2.0,2.0,answer_cells,1.0,chawla_lpip,0.16663201142516912,0.4505932015759026,0.9425,0.0,ok
"('t', ('826', 'ox_psemu_nonull_nona_evalueless05_dupsremoved.txt'))",48,53.0,2.0,2.0,answer_cells,2.0,uniform,0.38850706326041917,0.7355874473186793,0.075,0.0,ok
"('t', ('826', 'ox_psemu_nonull_nona_evalueless05_dupsremoved.txt'))",48,53.0,2.0,2.0,answer_cells,2.0,qirana_weighted_coverage,0.2290273863140331,0.9153631231049187,0.14,0.03773584905660377,ok
"('t', ('826', 'ox_psemu_nonull_nona_evalueless05_dupsremoved.txt'))",48,53.0,2.0,2.0,answer_cells,2.0,querymarket_viewcover,0.25063203996814604,1.0636326853240758,0.9375,0.0,ok
"('t', ('826', 'ox_psemu_nonull_nona_evalueless05_dupsremoved.txt'))",48,53.0,2.0,2.0,answer_cells,2.0,monopoly_per_asset,0.42335586399318925,0.828682017878396,0.525,0.37735849056603776,ok
"('t', ('826', 'ox_psemu_nonull_nona_evalueless05_dupsremoved.txt'))",48,53.0,2.0,2.0,answer_cells,2.0,chawla_ubp,0.383204137532679,0.7091286575017406,0.07,0.0,ok
"('t', ('826', 'ox_psemu_nonull_nona_evalueless05_dupsremoved.txt'))",48,53.0,2.0,2.0,answer_cells,2.0,chawla_lpip,0.3856260298286009,0.9215346831309735,0.95,0.0,ok
"('t', ('1267', 'h2_w_1.csv'))",18,4.0,0.0,3.0,support_rows,0.0,uniform,0.5686236414769703,1.1750370530017826,0.3125,0.0,ok
"('t', ('1267', 'h2_w_1.csv'))",18,4.0,0.0,3.0,support_rows,0.0,qirana_weighted_coverage,0.08842873428128727,1.5398670485135948,0.8975,0.0,ok
"('t', ('1267', 'h2_w_1.csv'))",18,4.0,0.0,3.0,support_rows,0.0,querymarket_viewcover,0.41758792216482965,1.5257858581154442,0.87,0.0,ok
"('t', ('1267', 'h2_w_1.csv'))",18,4.0,0.0,3.0,support_rows,0.0,monopoly_per_asset,0.701333694395864,1.2820809981455843,0.6275,0.25,ok
"('t', ('1267', 'h2_w_1.csv'))",18,4.0,0.0,3.0,support_rows,0.0,chawla_ubp,0.5996725330463808,1.0992697229333224,0.275,0.0,ok
"('t', ('1267', 'h2_w_1.csv'))",18,4.0,0.0,3.0,support_rows,0.0,chawla_lpip,0.5766921404997797,1.3933652625139996,0.8575,0.0,ok
"('t', ('1267', 'h2_w_1.csv'))",18,4.0,0.0,3.0,support_rows,1.0,uniform,0.7632011875213452,1.6053518097629385,0.2625,0.0,ok
"('t', ('1267', 'h2_w_1.csv'))",18,4.0,0.0,3.0,support_rows,1.0,qirana_weighted_coverage,0.20030307513245613,2.1780337201922024,0.805,0.0,ok
"('t', ('1267', 'h2_w_1.csv'))",18,4.0,0.0,3.0,support_rows,1.0,querymarket_viewcover,0.6304692770352271,2.1543820341625572,0.865,0.0,ok
"('t', ('1267', 'h2_w_1.csv'))",18,4.0,0.0,3.0,support_rows,1.0,monopoly_per_asset,0.9005263056178369,1.5797231949925596,0.4775,0.25,ok
"('t', ('1267', 'h2_w_1.csv'))",18,4.0,0.0,3.0,support_rows,1.0,chawla_ubp,0.7932526781119638,1.382558357760198,0.1975,0.0,ok
"('t', ('1267', 'h2_w_1.csv'))",18,4.0,0.0,3.0,support_rows,1.0,chawla_lpip,0.7816910906379739,1.801372470811944,0.7725,0.0,ok
"('t', ('1267', 'h2_w_1.csv'))",18,4.0,0.0,3.0,support_rows,2.0,uniform,0.8891583076903522,1.7958397968471644,0.2775,0.0,ok
"('t', ('1267', 'h2_w_1.csv'))",18,4.0,0.0,3.0,support_rows,2.0,qirana_weighted_coverage,0.16682579851857937,2.4556197977299137,0.8825,0.0,ok
"('t', ('1267', 'h2_w_1.csv'))",18,4.0,0.0,3.0,support_rows,2.0,querymarket_viewcover,0.6401895745282733,2.42290199999544,0.8825,0.0,ok
"('t', ('1267', 'h2_w_1.csv'))",18,4.0,0.0,3.0,support_rows,2.0,monopoly_per_asset,0.9549311888727448,1.7711172662135584,0.49,0.25,ok
"('t', ('1267', 'h2_w_1.csv'))",18,4.0,0.0,3.0,support_rows,2.0,chawla_ubp,0.9065621664741479,1.620275243456948,0.2275,0.0,ok
"('t', ('1267', 'h2_w_1.csv'))",18,4.0,0.0,3.0,support_rows,2.0,chawla_lpip,0.8975353790338818,2.2615932513210293,0.8925,0.0,ok
"('t', ('1267', 'h2_w_1.csv'))",18,4.0,0.0,3.0,answer_cells,0.0,uniform,0.5686236414769703,1.1750370530017826,0.3125,0.0,ok
"('t', ('1267', 'h2_w_1.csv'))",18,4.0,0.0,3.0,answer_cells,0.0,qirana_weighted_coverage,0.08842873428128727,1.5398670485135948,0.8975,0.0,ok
"('t', ('1267', 'h2_w_1.csv'))",18,4.0,0.0,3.0,answer_cells,0.0,querymarket_viewcover,0.41758792216482965,1.5257858581154442,0.87,0.0,ok
"('t', ('1267', 'h2_w_1.csv'))",18,4.0,0.0,3.0,answer_cells,0.0,monopoly_per_asset,0.701333694395864,1.2820809981455843,0.6275,0.25,ok
"('t', ('1267', 'h2_w_1.csv'))",18,4.0,0.0,3.0,answer_cells,0.0,chawla_ubp,0.5996725330463808,1.0992697229333224,0.275,0.0,ok
"('t', ('1267', 'h2_w_1.csv'))",18,4.0,0.0,3.0,answer_cells,0.0,chawla_lpip,0.5766921404997797,1.3933652625139996,0.8575,0.0,ok
"('t', ('1267', 'h2_w_1.csv'))",18,4.0,0.0,3.0,answer_cells,1.0,uniform,0.7632011875213452,1.6053518097629385,0.2625,0.0,ok
"('t', ('1267', 'h2_w_1.csv'))",18,4.0,0.0,3.0,answer_cells,1.0,qirana_weighted_coverage,0.20030307513245613,2.1780337201922024,0.805,0.0,ok
"('t', ('1267', 'h2_w_1.csv'))",18,4.0,0.0,3.0,answer_cells,1.0,querymarket_viewcover,0.6304692770352271,2.1543820341625572,0.865,0.0,ok
"('t', ('1267', 'h2_w_1.csv'))",18,4.0,0.0,3.0,answer_cells,1.0,monopoly_per_asset,0.9005263056178369,1.5797231949925596,0.4775,0.25,ok
"('t', ('1267', 'h2_w_1.csv'))",18,4.0,0.0,3.0,answer_cells,1.0,chawla_ubp,0.7932526781119638,1.382558357760198,0.1975,0.0,ok
"('t', ('1267', 'h2_w_1.csv'))",18,4.0,0.0,3.0,answer_cells,1.0,chawla_lpip,0.7816910906379739,1.801372470811944,0.7725,0.0,ok
"('t', ('1267', 'h2_w_1.csv'))",18,4.0,0.0,3.0,answer_cells,2.0,uniform,0.8891583076903522,1.7958397968471644,0.2775,0.0,ok
"('t', ('1267', 'h2_w_1.csv'))",18,4.0,0.0,3.0,answer_cells,2.0,qirana_weighted_coverage,0.16682579851857937,2.4556197977299137,0.8825,0.0,ok
"('t', ('1267', 'h2_w_1.csv'))",18,4.0,0.0,3.0,answer_cells,2.0,querymarket_viewcover,0.6401895745282733,2.42290199999544,0.8825,0.0,ok
"('t', ('1267', 'h2_w_1.csv'))",18,4.0,0.0,3.0,answer_cells,2.0,monopoly_per_asset,0.9549311888727448,1.7711172662135584,0.49,0.25,ok
"('t', ('1267', 'h2_w_1.csv'))",18,4.0,0.0,3.0,answer_cells,2.0,chawla_ubp,0.9065621664741479,1.620275243456948,0.2275,0.0,ok
"('t', ('1267', 'h2_w_1.csv'))",18,4.0,0.0,3.0,answer_cells,2.0,chawla_lpip,0.8975353790338818,2.2615932513210293,0.8925,0.0,ok
"('t', ('354', 'table_twitter_rv.6200000header'))",19,16.0,0.0,19.0,support_rows,0.0,uniform,0.679762695616811,1.8494536705079585,0.035,0.0,ok
"('t', ('354', 'table_twitter_rv.6200000header'))",19,16.0,0.0,19.0,support_rows,0.0,qirana_weighted_coverage,0.0,2.3255061396006287,1.0,0.0,ok
"('t', ('354', 'table_twitter_rv.6200000header'))",19,16.0,0.0,19.0,support_rows,0.0,querymarket_viewcover,0.5202302303955554,2.217985754495333,0.67,0.0,ok
"('t', ('354', 'table_twitter_rv.6200000header'))",19,16.0,0.0,19.0,support_rows,0.0,monopoly_per_asset,1.13193558495754,1.7727030000831452,0.53,0.5,ok
"('t', ('354', 'table_twitter_rv.6200000header'))",19,16.0,0.0,19.0,support_rows,0.0,chawla_ubp,0.8445098402538144,1.2978166645959959,0.0175,0.0,ok
"('t', ('354', 'table_twitter_rv.6200000header'))",19,16.0,0.0,19.0,support_rows,0.0,chawla_lpip,0.0,2.3255061396006287,1.0,0.0,ok
"('t', ('354', 'table_twitter_rv.6200000header'))",19,16.0,0.0,19.0,support_rows,1.0,uniform,1.1434142269288108,2.6175097798274236,0.1075,0.0,ok
"('t', ('354', 'table_twitter_rv.6200000header'))",19,16.0,0.0,19.0,support_rows,1.0,qirana_weighted_coverage,0.0,3.268478398553429,1.0,0.0,ok
"('t', ('354', 'table_twitter_rv.6200000header'))",19,16.0,0.0,19.0,support_rows,1.0,querymarket_viewcover,0.7826960205565175,3.1254186469016605,0.43,0.0,ok
"('t', ('354', 'table_twitter_rv.6200000header'))",19,16.0,0.0,19.0,support_rows,1.0,monopoly_per_asset,1.27004169894105,2.8598621177758337,0.49,0.5,ok
"('t', ('354', 'table_twitter_rv.6200000header'))",19,16.0,0.0,19.0,support_rows,1.0,chawla_ubp,1.2001783869110623,2.173755256339907,0.075,0.0,ok
"('t', ('354', 'table_twitter_rv.6200000header'))",19,16.0,0.0,19.0,support_rows,1.0,chawla_lpip,0.0,3.268478398553429,1.0,0.0,ok
"('t', ('354', 'table_twitter_rv.6200000header'))",19,16.0,0.0,19.0,support_rows,2.0,uniform,1.1068708083665855,2.4862840304491836,0.0675,0.0,ok
"('t', ('354', 'table_twitter_rv.6200000header'))",19,16.0,0.0,19.0,support_rows,2.0,qirana_weighted_coverage,0.0,3.692008407610359,1.0,0.0,ok
"('t', ('354', 'table_twitter_rv.6200000header'))",19,16.0,0.0,19.0,support_rows,2.0,querymarket_viewcover,0.864828530301485,3.564065685399957,0.6075,0.0,ok
"('t', ('354', 'table_twitter_rv.6200000header'))",19,16.0,0.0,19.0,support_rows,2.0,monopoly_per_asset,1.5795977200893834,3.014585223393098,0.4925,0.5,ok
"('t', ('354', 'table_twitter_rv.6200000header'))",19,16.0,0.0,19.0,support_rows,2.0,chawla_ubp,1.1124187782499388,2.4862840304491836,0.0675,0.0,ok
"('t', ('354', 'table_twitter_rv.6200000header'))",19,16.0,0.0,19.0,support_rows,2.0,chawla_lpip,0.0,3.692008407610359,1.0,0.0,ok
"('t', ('354', 'table_twitter_rv.6200000header'))",19,16.0,0.0,19.0,answer_cells,0.0,uniform,0.679762695616811,1.8494536705079585,0.035,0.0,ok
"('t', ('354', 'table_twitter_rv.6200000header'))",19,16.0,0.0,19.0,answer_cells,0.0,qirana_weighted_coverage,0.0,2.3255061396006287,1.0,0.0,ok
"('t', ('354', 'table_twitter_rv.6200000header'))",19,16.0,0.0,19.0,answer_cells,0.0,querymarket_viewcover,0.5202302303955554,2.217985754495333,0.67,0.0,ok
"('t', ('354', 'table_twitter_rv.6200000header'))",19,16.0,0.0,19.0,answer_cells,0.0,monopoly_per_asset,1.13193558495754,1.7727030000831452,0.53,0.5,ok
"('t', ('354', 'table_twitter_rv.6200000header'))",19,16.0,0.0,19.0,answer_cells,0.0,chawla_ubp,0.8445098402538144,1.2978166645959959,0.0175,0.0,ok
"('t', ('354', 'table_twitter_rv.6200000header'))",19,16.0,0.0,19.0,answer_cells,0.0,chawla_lpip,0.0,2.3255061396006287,1.0,0.0,ok
"('t', ('354', 'table_twitter_rv.6200000header'))",19,16.0,0.0,19.0,answer_cells,1.0,uniform,1.1434142269288108,2.6175097798274236,0.1075,0.0,ok
"('t', ('354', 'table_twitter_rv.6200000header'))",19,16.0,0.0,19.0,answer_cells,1.0,qirana_weighted_coverage,0.0,3.268478398553429,1.0,0.0,ok
"('t', ('354', 'table_twitter_rv.6200000header'))",19,16.0,0.0,19.0,answer_cells,1.0,querymarket_viewcover,0.7826960205565175,3.1254186469016605,0.43,0.0,ok
"('t', ('354', 'table_twitter_rv.6200000header'))",19,16.0,0.0,19.0,answer_cells,1.0,monopoly_per_asset,1.27004169894105,2.8598621177758337,0.49,0.5,ok
"('t', ('354', 'table_twitter_rv.6200000header'))",19,16.0,0.0,19.0,answer_cells,1.0,chawla_ubp,1.2001783869110623,2.173755256339907,0.075,0.0,ok
"('t', ('354', 'table_twitter_rv.6200000header'))",19,16.0,0.0,19.0,answer_cells,1.0,chawla_lpip,0.0,3.268478398553429,1.0,0.0,ok
"('t', ('354', 'table_twitter_rv.6200000header'))",19,16.0,0.0,19.0,answer_cells,2.0,uniform,1.1068708083665855,2.4862840304491836,0.0675,0.0,ok
"('t', ('354', 'table_twitter_rv.6200000header'))",19,16.0,0.0,19.0,answer_cells,2.0,qirana_weighted_coverage,0.0,3.692008407610359,1.0,0.0,ok
"('t', ('354', 'table_twitter_rv.6200000header'))",19,16.0,0.0,19.0,answer_cells,2.0,querymarket_viewcover,0.864828530301485,3.564065685399957,0.6075,0.0,ok
"('t', ('354', 'table_twitter_rv.6200000header'))",19,16.0,0.0,19.0,answer_cells,2.0,monopoly_per_asset,1.5795977200893834,3.014585223393098,0.4925,0.5,ok
"('t', ('354', 'table_twitter_rv.6200000header'))",19,16.0,0.0,19.0,answer_cells,2.0,chawla_ubp,1.1124187782499388,2.4862840304491836,0.0675,0.0,ok
"('t', ('354', 'table_twitter_rv.6200000header'))",19,16.0,0.0,19.0,answer_cells,2.0,chawla_lpip,0.0,3.692008407610359,1.0,0.0,ok
"('t', ('1123', 'table_filt3_t3d33b238'))",33,86.0,0.0,33.0,support_rows,0.0,uniform,0.47948586849452796,0.9725631655061301,0.09,0.0,ok
"('t', ('1123', 'table_filt3_t3d33b238'))",33,86.0,0.0,33.0,support_rows,0.0,qirana_weighted_coverage,0.0,1.8093135643170999,1.0,0.0,ok
"('t', ('1123', 'table_filt3_t3d33b238'))",33,86.0,0.0,33.0,support_rows,0.0,querymarket_viewcover,0.6164449607456254,1.433464346842409,0.455,0.0,ok
"('t', ('1123', 'table_filt3_t3d33b238'))",33,86.0,0.0,33.0,support_rows,0.0,monopoly_per_asset,0.6744735670457986,1.138983752225377,0.4875,0.13953488372093023,ok
"('t', ('1123', 'table_filt3_t3d33b238'))",33,86.0,0.0,33.0,support_rows,0.0,chawla_ubp,0.4799188363276864,0.9725631655061302,0.09,0.0,ok
"('t', ('1123', 'table_filt3_t3d33b238'))",33,86.0,0.0,33.0,support_rows,0.0,chawla_lpip,0.0,1.8093135643170999,1.0,0.0,ok
"('t', ('1123', 'table_filt3_t3d33b238'))",33,86.0,0.0,33.0,support_rows,1.0,uniform,1.1858362981379709,4.916593013327296,0.4775,0.0,ok
"('t', ('1123', 'table_filt3_t3d33b238'))",33,86.0,0.0,33.0,support_rows,1.0,qirana_weighted_coverage,0.0,5.150652465092638,1.0,0.0,ok
"('t', ('1123', 'table_filt3_t3d33b238'))",33,86.0,0.0,33.0,support_rows,1.0,querymarket_viewcover,1.948872763754678,4.554796276987879,0.55,0.0,ok
"('t', ('1123', 'table_filt3_t3d33b238'))",33,86.0,0.0,33.0,support_rows,1.0,monopoly_per_asset,1.7610962226929114,2.9569701457355517,0.515,0.1511627906976744,ok
"('t', ('1123', 'table_filt3_t3d33b238'))",33,86.0,0.0,33.0,support_rows,1.0,chawla_ubp,1.2001050393898773,4.916593013327296,0.4775,0.0,ok
"('t', ('1123', 'table_filt3_t3d33b238'))",33,86.0,0.0,33.0,support_rows,1.0,chawla_lpip,0.0,5.150652465092638,1.0,0.0,ok
"('t', ('1123', 'table_filt3_t3d33b238'))",33,86.0,0.0,33.0,support_rows,2.0,uniform,1.4138912577588254,2.857725230334809,0.2275,0.0,ok
"('t', ('1123', 'table_filt3_t3d33b238'))",33,86.0,0.0,33.0,support_rows,2.0,qirana_weighted_coverage,0.0,4.132376076934717,1.0,0.0,ok
"('t', ('1123', 'table_filt3_t3d33b238'))",33,86.0,0.0,33.0,support_rows,2.0,querymarket_viewcover,1.5805359347250232,3.638509031811364,0.6225,0.0,ok
"('t', ('1123', 'table_filt3_t3d33b238'))",33,86.0,0.0,33.0,support_rows,2.0,monopoly_per_asset,1.2756156056138794,2.18974343203993,0.42,0.16279069767441862,ok
"('t', ('1123', 'table_filt3_t3d33b238'))",33,86.0,0.0,33.0,support_rows,2.0,chawla_ubp,1.3901810943183213,2.6048955465236143,0.19,0.0,ok
"('t', ('1123', 'table_filt3_t3d33b238'))",33,86.0,0.0,33.0,support_rows,2.0,chawla_lpip,0.0,4.132376076934717,1.0,0.0,ok
"('t', ('1123', 'table_filt3_t3d33b238'))",33,86.0,0.0,33.0,answer_cells,0.0,uniform,0.47948586849452796,0.9725631655061301,0.09,0.0,ok
"('t', ('1123', 'table_filt3_t3d33b238'))",33,86.0,0.0,33.0,answer_cells,0.0,qirana_weighted_coverage,0.0,1.8093135643170999,1.0,0.0,ok
"('t', ('1123', 'table_filt3_t3d33b238'))",33,86.0,0.0,33.0,answer_cells,0.0,querymarket_viewcover,0.6164449607456254,1.433464346842409,0.455,0.0,ok
"('t', ('1123', 'table_filt3_t3d33b238'))",33,86.0,0.0,33.0,answer_cells,0.0,monopoly_per_asset,0.6744735670457986,1.138983752225377,0.4875,0.13953488372093023,ok
"('t', ('1123', 'table_filt3_t3d33b238'))",33,86.0,0.0,33.0,answer_cells,0.0,chawla_ubp,0.4799188363276864,0.9725631655061302,0.09,0.0,ok
"('t', ('1123', 'table_filt3_t3d33b238'))",33,86.0,0.0,33.0,answer_cells,0.0,chawla_lpip,0.0,1.8093135643170999,1.0,0.0,ok
"('t', ('1123', 'table_filt3_t3d33b238'))",33,86.0,0.0,33.0,answer_cells,1.0,uniform,1.1858362981379709,4.916593013327296,0.4775,0.0,ok
"('t', ('1123', 'table_filt3_t3d33b238'))",33,86.0,0.0,33.0,answer_cells,1.0,qirana_weighted_coverage,0.0,5.150652465092638,1.0,0.0,ok
"('t', ('1123', 'table_filt3_t3d33b238'))",33,86.0,0.0,33.0,answer_cells,1.0,querymarket_viewcover,1.948872763754678,4.554796276987879,0.55,0.0,ok
"('t', ('1123', 'table_filt3_t3d33b238'))",33,86.0,0.0,33.0,answer_cells,1.0,monopoly_per_asset,1.7610962226929114,2.9569701457355517,0.515,0.1511627906976744,ok
"('t', ('1123', 'table_filt3_t3d33b238'))",33,86.0,0.0,33.0,answer_cells,1.0,chawla_ubp,1.2001050393898773,4.916593013327296,0.4775,0.0,ok
"('t', ('1123', 'table_filt3_t3d33b238'))",33,86.0,0.0,33.0,answer_cells,1.0,chawla_lpip,0.0,5.150652465092638,1.0,0.0,ok
"('t', ('1123', 'table_filt3_t3d33b238'))",33,86.0,0.0,33.0,answer_cells,2.0,uniform,1.4138912577588254,2.857725230334809,0.2275,0.0,ok
"('t', ('1123', 'table_filt3_t3d33b238'))",33,86.0,0.0,33.0,answer_cells,2.0,qirana_weighted_coverage,0.0,4.132376076934717,1.0,0.0,ok
"('t', ('1123', 'table_filt3_t3d33b238'))",33,86.0,0.0,33.0,answer_cells,2.0,querymarket_viewcover,1.5805359347250232,3.638509031811364,0.6225,0.0,ok
"('t', ('1123', 'table_filt3_t3d33b238'))",33,86.0,0.0,33.0,answer_cells,2.0,monopoly_per_asset,1.2756156056138794,2.18974343203993,0.42,0.16279069767441862,ok
"('t', ('1123', 'table_filt3_t3d33b238'))",33,86.0,0.0,33.0,answer_cells,2.0,chawla_ubp,1.3901810943183213,2.6048955465236143,0.19,0.0,ok
"('t', ('1123', 'table_filt3_t3d33b238'))",33,86.0,0.0,33.0,answer_cells,2.0,chawla_lpip,0.0,4.132376076934717,1.0,0.0,ok
"('t', ('1307', 'vizlets_28nov11_16h16m43s_every_displayed_vizlet.csv'))",31,30.0,0.0,0.0,support_rows,0.0,uniform,0.21609644745130593,0.5294937958259689,0.08,0.0,ok
"('t', ('1307', 'vizlets_28nov11_16h16m43s_every_displayed_vizlet.csv'))",31,30.0,0.0,0.0,support_rows,0.0,qirana_weighted_coverage,0.2888153437864382,0.8479400926287876,0.495,0.0,ok
"('t', ('1307', 'vizlets_28nov11_16h16m43s_every_displayed_vizlet.csv'))",31,30.0,0.0,0.0,support_rows,0.0,querymarket_viewcover,0.24485373465829738,0.8003354910603766,0.485,0.13333333333333333,ok
"('t', ('1307', 'vizlets_28nov11_16h16m43s_every_displayed_vizlet.csv'))",31,30.0,0.0,0.0,support_rows,0.0,monopoly_per_asset,0.32608339074169135,0.5492380073718854,0.4875,0.3,ok
"('t', ('1307', 'vizlets_28nov11_16h16m43s_every_displayed_vizlet.csv'))",31,30.0,0.0,0.0,support_rows,0.0,chawla_ubp,0.21894495905654418,0.5294937958259689,0.08,0.0,ok
"('t', ('1307', 'vizlets_28nov11_16h16m43s_every_displayed_vizlet.csv'))",31,30.0,0.0,0.0,support_rows,0.0,chawla_lpip,0.3409872512390621,0.6829281513997685,0.5225,0.0,ok
"('t', ('1307', 'vizlets_28nov11_16h16m43s_every_displayed_vizlet.csv'))",31,30.0,0.0,0.0,support_rows,1.0,uniform,0.5533592492648912,1.1452113318793058,0.275,0.0,ok
"('t', ('1307', 'vizlets_28nov11_16h16m43s_every_displayed_vizlet.csv'))",31,30.0,0.0,0.0,support_rows,1.0,qirana_weighted_coverage,0.5654984838069997,1.1417443565747292,0.435,0.0,ok
"('t', ('1307', 'vizlets_28nov11_16h16m43s_every_displayed_vizlet.csv'))",31,30.0,0.0,0.0,support_rows,1.0,querymarket_viewcover,0.243590038969484,1.2042043021718636,0.4925,0.13333333333333333,ok
"('t', ('1307', 'vizlets_28nov11_16h16m43s_every_displayed_vizlet.csv'))",31,30.0,0.0,0.0,support_rows,1.0,monopoly_per_asset,0.5639089019677017,1.0480858540326838,0.3875,0.3333333333333333,ok
"('t', ('1307', 'vizlets_28nov11_16h16m43s_every_displayed_vizlet.csv'))",31,30.0,0.0,0.0,support_rows,1.0,chawla_ubp,0.5558129314081801,1.145211331879306,0.275,0.0,ok
"('t', ('1307', 'vizlets_28nov11_16h16m43s_every_displayed_vizlet.csv'))",31,30.0,0.0,0.0,support_rows,1.0,chawla_lpip,0.61279894377466,1.1340956522094991,0.3575,0.0,ok
"('t', ('1307', 'vizlets_28nov11_16h16m43s_every_displayed_vizlet.csv'))",31,30.0,0.0,0.0,support_rows,2.0,uniform,0.4061926660670029,1.2731553277611423,0.3125,0.0,ok
"('t', ('1307', 'vizlets_28nov11_16h16m43s_every_displayed_vizlet.csv'))",31,30.0,0.0,0.0,support_rows,2.0,qirana_weighted_coverage,0.4435920736445976,1.337462154991228,0.485,0.0,ok
"('t', ('1307', 'vizlets_28nov11_16h16m43s_every_displayed_vizlet.csv'))",31,30.0,0.0,0.0,support_rows,2.0,querymarket_viewcover,0.3426383468313651,1.427775618577314,0.6675,0.13333333333333333,ok
"('t', ('1307', 'vizlets_28nov11_16h16m43s_every_displayed_vizlet.csv'))",31,30.0,0.0,0.0,support_rows,2.0,monopoly_per_asset,0.6219183959065719,1.085836439551443,0.54,0.43333333333333335,ok
"('t', ('1307', 'vizlets_28nov11_16h16m43s_every_displayed_vizlet.csv'))",31,30.0,0.0,0.0,support_rows,2.0,chawla_ubp,0.40636489450721625,1.2666022941581738,0.3075,0.0,ok
"('t', ('1307', 'vizlets_28nov11_16h16m43s_every_displayed_vizlet.csv'))",31,30.0,0.0,0.0,support_rows,2.0,chawla_lpip,0.5724783963367649,1.2707927928407763,0.535,0.0,ok
"('t', ('1307', 'vizlets_28nov11_16h16m43s_every_displayed_vizlet.csv'))",31,30.0,0.0,0.0,answer_cells,0.0,uniform,0.21609644745130593,0.5294937958259689,0.08,0.0,ok
"('t', ('1307', 'vizlets_28nov11_16h16m43s_every_displayed_vizlet.csv'))",31,30.0,0.0,0.0,answer_cells,0.0,qirana_weighted_coverage,0.2888153437864382,0.8479400926287876,0.495,0.0,ok
"('t', ('1307', 'vizlets_28nov11_16h16m43s_every_displayed_vizlet.csv'))",31,30.0,0.0,0.0,answer_cells,0.0,querymarket_viewcover,0.24485373465829738,0.8003354910603766,0.485,0.13333333333333333,ok
"('t', ('1307', 'vizlets_28nov11_16h16m43s_every_displayed_vizlet.csv'))",31,30.0,0.0,0.0,answer_cells,0.0,monopoly_per_asset,0.32608339074169135,0.5492380073718854,0.4875,0.3,ok
"('t', ('1307', 'vizlets_28nov11_16h16m43s_every_displayed_vizlet.csv'))",31,30.0,0.0,0.0,answer_cells,0.0,chawla_ubp,0.21894495905654418,0.5294937958259689,0.08,0.0,ok
"('t', ('1307', 'vizlets_28nov11_16h16m43s_every_displayed_vizlet.csv'))",31,30.0,0.0,0.0,answer_cells,0.0,chawla_lpip,0.3409872512390621,0.6829281513997685,0.5225,0.0,ok
"('t', ('1307', 'vizlets_28nov11_16h16m43s_every_displayed_vizlet.csv'))",31,30.0,0.0,0.0,answer_cells,1.0,uniform,0.5533592492648912,1.1452113318793058,0.275,0.0,ok
"('t', ('1307', 'vizlets_28nov11_16h16m43s_every_displayed_vizlet.csv'))",31,30.0,0.0,0.0,answer_cells,1.0,qirana_weighted_coverage,0.5654984838069997,1.1417443565747292,0.435,0.0,ok
"('t', ('1307', 'vizlets_28nov11_16h16m43s_every_displayed_vizlet.csv'))",31,30.0,0.0,0.0,answer_cells,1.0,querymarket_viewcover,0.243590038969484,1.2042043021718636,0.4925,0.13333333333333333,ok
"('t', ('1307', 'vizlets_28nov11_16h16m43s_every_displayed_vizlet.csv'))",31,30.0,0.0,0.0,answer_cells,1.0,monopoly_per_asset,0.5639089019677017,1.0480858540326838,0.3875,0.3333333333333333,ok
"('t', ('1307', 'vizlets_28nov11_16h16m43s_every_displayed_vizlet.csv'))",31,30.0,0.0,0.0,answer_cells,1.0,chawla_ubp,0.5558129314081801,1.145211331879306,0.275,0.0,ok
"('t', ('1307', 'vizlets_28nov11_16h16m43s_every_displayed_vizlet.csv'))",31,30.0,0.0,0.0,answer_cells,1.0,chawla_lpip,0.61279894377466,1.1340956522094991,0.3575,0.0,ok
"('t', ('1307', 'vizlets_28nov11_16h16m43s_every_displayed_vizlet.csv'))",31,30.0,0.0,0.0,answer_cells,2.0,uniform,0.4061926660670029,1.2731553277611423,0.3125,0.0,ok
"('t', ('1307', 'vizlets_28nov11_16h16m43s_every_displayed_vizlet.csv'))",31,30.0,0.0,0.0,answer_cells,2.0,qirana_weighted_coverage,0.4435920736445976,1.337462154991228,0.485,0.0,ok
"('t', ('1307', 'vizlets_28nov11_16h16m43s_every_displayed_vizlet.csv'))",31,30.0,0.0,0.0,answer_cells,2.0,querymarket_viewcover,0.3426383468313651,1.427775618577314,0.6675,0.13333333333333333,ok
"('t', ('1307', 'vizlets_28nov11_16h16m43s_every_displayed_vizlet.csv'))",31,30.0,0.0,0.0,answer_cells,2.0,monopoly_per_asset,0.6219183959065719,1.085836439551443,0.54,0.43333333333333335,ok
"('t', ('1307', 'vizlets_28nov11_16h16m43s_every_displayed_vizlet.csv'))",31,30.0,0.0,0.0,answer_cells,2.0,chawla_ubp,0.40636489450721625,1.2666022941581738,0.3075,0.0,ok
"('t', ('1307', 'vizlets_28nov11_16h16m43s_every_displayed_vizlet.csv'))",31,30.0,0.0,0.0,answer_cells,2.0,chawla_lpip,0.5724783963367649,1.2707927928407763,0.535,0.0,ok
"('t', ('372', 'table_36169029_t_ontime.csv'))",2,,,,,,,,,,,too_small
"('t', ('1143', 'inproceedings'))",27,20.0,1.0,10.0,support_rows,0.0,uniform,0.3362470488766005,0.6928005197827302,0.2075,0.0,ok
"('t', ('1143', 'inproceedings'))",27,20.0,1.0,10.0,support_rows,0.0,qirana_weighted_coverage,0.2582371741585263,1.1518723880483577,0.7475,0.05,ok
"('t', ('1143', 'inproceedings'))",27,20.0,1.0,10.0,support_rows,0.0,querymarket_viewcover,0.3233631306760707,1.162087158851685,0.79,0.0,ok
"('t', ('1143', 'inproceedings'))",27,20.0,1.0,10.0,support_rows,0.0,monopoly_per_asset,0.5515380423920966,0.9420510067310367,0.4975,0.35,ok
"('t', ('1143', 'inproceedings'))",27,20.0,1.0,10.0,support_rows,0.0,chawla_ubp,0.32101207264439574,0.6680050486941753,0.1925,0.0,ok
"('t', ('1143', 'inproceedings'))",27,20.0,1.0,10.0,support_rows,0.0,chawla_lpip,0.26261011626235026,1.1925191234168242,0.7975,0.05,ok
"('t', ('1143', 'inproceedings'))",27,20.0,1.0,10.0,support_rows,1.0,uniform,0.612626862453113,1.7227520781745798,0.465,0.0,ok
"('t', ('1143', 'inproceedings'))",27,20.0,1.0,10.0,support_rows,1.0,qirana_weighted_coverage,0.3273999762102395,1.89875508294235,0.72,0.05,ok
"('t', ('1143', 'inproceedings'))",27,20.0,1.0,10.0,support_rows,1.0,querymarket_viewcover,0.3911105500419314,1.9808051029383367,0.8675,0.0,ok
"('t', ('1143', 'inproceedings'))",27,20.0,1.0,10.0,support_rows,1.0,monopoly_per_asset,0.8620394683517616,1.5249809145117528,0.5,0.35,ok
"('t', ('1143', 'inproceedings'))",27,20.0,1.0,10.0,support_rows,1.0,chawla_ubp,0.6097789125216421,1.7161508009154438,0.46,0.0,ok
"('t', ('1143', 'inproceedings'))",27,20.0,1.0,10.0,support_rows,1.0,chawla_lpip,0.3104762166514544,1.8470293675940515,0.67,0.05,ok
"('t', ('1143', 'inproceedings'))",27,20.0,1.0,10.0,support_rows,2.0,uniform,0.6305507160656435,1.2182050588811186,0.2625,0.0,ok
"('t', ('1143', 'inproceedings'))",27,20.0,1.0,10.0,support_rows,2.0,qirana_weighted_coverage,0.2583943476597121,1.9158261095499791,0.82,0.05,ok
"('t', ('1143', 'inproceedings'))",27,20.0,1.0,10.0,support_rows,2.0,querymarket_viewcover,0.5801483931594512,1.6360649997646604,0.8025,0.0,ok
"('t', ('1143', 'inproceedings'))",27,20.0,1.0,10.0,support_rows,2.0,monopoly_per_asset,0.5923960782839701,1.046483267295911,0.4375,0.25,ok
"('t', ('1143', 'inproceedings'))",27,20.0,1.0,10.0,support_rows,2.0,chawla_ubp,0.6210302979651471,1.2061815600960344,0.2575,0.0,ok
"('t', ('1143', 'inproceedings'))",27,20.0,1.0,10.0,support_rows,2.0,chawla_lpip,0.2574145534800299,1.8775820628040067,0.76,0.05,ok
"('t', ('1143', 'inproceedings'))",27,20.0,1.0,10.0,answer_cells,0.0,uniform,0.3362470488766005,0.6928005197827302,0.2075,0.0,ok
"('t', ('1143', 'inproceedings'))",27,20.0,1.0,10.0,answer_cells,0.0,qirana_weighted_coverage,0.2582371741585263,1.1518723880483577,0.7475,0.05,ok
"('t', ('1143', 'inproceedings'))",27,20.0,1.0,10.0,answer_cells,0.0,querymarket_viewcover,0.3233631306760707,1.162087158851685,0.79,0.0,ok
"('t', ('1143', 'inproceedings'))",27,20.0,1.0,10.0,answer_cells,0.0,monopoly_per_asset,0.5515380423920966,0.9420510067310367,0.4975,0.35,ok
"('t', ('1143', 'inproceedings'))",27,20.0,1.0,10.0,answer_cells,0.0,chawla_ubp,0.32101207264439574,0.6680050486941753,0.1925,0.0,ok
"('t', ('1143', 'inproceedings'))",27,20.0,1.0,10.0,answer_cells,0.0,chawla_lpip,0.26261011626235026,1.1925191234168242,0.7975,0.05,ok
"('t', ('1143', 'inproceedings'))",27,20.0,1.0,10.0,answer_cells,1.0,uniform,0.612626862453113,1.7227520781745798,0.465,0.0,ok
"('t', ('1143', 'inproceedings'))",27,20.0,1.0,10.0,answer_cells,1.0,qirana_weighted_coverage,0.3273999762102395,1.89875508294235,0.72,0.05,ok
"('t', ('1143', 'inproceedings'))",27,20.0,1.0,10.0,answer_cells,1.0,querymarket_viewcover,0.3911105500419314,1.9808051029383367,0.8675,0.0,ok
"('t', ('1143', 'inproceedings'))",27,20.0,1.0,10.0,answer_cells,1.0,monopoly_per_asset,0.8620394683517616,1.5249809145117528,0.5,0.35,ok
"('t', ('1143', 'inproceedings'))",27,20.0,1.0,10.0,answer_cells,1.0,chawla_ubp,0.6097789125216421,1.7161508009154438,0.46,0.0,ok
"('t', ('1143', 'inproceedings'))",27,20.0,1.0,10.0,answer_cells,1.0,chawla_lpip,0.3104762166514544,1.8470293675940515,0.67,0.05,ok
"('t', ('1143', 'inproceedings'))",27,20.0,1.0,10.0,answer_cells,2.0,uniform,0.6305507160656435,1.2182050588811186,0.2625,0.0,ok
"('t', ('1143', 'inproceedings'))",27,20.0,1.0,10.0,answer_cells,2.0,qirana_weighted_coverage,0.2583943476597121,1.9158261095499791,0.82,0.05,ok
"('t', ('1143', 'inproceedings'))",27,20.0,1.0,10.0,answer_cells,2.0,querymarket_viewcover,0.5801483931594512,1.6360649997646604,0.8025,0.0,ok
"('t', ('1143', 'inproceedings'))",27,20.0,1.0,10.0,answer_cells,2.0,monopoly_per_asset,0.5923960782839701,1.046483267295911,0.4375,0.25,ok
"('t', ('1143', 'inproceedings'))",27,20.0,1.0,10.0,answer_cells,2.0,chawla_ubp,0.6210302979651471,1.2061815600960344,0.2575,0.0,ok
"('t', ('1143', 'inproceedings'))",27,20.0,1.0,10.0,answer_cells,2.0,chawla_lpip,0.2574145534800299,1.8775820628040067,0.76,0.05,ok
"('t', ('1059', 'sds.tab'))",18,27.0,0.0,2.0,support_rows,0.0,uniform,1.0537763312624182,2.386254433237524,0.6525,0.0,ok
"('t', ('1059', 'sds.tab'))",18,27.0,0.0,2.0,support_rows,0.0,qirana_weighted_coverage,1.0538705385972693,2.3878160150502867,0.7375,0.0,ok
"('t', ('1059', 'sds.tab'))",18,27.0,0.0,2.0,support_rows,0.0,querymarket_viewcover,0.8236736131933767,2.5432068805398607,0.8325,0.0,ok
"('t', ('1059', 'sds.tab'))",18,27.0,0.0,2.0,support_rows,0.0,monopoly_per_asset,1.1892899417119203,2.095660733323733,0.6275,0.7407407407407407,ok
"('t', ('1059', 'sds.tab'))",18,27.0,0.0,2.0,support_rows,0.0,chawla_ubp,1.1609358754030816,2.103648839136501,0.5075,0.0,ok
"('t', ('1059', 'sds.tab'))",18,27.0,0.0,2.0,support_rows,0.0,chawla_lpip,1.1881351214980262,2.0515669412672604,0.57,0.0,ok
"('t', ('1059', 'sds.tab'))",18,27.0,0.0,2.0,support_rows,1.0,uniform,1.2030200238660218,2.72048898799203,0.65,0.0,ok
"('t', ('1059', 'sds.tab'))",18,27.0,0.0,2.0,support_rows,1.0,qirana_weighted_coverage,1.2031434105351362,2.72252086338073,0.7225,0.0,ok
"('t', ('1059', 'sds.tab'))",18,27.0,0.0,2.0,support_rows,1.0,querymarket_viewcover,0.9470751685770223,2.900412179153055,0.815,0.0,ok
"('t', ('1059', 'sds.tab'))",18,27.0,0.0,2.0,support_rows,1.0,monopoly_per_asset,1.160946421866221,2.0084817661958305,0.4775,0.4074074074074074,ok
"('t', ('1059', 'sds.tab'))",18,27.0,0.0,2.0,support_rows,1.0,chawla_ubp,1.2523082234340406,2.121277208141643,0.4025,0.0,ok
"('t', ('1059', 'sds.tab'))",18,27.0,0.0,2.0,support_rows,1.0,chawla_lpip,1.2733188970553482,2.161863406816224,0.4875,0.0,ok
"('t', ('1059', 'sds.tab'))",18,27.0,0.0,2.0,support_rows,2.0,uniform,0.923711548355658,2.062433674413948,0.6725,0.0,ok
"('t', ('1059', 'sds.tab'))",18,27.0,0.0,2.0,support_rows,2.0,qirana_weighted_coverage,0.9238717957122501,2.0644164264783,0.76,0.0,ok
"('t', ('1059', 'sds.tab'))",18,27.0,0.0,2.0,support_rows,2.0,querymarket_viewcover,0.6913742761378381,2.1620969830709797,0.8075,0.0,ok
"('t', ('1059', 'sds.tab'))",18,27.0,0.0,2.0,support_rows,2.0,monopoly_per_asset,0.77768018845716,1.4115943838241518,0.49,0.5185185185185185,ok
"('t', ('1059', 'sds.tab'))",18,27.0,0.0,2.0,support_rows,2.0,chawla_ubp,0.9446485219497672,1.6865978976552949,0.455,0.0,ok
"('t', ('1059', 'sds.tab'))",18,27.0,0.0,2.0,support_rows,2.0,chawla_lpip,0.9236067095783435,1.6301984103188605,0.515,0.0,ok
"('t', ('1059', 'sds.tab'))",18,27.0,0.0,2.0,answer_cells,0.0,uniform,1.0537763312624182,2.386254433237524,0.6525,0.0,ok
"('t', ('1059', 'sds.tab'))",18,27.0,0.0,2.0,answer_cells,0.0,qirana_weighted_coverage,1.0538705385972693,2.3878160150502867,0.7375,0.0,ok
"('t', ('1059', 'sds.tab'))",18,27.0,0.0,2.0,answer_cells,0.0,querymarket_viewcover,0.8236736131933767,2.5432068805398607,0.8325,0.0,ok
"('t', ('1059', 'sds.tab'))",18,27.0,0.0,2.0,answer_cells,0.0,monopoly_per_asset,1.1892899417119203,2.095660733323733,0.6275,0.7407407407407407,ok
"('t', ('1059', 'sds.tab'))",18,27.0,0.0,2.0,answer_cells,0.0,chawla_ubp,1.1609358754030816,2.103648839136501,0.5075,0.0,ok
"('t', ('1059', 'sds.tab'))",18,27.0,0.0,2.0,answer_cells,0.0,chawla_lpip,1.1881351214980262,2.0515669412672604,0.57,0.0,ok
"('t', ('1059', 'sds.tab'))",18,27.0,0.0,2.0,answer_cells,1.0,uniform,1.2030200238660218,2.72048898799203,0.65,0.0,ok
"('t', ('1059', 'sds.tab'))",18,27.0,0.0,2.0,answer_cells,1.0,qirana_weighted_coverage,1.2031434105351362,2.72252086338073,0.7225,0.0,ok
"('t', ('1059', 'sds.tab'))",18,27.0,0.0,2.0,answer_cells,1.0,querymarket_viewcover,0.9470751685770223,2.900412179153055,0.815,0.0,ok
"('t', ('1059', 'sds.tab'))",18,27.0,0.0,2.0,answer_cells,1.0,monopoly_per_asset,1.160946421866221,2.0084817661958305,0.4775,0.4074074074074074,ok
"('t', ('1059', 'sds.tab'))",18,27.0,0.0,2.0,answer_cells,1.0,chawla_ubp,1.2523082234340406,2.121277208141643,0.4025,0.0,ok
"('t', ('1059', 'sds.tab'))",18,27.0,0.0,2.0,answer_cells,1.0,chawla_lpip,1.2733188970553482,2.161863406816224,0.4875,0.0,ok
"('t', ('1059', 'sds.tab'))",18,27.0,0.0,2.0,answer_cells,2.0,uniform,0.923711548355658,2.062433674413948,0.6725,0.0,ok
"('t', ('1059', 'sds.tab'))",18,27.0,0.0,2.0,answer_cells,2.0,qirana_weighted_coverage,0.9238717957122501,2.0644164264783,0.76,0.0,ok
"('t', ('1059', 'sds.tab'))",18,27.0,0.0,2.0,answer_cells,2.0,querymarket_viewcover,0.6913742761378381,2.1620969830709797,0.8075,0.0,ok
"('t', ('1059', 'sds.tab'))",18,27.0,0.0,2.0,answer_cells,2.0,monopoly_per_asset,0.77768018845716,1.4115943838241518,0.49,0.5185185185185185,ok
"('t', ('1059', 'sds.tab'))",18,27.0,0.0,2.0,answer_cells,2.0,chawla_ubp,0.9446485219497672,1.6865978976552949,0.455,0.0,ok
"('t', ('1059', 'sds.tab'))",18,27.0,0.0,2.0,answer_cells,2.0,chawla_lpip,0.9236067095783435,1.6301984103188605,0.515,0.0,ok
"('t', ('1002', 'tokyo_4_merged.csv'))",8,2.0,0.0,3.0,support_rows,0.0,uniform,0.29340151418891436,0.6986801060057484,0.125,0.0,ok
"('t', ('1002', 'tokyo_4_merged.csv'))",8,2.0,0.0,3.0,support_rows,0.0,qirana_weighted_coverage,0.11642877254037347,0.790161182754984,0.68,0.0,ok
"('t', ('1002', 'tokyo_4_merged.csv'))",8,2.0,0.0,3.0,support_rows,0.0,querymarket_viewcover,0.2938152134485375,0.7092746412222113,0.9525,0.0,ok
"('t', ('1002', 'tokyo_4_merged.csv'))",8,2.0,0.0,3.0,support_rows,0.0,monopoly_per_asset,0.3176445785130573,0.643467896869269,0.635,0.0,ok
"('t', ('1002', 'tokyo_4_merged.csv'))",8,2.0,0.0,3.0,support_rows,0.0,chawla_ubp,0.31836915713632136,0.6662461131540901,0.1125,0.0,ok
"('t', ('1002', 'tokyo_4_merged.csv'))",8,2.0,0.0,3.0,support_rows,0.0,chawla_lpip,0.31452900306202863,0.6696989350729032,0.9375,0.0,ok
"('t', ('1002', 'tokyo_4_merged.csv'))",8,2.0,0.0,3.0,support_rows,1.0,uniform,0.2451850788167385,0.5827810933358671,0.0675,0.0,ok
"('t', ('1002', 'tokyo_4_merged.csv'))",8,2.0,0.0,3.0,support_rows,1.0,qirana_weighted_coverage,0.09922766025551044,0.6721450757098789,0.465,0.0,ok
"('t', ('1002', 'tokyo_4_merged.csv'))",8,2.0,0.0,3.0,support_rows,1.0,querymarket_viewcover,0.2458852484103303,0.6000365302153218,0.9725,0.0,ok
"('t', ('1002', 'tokyo_4_merged.csv'))",8,2.0,0.0,3.0,support_rows,1.0,monopoly_per_asset,0.19718946677281385,0.32460309771078044,0.4525,1.0,ok
"('t', ('1002', 'tokyo_4_merged.csv'))",8,2.0,0.0,3.0,support_rows,1.0,chawla_ubp,0.35238220222991423,0.5315135933783331,0.0575,0.0,ok
"('t', ('1002', 'tokyo_4_merged.csv'))",8,2.0,0.0,3.0,support_rows,1.0,chawla_lpip,0.30980893796148257,0.5639491922507952,0.965,0.0,ok
"('t', ('1002', 'tokyo_4_merged.csv'))",8,2.0,0.0,3.0,support_rows,2.0,uniform,1.5281916142353935,3.482887642790222,0.3925,0.0,ok
"('t', ('1002', 'tokyo_4_merged.csv'))",8,2.0,0.0,3.0,support_rows,2.0,qirana_weighted_coverage,0.5404084443316477,3.7166940936124004,0.8175,0.0,ok
"('t', ('1002', 'tokyo_4_merged.csv'))",8,2.0,0.0,3.0,support_rows,2.0,querymarket_viewcover,1.5286290608083215,3.494012161586983,0.92,0.0,ok
"('t', ('1002', 'tokyo_4_merged.csv'))",8,2.0,0.0,3.0,support_rows,2.0,monopoly_per_asset,1.5483786286534198,2.9807367285560584,0.6175,0.0,ok
"('t', ('1002', 'tokyo_4_merged.csv'))",8,2.0,0.0,3.0,support_rows,2.0,chawla_ubp,1.672472477401026,3.1955468023651936,0.3275,0.0,ok
"('t', ('1002', 'tokyo_4_merged.csv'))",8,2.0,0.0,3.0,support_rows,2.0,chawla_lpip,1.593870076017127,2.980279296389787,0.8125,0.0,ok
"('t', ('1002', 'tokyo_4_merged.csv'))",8,2.0,0.0,3.0,answer_cells,0.0,uniform,0.29340151418891436,0.6986801060057484,0.125,0.0,ok
"('t', ('1002', 'tokyo_4_merged.csv'))",8,2.0,0.0,3.0,answer_cells,0.0,qirana_weighted_coverage,0.11642877254037347,0.790161182754984,0.68,0.0,ok
"('t', ('1002', 'tokyo_4_merged.csv'))",8,2.0,0.0,3.0,answer_cells,0.0,querymarket_viewcover,0.2938152134485375,0.7092746412222113,0.9525,0.0,ok
"('t', ('1002', 'tokyo_4_merged.csv'))",8,2.0,0.0,3.0,answer_cells,0.0,monopoly_per_asset,0.3176445785130573,0.643467896869269,0.635,0.0,ok
"('t', ('1002', 'tokyo_4_merged.csv'))",8,2.0,0.0,3.0,answer_cells,0.0,chawla_ubp,0.31836915713632136,0.6662461131540901,0.1125,0.0,ok
"('t', ('1002', 'tokyo_4_merged.csv'))",8,2.0,0.0,3.0,answer_cells,0.0,chawla_lpip,0.31452900306202863,0.6696989350729032,0.9375,0.0,ok
"('t', ('1002', 'tokyo_4_merged.csv'))",8,2.0,0.0,3.0,answer_cells,1.0,uniform,0.2451850788167385,0.5827810933358671,0.0675,0.0,ok
"('t', ('1002', 'tokyo_4_merged.csv'))",8,2.0,0.0,3.0,answer_cells,1.0,qirana_weighted_coverage,0.09922766025551044,0.6721450757098789,0.465,0.0,ok
"('t', ('1002', 'tokyo_4_merged.csv'))",8,2.0,0.0,3.0,answer_cells,1.0,querymarket_viewcover,0.2458852484103303,0.6000365302153218,0.9725,0.0,ok
"('t', ('1002', 'tokyo_4_merged.csv'))",8,2.0,0.0,3.0,answer_cells,1.0,monopoly_per_asset,0.19718946677281385,0.32460309771078044,0.4525,1.0,ok
"('t', ('1002', 'tokyo_4_merged.csv'))",8,2.0,0.0,3.0,answer_cells,1.0,chawla_ubp,0.35238220222991423,0.5315135933783331,0.0575,0.0,ok
"('t', ('1002', 'tokyo_4_merged.csv'))",8,2.0,0.0,3.0,answer_cells,1.0,chawla_lpip,0.30980893796148257,0.5639491922507952,0.965,0.0,ok
"('t', ('1002', 'tokyo_4_merged.csv'))",8,2.0,0.0,3.0,answer_cells,2.0,uniform,1.5281916142353935,3.482887642790222,0.3925,0.0,ok
"('t', ('1002', 'tokyo_4_merged.csv'))",8,2.0,0.0,3.0,answer_cells,2.0,qirana_weighted_coverage,0.5404084443316477,3.7166940936124004,0.8175,0.0,ok
"('t', ('1002', 'tokyo_4_merged.csv'))",8,2.0,0.0,3.0,answer_cells,2.0,querymarket_viewcover,1.5286290608083215,3.494012161586983,0.92,0.0,ok
"('t', ('1002', 'tokyo_4_merged.csv'))",8,2.0,0.0,3.0,answer_cells,2.0,monopoly_per_asset,1.5483786286534198,2.9807367285560584,0.6175,0.0,ok
"('t', ('1002', 'tokyo_4_merged.csv'))",8,2.0,0.0,3.0,answer_cells,2.0,chawla_ubp,1.672472477401026,3.1955468023651936,0.3275,0.0,ok
"('t', ('1002', 'tokyo_4_merged.csv'))",8,2.0,0.0,3.0,answer_cells,2.0,chawla_lpip,1.593870076017127,2.980279296389787,0.8125,0.0,ok
"('t', ('1059', 'table_cstar.csv8c6c3'))",5,,,,,,,,,,,too_small
"('t', ('813', 'table_oser11.csv'))",5,,,,,,,,,,,too_small
"('t', ('412', 'd1_trip_files_124_123_122.prot.txt'))",4,,,,,,,,,,,too_small
"('t', ('277', 'table_sfl.csvce187'))",1,,,,,,,,,,,too_small
"('t', ('412', '103b_230_01.txt'))",2,,,,,,,,,,,too_small
