mechanism,information_arbitrage,combination_arbitrage,max_gain_mean_of_run_maxima,max_gain_global
uniform,0.0,0.0,0.0,0.0
size_proportional,0.0,0.0,0.0,0.0
compute_metered,0.45233366434955313,0.34684684684684686,0.9850928465587458,0.9850928465587458
monopoly_per_asset,0.3367428003972195,0.3490990990990991,0.957890730287,0.9897470174455593
monotone_constrained,0.0,0.00045045045045045046,0.06927177955794,0.6957080507967887
qirana_weighted_coverage,0.005958291956305859,0.0045045045045045045,1.0,1.0
qirana_uniform_gain,0.005958291956305859,0.0045045045045045045,1.0,1.0
qirana_shannon,0.005958291956305859,0.0045045045045045045,1.0,1.0
querymarket_viewcover,0.0009930486593843098,0.0,0.0,0.0
chawla_ubp,0.0,0.0,0.0,0.0
chawla_uip,0.005958291956305859,0.0045045045045045045,1.0,1.0
chawla_lpip,0.0017874875868917578,0.0022522522522522522,0.5,1.0
chawla_cip,0.00814299900695134,0.004054054054054054,0.9,1.0
chawla_layering,0.0031777557100297915,0.0022522522522522522,0.5,1.0
chawla_xos,0.005362462760675273,0.004054054054054054,0.9,1.0
